<?xml version="1.0" ?><gpx xmlns="http://www.topografix.com/GPX/1/1" creator="GaiaGPS" version="1.1" xmlns:xsi="http://www.w3.org/2001/XMLSchema-instance" xsi:schemaLocation="http://www.topografix.com/GPX/1/1 http://www.topografix.com/GPX/1/1/gpx.xsd"><trk><name>Friday Morning Hard Trail Run</name><desc></desc><extensions><line xmlns="http://www.topografix.com/GPX/gpx_style/0/2"><color>0479FF</color></line></extensions><trkseg><trkpt lat="37.283107" lon="-83.515801"><ele>448.3</ele><time>2025-09-19T12:32:56Z</time></trkpt><trkpt lat="37.283107" lon="-83.515808"><ele>457.4</ele><time>2025-09-19T12:34:42Z</time></trkpt><trkpt lat="37.28302" lon="-83.515873"><ele>456.6</ele><time>2025-09-19T12:34:59Z</time></trkpt><trkpt lat="37.282952" lon="-83.51595"><ele>456.3</ele><time>2025-09-19T12:35:01Z</time></trkpt><trkpt lat="37.282762" lon="-83.516306"><ele>454.2</ele><time>2025-09-19T12:35:07Z</time></trkpt><trkpt lat="37.282687" lon="-83.516397"><ele>453.5</ele><time>2025-09-19T12:35:09Z</time></trkpt><trkpt lat="37.282646" lon="-83.516438"><ele>452.8</ele><time>2025-09-19T12:35:10Z</time></trkpt><trkpt lat="37.282423" lon="-83.516606"><ele>453.3</ele><time>2025-09-19T12:35:15Z</time></trkpt><trkpt lat="37.28228" lon="-83.516761"><ele>455.1</ele><time>2025-09-19T12:35:18Z</time></trkpt><trkpt lat="37.282152" lon="-83.516881"><ele>456.8</ele><time>2025-09-19T12:35:21Z</time></trkpt><trkpt lat="37.282131" lon="-83.516912"><ele>456.9</ele><time>2025-09-19T12:35:22Z</time></trkpt><trkpt lat="37.282015" lon="-83.517316"><ele>459.4</ele><time>2025-09-19T12:35:30Z</time></trkpt><trkpt lat="37.281995" lon="-83.51744"><ele>460.1</ele><time>2025-09-19T12:35:32Z</time></trkpt><trkpt lat="37.281998" lon="-83.517506"><ele>460.2</ele><time>2025-09-19T12:35:33Z</time></trkpt><trkpt lat="37.282016" lon="-83.517577"><ele>460.5</ele><time>2025-09-19T12:35:34Z</time></trkpt><trkpt lat="37.282225" lon="-83.518121"><ele>461.8</ele><time>2025-09-19T12:35:41Z</time></trkpt><trkpt lat="37.28227" lon="-83.518215"><ele>461.4</ele><time>2025-09-19T12:35:42Z</time></trkpt><trkpt lat="37.282473" lon="-83.518557"><ele>459.9</ele><time>2025-09-19T12:35:46Z</time></trkpt><trkpt lat="37.282635" lon="-83.518888"><ele>458.2</ele><time>2025-09-19T12:35:50Z</time></trkpt><trkpt lat="37.282662" lon="-83.518968"><ele>457.7</ele><time>2025-09-19T12:35:51Z</time></trkpt><trkpt lat="37.282675" lon="-83.519055"><ele>457.6</ele><time>2025-09-19T12:35:52Z</time></trkpt><trkpt lat="37.282672" lon="-83.519229"><ele>457.3</ele><time>2025-09-19T12:35:54Z</time></trkpt><trkpt lat="37.282661" lon="-83.519314"><ele>457.1</ele><time>2025-09-19T12:35:55Z</time></trkpt><trkpt lat="37.282571" lon="-83.519533"><ele>456.3</ele><time>2025-09-19T12:35:58Z</time></trkpt><trkpt lat="37.282515" lon="-83.519632"><ele>455.5</ele><time>2025-09-19T12:36:00Z</time></trkpt><trkpt lat="37.282456" lon="-83.519705"><ele>454.2</ele><time>2025-09-19T12:36:02Z</time></trkpt><trkpt lat="37.282424" lon="-83.519729"><ele>454.9</ele><time>2025-09-19T12:36:03Z</time></trkpt><trkpt lat="37.282377" lon="-83.51974"><ele>454.5</ele><time>2025-09-19T12:36:04Z</time></trkpt><trkpt lat="37.282174" lon="-83.519709"><ele>454.3</ele><time>2025-09-19T12:36:07Z</time></trkpt><trkpt lat="37.281832" lon="-83.519624"><ele>453.8</ele><time>2025-09-19T12:36:11Z</time></trkpt><trkpt lat="37.281749" lon="-83.519616"><ele>453.8</ele><time>2025-09-19T12:36:12Z</time></trkpt><trkpt lat="37.281668" lon="-83.51962"><ele>453.5</ele><time>2025-09-19T12:36:13Z</time></trkpt><trkpt lat="37.281431" lon="-83.519668"><ele>453.8</ele><time>2025-09-19T12:36:16Z</time></trkpt><trkpt lat="37.281347" lon="-83.519669"><ele>454.1</ele><time>2025-09-19T12:36:17Z</time></trkpt><trkpt lat="37.281207" lon="-83.519665"><ele>455.2</ele><time>2025-09-19T12:36:19Z</time></trkpt><trkpt lat="37.280871" lon="-83.5196"><ele>459.6</ele><time>2025-09-19T12:36:25Z</time></trkpt><trkpt lat="37.280729" lon="-83.519593"><ele>461.3</ele><time>2025-09-19T12:36:27Z</time></trkpt><trkpt lat="37.280654" lon="-83.519618"><ele>461.4</ele><time>2025-09-19T12:36:28Z</time></trkpt><trkpt lat="37.280589" lon="-83.519653"><ele>462.7</ele><time>2025-09-19T12:36:29Z</time></trkpt><trkpt lat="37.280522" lon="-83.51969"><ele>463.6</ele><time>2025-09-19T12:36:30Z</time></trkpt><trkpt lat="37.280467" lon="-83.519737"><ele>464.2</ele><time>2025-09-19T12:36:31Z</time></trkpt><trkpt lat="37.280413" lon="-83.519791"><ele>465.0</ele><time>2025-09-19T12:36:32Z</time></trkpt><trkpt lat="37.280368" lon="-83.519858"><ele>465.3</ele><time>2025-09-19T12:36:33Z</time></trkpt><trkpt lat="37.28033" lon="-83.519941"><ele>465.6</ele><time>2025-09-19T12:36:34Z</time></trkpt><trkpt lat="37.280296" lon="-83.520138"><ele>465.8</ele><time>2025-09-19T12:36:36Z</time></trkpt><trkpt lat="37.280289" lon="-83.520344"><ele>464.6</ele><time>2025-09-19T12:36:38Z</time></trkpt><trkpt lat="37.280301" lon="-83.520561"><ele>464.0</ele><time>2025-09-19T12:36:40Z</time></trkpt><trkpt lat="37.280363" lon="-83.521247"><ele>462.8</ele><time>2025-09-19T12:36:45Z</time></trkpt><trkpt lat="37.280414" lon="-83.52159"><ele>462.7</ele><time>2025-09-19T12:36:48Z</time></trkpt><trkpt lat="37.280429" lon="-83.52181"><ele>462.0</ele><time>2025-09-19T12:36:50Z</time></trkpt><trkpt lat="37.280465" lon="-83.522028"><ele>461.7</ele><time>2025-09-19T12:36:52Z</time></trkpt><trkpt lat="37.280502" lon="-83.522112"><ele>461.8</ele><time>2025-09-19T12:36:53Z</time></trkpt><trkpt lat="37.280613" lon="-83.522286"><ele>461.4</ele><time>2025-09-19T12:36:55Z</time></trkpt><trkpt lat="37.280771" lon="-83.522708"><ele>461.9</ele><time>2025-09-19T12:36:59Z</time></trkpt><trkpt lat="37.280896" lon="-83.523154"><ele>462.5</ele><time>2025-09-19T12:37:04Z</time></trkpt><trkpt lat="37.28094" lon="-83.523524"><ele>463.0</ele><time>2025-09-19T12:37:07Z</time></trkpt><trkpt lat="37.280938" lon="-83.523656"><ele>463.0</ele><time>2025-09-19T12:37:08Z</time></trkpt><trkpt lat="37.280911" lon="-83.523912"><ele>463.6</ele><time>2025-09-19T12:37:10Z</time></trkpt><trkpt lat="37.280765" lon="-83.524575"><ele>462.4</ele><time>2025-09-19T12:37:16Z</time></trkpt><trkpt lat="37.280656" lon="-83.524851"><ele>461.5</ele><time>2025-09-19T12:37:19Z</time></trkpt><trkpt lat="37.280604" lon="-83.524933"><ele>461.3</ele><time>2025-09-19T12:37:20Z</time></trkpt><trkpt lat="37.280541" lon="-83.525"><ele>461.7</ele><time>2025-09-19T12:37:21Z</time></trkpt><trkpt lat="37.280469" lon="-83.525065"><ele>461.5</ele><time>2025-09-19T12:37:22Z</time></trkpt><trkpt lat="37.28023" lon="-83.52524"><ele>460.8</ele><time>2025-09-19T12:37:25Z</time></trkpt><trkpt lat="37.279826" lon="-83.52549"><ele>459.5</ele><time>2025-09-19T12:37:30Z</time></trkpt><trkpt lat="37.279684" lon="-83.525614"><ele>458.9</ele><time>2025-09-19T12:37:32Z</time></trkpt><trkpt lat="37.27962" lon="-83.525683"><ele>458.5</ele><time>2025-09-19T12:37:33Z</time></trkpt><trkpt lat="37.279508" lon="-83.52584"><ele>458.2</ele><time>2025-09-19T12:37:35Z</time></trkpt><trkpt lat="37.279424" lon="-83.526031"><ele>456.8</ele><time>2025-09-19T12:37:37Z</time></trkpt><trkpt lat="37.279359" lon="-83.526251"><ele>455.2</ele><time>2025-09-19T12:37:39Z</time></trkpt><trkpt lat="37.279267" lon="-83.526705"><ele>454.0</ele><time>2025-09-19T12:37:43Z</time></trkpt><trkpt lat="37.279237" lon="-83.526814"><ele>453.9</ele><time>2025-09-19T12:37:44Z</time></trkpt><trkpt lat="37.279135" lon="-83.527124"><ele>453.0</ele><time>2025-09-19T12:37:47Z</time></trkpt><trkpt lat="37.27892" lon="-83.527703"><ele>451.9</ele><time>2025-09-19T12:37:53Z</time></trkpt><trkpt lat="37.27862" lon="-83.528736"><ele>450.9</ele><time>2025-09-19T12:38:03Z</time></trkpt><trkpt lat="37.278537" lon="-83.528924"><ele>450.7</ele><time>2025-09-19T12:38:05Z</time></trkpt><trkpt lat="37.278396" lon="-83.529168"><ele>450.4</ele><time>2025-09-19T12:38:08Z</time></trkpt><trkpt lat="37.27822" lon="-83.529421"><ele>450.1</ele><time>2025-09-19T12:38:12Z</time></trkpt><trkpt lat="37.277924" lon="-83.529722"><ele>451.1</ele><time>2025-09-19T12:38:19Z</time></trkpt><trkpt lat="37.277751" lon="-83.529989"><ele>451.6</ele><time>2025-09-19T12:38:24Z</time></trkpt><trkpt lat="37.277485" lon="-83.530303"><ele>452.1</ele><time>2025-09-19T12:38:30Z</time></trkpt><trkpt lat="37.277375" lon="-83.530362"><ele>452.4</ele><time>2025-09-19T12:38:32Z</time></trkpt><trkpt lat="37.277263" lon="-83.530396"><ele>452.7</ele><time>2025-09-19T12:38:34Z</time></trkpt><trkpt lat="37.277209" lon="-83.530384"><ele>452.6</ele><time>2025-09-19T12:38:35Z</time></trkpt><trkpt lat="37.277158" lon="-83.530359"><ele>452.5</ele><time>2025-09-19T12:38:36Z</time></trkpt><trkpt lat="37.277005" lon="-83.530232"><ele>452.0</ele><time>2025-09-19T12:38:39Z</time></trkpt><trkpt lat="37.276664" lon="-83.529982"><ele>452.0</ele><time>2025-09-19T12:38:47Z</time></trkpt><trkpt lat="37.276213" lon="-83.529613"><ele>451.1</ele><time>2025-09-19T12:39:01Z</time></trkpt><trkpt lat="37.275935" lon="-83.529364"><ele>450.8</ele><time>2025-09-19T12:39:11Z</time></trkpt><trkpt lat="37.275754" lon="-83.529121"><ele>448.2</ele><time>2025-09-19T12:39:18Z</time></trkpt><trkpt lat="37.275677" lon="-83.529045"><ele>446.4</ele><time>2025-09-19T12:39:21Z</time></trkpt><trkpt lat="37.275566" lon="-83.529015"><ele>444.8</ele><time>2025-09-19T12:39:24Z</time></trkpt><trkpt lat="37.275311" lon="-83.529"><ele>440.0</ele><time>2025-09-19T12:39:31Z</time></trkpt><trkpt lat="37.275281" lon="-83.528969"><ele>440.6</ele><time>2025-09-19T12:39:33Z</time></trkpt><trkpt lat="37.275245" lon="-83.528833"><ele>439.6</ele><time>2025-09-19T12:39:37Z</time></trkpt><trkpt lat="37.275247" lon="-83.528793"><ele>439.8</ele><time>2025-09-19T12:39:38Z</time></trkpt><trkpt lat="37.275283" lon="-83.528717"><ele>439.8</ele><time>2025-09-19T12:39:40Z</time></trkpt><trkpt lat="37.275334" lon="-83.528674"><ele>438.0</ele><time>2025-09-19T12:39:42Z</time></trkpt><trkpt lat="37.275343" lon="-83.528625"><ele>438.0</ele><time>2025-09-19T12:39:44Z</time></trkpt><trkpt lat="37.275304" lon="-83.528542"><ele>437.0</ele><time>2025-09-19T12:49:12Z</time></trkpt><trkpt lat="37.275242" lon="-83.52848"><ele>438.0</ele><time>2025-09-19T12:59:06Z</time></trkpt><trkpt lat="37.275203" lon="-83.528409"><ele>438.8</ele><time>2025-09-19T12:59:09Z</time></trkpt><trkpt lat="37.27517" lon="-83.528373"><ele>437.0</ele><time>2025-09-19T12:59:10Z</time></trkpt><trkpt lat="37.275001" lon="-83.528266"><ele>433.9</ele><time>2025-09-19T12:59:17Z</time></trkpt><trkpt lat="37.274778" lon="-83.528186"><ele>430.4</ele><time>2025-09-19T12:59:24Z</time></trkpt><trkpt lat="37.274626" lon="-83.528158"><ele>426.0</ele><time>2025-09-19T12:59:36Z</time></trkpt><trkpt lat="37.274559" lon="-83.528118"><ele>428.0</ele><time>2025-09-19T12:59:48Z</time></trkpt><trkpt lat="37.274477" lon="-83.528039"><ele>428.0</ele><time>2025-09-19T12:59:58Z</time></trkpt><trkpt lat="37.274261" lon="-83.527759"><ele>427.4</ele><time>2025-09-19T13:00:06Z</time></trkpt><trkpt lat="37.274141" lon="-83.527651"><ele>426.0</ele><time>2025-09-19T13:00:11Z</time></trkpt><trkpt lat="37.274029" lon="-83.52758"><ele>429.0</ele><time>2025-09-19T13:00:16Z</time></trkpt><trkpt lat="37.273322" lon="-83.527281"><ele>433.0</ele><time>2025-09-19T13:00:35Z</time></trkpt><trkpt lat="37.272729" lon="-83.527079"><ele>435.3</ele><time>2025-09-19T13:00:47Z</time></trkpt><trkpt lat="37.272477" lon="-83.527016"><ele>435.5</ele><time>2025-09-19T13:00:51Z</time></trkpt><trkpt lat="37.272333" lon="-83.526993"><ele>435.8</ele><time>2025-09-19T13:00:53Z</time></trkpt><trkpt lat="37.271969" lon="-83.526973"><ele>436.2</ele><time>2025-09-19T13:00:58Z</time></trkpt><trkpt lat="37.271632" lon="-83.52693"><ele>434.3</ele><time>2025-09-19T13:01:03Z</time></trkpt><trkpt lat="37.271474" lon="-83.526854"><ele>433.6</ele><time>2025-09-19T13:01:06Z</time></trkpt><trkpt lat="37.271399" lon="-83.526783"><ele>433.3</ele><time>2025-09-19T13:01:08Z</time></trkpt><trkpt lat="37.271355" lon="-83.526708"><ele>433.1</ele><time>2025-09-19T13:01:10Z</time></trkpt><trkpt lat="37.271327" lon="-83.526622"><ele>432.9</ele><time>2025-09-19T13:01:12Z</time></trkpt><trkpt lat="37.27132" lon="-83.526565"><ele>433.0</ele><time>2025-09-19T13:01:13Z</time></trkpt><trkpt lat="37.271339" lon="-83.526444"><ele>433.3</ele><time>2025-09-19T13:01:15Z</time></trkpt><trkpt lat="37.27136" lon="-83.526388"><ele>433.5</ele><time>2025-09-19T13:01:16Z</time></trkpt><trkpt lat="37.271417" lon="-83.526299"><ele>434.0</ele><time>2025-09-19T13:01:18Z</time></trkpt><trkpt lat="37.271745" lon="-83.5259"><ele>434.2</ele><time>2025-09-19T13:01:29Z</time></trkpt><trkpt lat="37.271772" lon="-83.525843"><ele>434.2</ele><time>2025-09-19T13:01:30Z</time></trkpt><trkpt lat="37.271827" lon="-83.52564"><ele>434.5</ele><time>2025-09-19T13:01:34Z</time></trkpt><trkpt lat="37.271931" lon="-83.525459"><ele>435.0</ele><time>2025-09-19T13:01:38Z</time></trkpt><trkpt lat="37.272086" lon="-83.525266"><ele>434.9</ele><time>2025-09-19T13:01:43Z</time></trkpt><trkpt lat="37.272634" lon="-83.524718"><ele>436.7</ele><time>2025-09-19T13:01:57Z</time></trkpt><trkpt lat="37.272747" lon="-83.524546"><ele>437.4</ele><time>2025-09-19T13:02:01Z</time></trkpt><trkpt lat="37.272856" lon="-83.524425"><ele>436.9</ele><time>2025-09-19T13:02:04Z</time></trkpt><trkpt lat="37.272945" lon="-83.524368"><ele>436.5</ele><time>2025-09-19T13:02:06Z</time></trkpt><trkpt lat="37.272994" lon="-83.524349"><ele>436.0</ele><time>2025-09-19T13:02:07Z</time></trkpt><trkpt lat="37.273176" lon="-83.524348"><ele>433.8</ele><time>2025-09-19T13:02:10Z</time></trkpt><trkpt lat="37.273301" lon="-83.524322"><ele>433.1</ele><time>2025-09-19T13:02:12Z</time></trkpt><trkpt lat="37.273363" lon="-83.524299"><ele>432.7</ele><time>2025-09-19T13:02:13Z</time></trkpt><trkpt lat="37.273569" lon="-83.524199"><ele>433.0</ele><time>2025-09-19T13:02:17Z</time></trkpt><trkpt lat="37.274027" lon="-83.523928"><ele>432.8</ele><time>2025-09-19T13:02:27Z</time></trkpt><trkpt lat="37.274131" lon="-83.523848"><ele>432.6</ele><time>2025-09-19T13:02:29Z</time></trkpt><trkpt lat="37.27419" lon="-83.523783"><ele>432.5</ele><time>2025-09-19T13:02:31Z</time></trkpt><trkpt lat="37.274327" lon="-83.52359"><ele>430.7</ele><time>2025-09-19T13:02:39Z</time></trkpt><trkpt lat="37.274373" lon="-83.523496"><ele>430.5</ele><time>2025-09-19T13:02:41Z</time></trkpt><trkpt lat="37.274392" lon="-83.523433"><ele>430.5</ele><time>2025-09-19T13:02:42Z</time></trkpt><trkpt lat="37.274408" lon="-83.523285"><ele>429.9</ele><time>2025-09-19T13:02:44Z</time></trkpt><trkpt lat="37.274393" lon="-83.523128"><ele>429.7</ele><time>2025-09-19T13:02:46Z</time></trkpt><trkpt lat="37.274364" lon="-83.523048"><ele>429.9</ele><time>2025-09-19T13:02:47Z</time></trkpt><trkpt lat="37.274267" lon="-83.522918"><ele>429.8</ele><time>2025-09-19T13:02:49Z</time></trkpt><trkpt lat="37.274207" lon="-83.52287"><ele>429.9</ele><time>2025-09-19T13:02:50Z</time></trkpt><trkpt lat="37.274078" lon="-83.522818"><ele>430.1</ele><time>2025-09-19T13:02:52Z</time></trkpt><trkpt lat="37.27401" lon="-83.522814"><ele>430.5</ele><time>2025-09-19T13:02:53Z</time></trkpt><trkpt lat="37.273662" lon="-83.522831"><ele>432.5</ele><time>2025-09-19T13:02:58Z</time></trkpt><trkpt lat="37.273534" lon="-83.522819"><ele>433.6</ele><time>2025-09-19T13:03:00Z</time></trkpt><trkpt lat="37.273476" lon="-83.5228"><ele>434.3</ele><time>2025-09-19T13:03:01Z</time></trkpt><trkpt lat="37.273322" lon="-83.522722"><ele>436.2</ele><time>2025-09-19T13:03:04Z</time></trkpt><trkpt lat="37.273192" lon="-83.52262"><ele>437.9</ele><time>2025-09-19T13:03:07Z</time></trkpt><trkpt lat="37.272942" lon="-83.522398"><ele>439.2</ele><time>2025-09-19T13:03:12Z</time></trkpt><trkpt lat="37.272816" lon="-83.522365"><ele>439.4</ele><time>2025-09-19T13:03:14Z</time></trkpt><trkpt lat="37.272703" lon="-83.522367"><ele>439.3</ele><time>2025-09-19T13:03:16Z</time></trkpt><trkpt lat="37.272648" lon="-83.522379"><ele>439.5</ele><time>2025-09-19T13:03:17Z</time></trkpt><trkpt lat="37.272594" lon="-83.522404"><ele>440.0</ele><time>2025-09-19T13:03:18Z</time></trkpt><trkpt lat="37.272405" lon="-83.522582"><ele>439.8</ele><time>2025-09-19T13:03:22Z</time></trkpt><trkpt lat="37.272263" lon="-83.522701"><ele>440.4</ele><time>2025-09-19T13:03:25Z</time></trkpt><trkpt lat="37.272118" lon="-83.522802"><ele>440.4</ele><time>2025-09-19T13:03:28Z</time></trkpt><trkpt lat="37.271981" lon="-83.522867"><ele>440.9</ele><time>2025-09-19T13:03:31Z</time></trkpt><trkpt lat="37.271722" lon="-83.522966"><ele>442.3</ele><time>2025-09-19T13:03:36Z</time></trkpt><trkpt lat="37.271619" lon="-83.523031"><ele>442.5</ele><time>2025-09-19T13:03:38Z</time></trkpt><trkpt lat="37.271161" lon="-83.523487"><ele>445.7</ele><time>2025-09-19T13:03:49Z</time></trkpt><trkpt lat="37.27075" lon="-83.523854"><ele>449.4</ele><time>2025-09-19T13:03:58Z</time></trkpt><trkpt lat="37.270501" lon="-83.52409"><ele>452.7</ele><time>2025-09-19T13:04:02Z</time></trkpt><trkpt lat="37.270392" lon="-83.524166"><ele>454.1</ele><time>2025-09-19T13:04:04Z</time></trkpt><trkpt lat="37.270276" lon="-83.524208"><ele>454.9</ele><time>2025-09-19T13:04:06Z</time></trkpt><trkpt lat="37.270092" lon="-83.524252"><ele>455.8</ele><time>2025-09-19T13:04:09Z</time></trkpt><trkpt lat="37.269986" lon="-83.524304"><ele>456.0</ele><time>2025-09-19T13:04:11Z</time></trkpt><trkpt lat="37.269897" lon="-83.524383"><ele>456.2</ele><time>2025-09-19T13:04:13Z</time></trkpt><trkpt lat="37.26974" lon="-83.524611"><ele>456.4</ele><time>2025-09-19T13:04:17Z</time></trkpt><trkpt lat="37.269699" lon="-83.524652"><ele>456.6</ele><time>2025-09-19T13:04:18Z</time></trkpt><trkpt lat="37.269648" lon="-83.524677"><ele>456.8</ele><time>2025-09-19T13:04:19Z</time></trkpt><trkpt lat="37.269548" lon="-83.524697"><ele>457.0</ele><time>2025-09-19T13:04:21Z</time></trkpt><trkpt lat="37.26921" lon="-83.524637"><ele>456.2</ele><time>2025-09-19T13:04:27Z</time></trkpt><trkpt lat="37.269091" lon="-83.524643"><ele>456.7</ele><time>2025-09-19T13:04:29Z</time></trkpt><trkpt lat="37.268868" lon="-83.524726"><ele>458.3</ele><time>2025-09-19T13:04:33Z</time></trkpt><trkpt lat="37.268701" lon="-83.524807"><ele>459.0</ele><time>2025-09-19T13:04:37Z</time></trkpt><trkpt lat="37.268464" lon="-83.524981"><ele>460.5</ele><time>2025-09-19T13:04:43Z</time></trkpt><trkpt lat="37.268348" lon="-83.52509"><ele>461.5</ele><time>2025-09-19T13:04:46Z</time></trkpt><trkpt lat="37.268299" lon="-83.525105"><ele>461.8</ele><time>2025-09-19T13:04:47Z</time></trkpt><trkpt lat="37.268249" lon="-83.525098"><ele>461.7</ele><time>2025-09-19T13:04:48Z</time></trkpt><trkpt lat="37.268099" lon="-83.525007"><ele>460.6</ele><time>2025-09-19T13:04:51Z</time></trkpt><trkpt lat="37.268023" lon="-83.524919"><ele>460.6</ele><time>2025-09-19T13:04:53Z</time></trkpt><trkpt lat="37.267926" lon="-83.524758"><ele>460.5</ele><time>2025-09-19T13:04:56Z</time></trkpt><trkpt lat="37.267709" lon="-83.524333"><ele>459.6</ele><time>2025-09-19T13:05:02Z</time></trkpt><trkpt lat="37.267661" lon="-83.524274"><ele>459.4</ele><time>2025-09-19T13:05:03Z</time></trkpt><trkpt lat="37.267464" lon="-83.524098"><ele>459.6</ele><time>2025-09-19T13:05:07Z</time></trkpt><trkpt lat="37.267425" lon="-83.524045"><ele>459.8</ele><time>2025-09-19T13:05:08Z</time></trkpt><trkpt lat="37.267309" lon="-83.523806"><ele>459.6</ele><time>2025-09-19T13:05:12Z</time></trkpt><trkpt lat="37.267241" lon="-83.523688"><ele>459.8</ele><time>2025-09-19T13:05:14Z</time></trkpt><trkpt lat="37.267199" lon="-83.523639"><ele>459.7</ele><time>2025-09-19T13:05:15Z</time></trkpt><trkpt lat="37.267102" lon="-83.523568"><ele>459.3</ele><time>2025-09-19T13:05:17Z</time></trkpt><trkpt lat="37.267048" lon="-83.523545"><ele>459.3</ele><time>2025-09-19T13:05:18Z</time></trkpt><trkpt lat="37.266993" lon="-83.523536"><ele>459.5</ele><time>2025-09-19T13:05:19Z</time></trkpt><trkpt lat="37.266743" lon="-83.52353"><ele>459.5</ele><time>2025-09-19T13:05:23Z</time></trkpt><trkpt lat="37.266683" lon="-83.523511"><ele>458.8</ele><time>2025-09-19T13:05:24Z</time></trkpt><trkpt lat="37.266572" lon="-83.523454"><ele>458.1</ele><time>2025-09-19T13:05:26Z</time></trkpt><trkpt lat="37.266521" lon="-83.523415"><ele>458.2</ele><time>2025-09-19T13:05:27Z</time></trkpt><trkpt lat="37.266432" lon="-83.523319"><ele>457.8</ele><time>2025-09-19T13:05:29Z</time></trkpt><trkpt lat="37.266305" lon="-83.523137"><ele>457.2</ele><time>2025-09-19T13:05:33Z</time></trkpt><trkpt lat="37.266042" lon="-83.522579"><ele>456.0</ele><time>2025-09-19T13:05:49Z</time></trkpt><trkpt lat="37.266019" lon="-83.522466"><ele>458.0</ele><time>2025-09-19T13:05:53Z</time></trkpt><trkpt lat="37.26604" lon="-83.522316"><ele>456.0</ele><time>2025-09-19T13:05:59Z</time></trkpt><trkpt lat="37.266014" lon="-83.522252"><ele>456.7</ele><time>2025-09-19T13:06:02Z</time></trkpt><trkpt lat="37.265988" lon="-83.522233"><ele>456.3</ele><time>2025-09-19T13:06:03Z</time></trkpt><trkpt lat="37.265956" lon="-83.522229"><ele>456.0</ele><time>2025-09-19T13:06:04Z</time></trkpt><trkpt lat="37.265887" lon="-83.522255"><ele>455.3</ele><time>2025-09-19T13:06:06Z</time></trkpt><trkpt lat="37.265853" lon="-83.522301"><ele>454.9</ele><time>2025-09-19T13:06:07Z</time></trkpt><trkpt lat="37.265832" lon="-83.522362"><ele>454.6</ele><time>2025-09-19T13:06:08Z</time></trkpt><trkpt lat="37.265831" lon="-83.522445"><ele>453.7</ele><time>2025-09-19T13:06:09Z</time></trkpt><trkpt lat="37.266001" lon="-83.52293"><ele>446.6</ele><time>2025-09-19T13:06:14Z</time></trkpt><trkpt lat="37.266184" lon="-83.5235"><ele>441.9</ele><time>2025-09-19T13:06:21Z</time></trkpt><trkpt lat="37.266323" lon="-83.523852"><ele>438.1</ele><time>2025-09-19T13:06:25Z</time></trkpt><trkpt lat="37.266433" lon="-83.524041"><ele>435.1</ele><time>2025-09-19T13:06:27Z</time></trkpt><trkpt lat="37.266504" lon="-83.524119"><ele>433.4</ele><time>2025-09-19T13:06:28Z</time></trkpt><trkpt lat="37.266667" lon="-83.524248"><ele>429.6</ele><time>2025-09-19T13:06:30Z</time></trkpt><trkpt lat="37.266742" lon="-83.524332"><ele>427.8</ele><time>2025-09-19T13:06:31Z</time></trkpt><trkpt lat="37.2668" lon="-83.524446"><ele>426.1</ele><time>2025-09-19T13:06:32Z</time></trkpt><trkpt lat="37.266941" lon="-83.524835"><ele>421.7</ele><time>2025-09-19T13:06:35Z</time></trkpt><trkpt lat="37.267213" lon="-83.525344"><ele>415.4</ele><time>2025-09-19T13:06:40Z</time></trkpt><trkpt lat="37.267506" lon="-83.525964"><ele>408.8</ele><time>2025-09-19T13:06:46Z</time></trkpt><trkpt lat="37.267639" lon="-83.526197"><ele>406.2</ele><time>2025-09-19T13:06:48Z</time></trkpt><trkpt lat="37.267881" lon="-83.526582"><ele>402.0</ele><time>2025-09-19T13:06:51Z</time></trkpt><trkpt lat="37.268126" lon="-83.527046"><ele>397.8</ele><time>2025-09-19T13:06:55Z</time></trkpt><trkpt lat="37.26824" lon="-83.52723"><ele>396.6</ele><time>2025-09-19T13:06:57Z</time></trkpt><trkpt lat="37.268381" lon="-83.527392"><ele>395.2</ele><time>2025-09-19T13:06:59Z</time></trkpt><trkpt lat="37.268559" lon="-83.527532"><ele>393.6</ele><time>2025-09-19T13:07:01Z</time></trkpt><trkpt lat="37.268835" lon="-83.527666"><ele>390.3</ele><time>2025-09-19T13:07:04Z</time></trkpt><trkpt lat="37.269011" lon="-83.52772"><ele>388.1</ele><time>2025-09-19T13:07:06Z</time></trkpt><trkpt lat="37.269257" lon="-83.527767"><ele>385.7</ele><time>2025-09-19T13:07:09Z</time></trkpt><trkpt lat="37.269331" lon="-83.527807"><ele>385.1</ele><time>2025-09-19T13:07:10Z</time></trkpt><trkpt lat="37.269397" lon="-83.527873"><ele>385.2</ele><time>2025-09-19T13:07:11Z</time></trkpt><trkpt lat="37.269481" lon="-83.528059"><ele>385.8</ele><time>2025-09-19T13:07:13Z</time></trkpt><trkpt lat="37.269652" lon="-83.528698"><ele>384.3</ele><time>2025-09-19T13:07:19Z</time></trkpt><trkpt lat="37.269695" lon="-83.528801"><ele>383.6</ele><time>2025-09-19T13:07:20Z</time></trkpt><trkpt lat="37.269816" lon="-83.528982"><ele>382.3</ele><time>2025-09-19T13:07:22Z</time></trkpt><trkpt lat="37.269863" lon="-83.529078"><ele>382.0</ele><time>2025-09-19T13:07:23Z</time></trkpt><trkpt lat="37.270064" lon="-83.52975"><ele>381.2</ele><time>2025-09-19T13:07:30Z</time></trkpt><trkpt lat="37.270205" lon="-83.530074"><ele>380.4</ele><time>2025-09-19T13:07:33Z</time></trkpt><trkpt lat="37.27033" lon="-83.530313"><ele>378.4</ele><time>2025-09-19T13:07:35Z</time></trkpt><trkpt lat="37.270382" lon="-83.530446"><ele>378.3</ele><time>2025-09-19T13:07:36Z</time></trkpt><trkpt lat="37.270627" lon="-83.531184"><ele>374.1</ele><time>2025-09-19T13:07:42Z</time></trkpt><trkpt lat="37.270659" lon="-83.5313"><ele>373.8</ele><time>2025-09-19T13:07:43Z</time></trkpt><trkpt lat="37.270674" lon="-83.531421"><ele>374.4</ele><time>2025-09-19T13:07:44Z</time></trkpt><trkpt lat="37.270676" lon="-83.531543"><ele>375.0</ele><time>2025-09-19T13:07:45Z</time></trkpt><trkpt lat="37.270648" lon="-83.532167"><ele>377.6</ele><time>2025-09-19T13:07:50Z</time></trkpt><trkpt lat="37.27066" lon="-83.532425"><ele>378.7</ele><time>2025-09-19T13:07:52Z</time></trkpt><trkpt lat="37.270734" lon="-83.533271"><ele>378.6</ele><time>2025-09-19T13:07:58Z</time></trkpt><trkpt lat="37.270739" lon="-83.533695"><ele>378.1</ele><time>2025-09-19T13:08:01Z</time></trkpt><trkpt lat="37.270722" lon="-83.533825"><ele>377.9</ele><time>2025-09-19T13:08:02Z</time></trkpt><trkpt lat="37.270688" lon="-83.533937"><ele>377.8</ele><time>2025-09-19T13:08:03Z</time></trkpt><trkpt lat="37.27064" lon="-83.53404"><ele>378.2</ele><time>2025-09-19T13:08:04Z</time></trkpt><trkpt lat="37.270417" lon="-83.534444"><ele>375.8</ele><time>2025-09-19T13:08:08Z</time></trkpt><trkpt lat="37.27032" lon="-83.534676"><ele>373.1</ele><time>2025-09-19T13:08:10Z</time></trkpt><trkpt lat="37.27025" lon="-83.534914"><ele>370.1</ele><time>2025-09-19T13:08:12Z</time></trkpt><trkpt lat="37.270154" lon="-83.53532"><ele>367.7</ele><time>2025-09-19T13:08:15Z</time></trkpt><trkpt lat="37.270071" lon="-83.5356"><ele>367.4</ele><time>2025-09-19T13:08:17Z</time></trkpt><trkpt lat="37.270042" lon="-83.535742"><ele>366.9</ele><time>2025-09-19T13:08:18Z</time></trkpt><trkpt lat="37.270006" lon="-83.536174"><ele>365.9</ele><time>2025-09-19T13:08:21Z</time></trkpt><trkpt lat="37.269947" lon="-83.536544"><ele>366.3</ele><time>2025-09-19T13:08:24Z</time></trkpt><trkpt lat="37.269926" lon="-83.536742"><ele>366.9</ele><time>2025-09-19T13:08:26Z</time></trkpt><trkpt lat="37.26993" lon="-83.536944"><ele>368.3</ele><time>2025-09-19T13:08:28Z</time></trkpt><trkpt lat="37.269977" lon="-83.537274"><ele>368.3</ele><time>2025-09-19T13:08:31Z</time></trkpt><trkpt lat="37.269996" lon="-83.537398"><ele>368.0</ele><time>2025-09-19T13:08:32Z</time></trkpt><trkpt lat="37.270057" lon="-83.537646"><ele>366.6</ele><time>2025-09-19T13:08:33Z</time></trkpt><trkpt lat="37.270221" lon="-83.53813"><ele>365.5</ele><time>2025-09-19T13:08:37Z</time></trkpt><trkpt lat="37.270322" lon="-83.538379"><ele>365.4</ele><time>2025-09-19T13:08:39Z</time></trkpt><trkpt lat="37.270448" lon="-83.538622"><ele>365.6</ele><time>2025-09-19T13:08:41Z</time></trkpt><trkpt lat="37.270523" lon="-83.538732"><ele>365.9</ele><time>2025-09-19T13:08:42Z</time></trkpt><trkpt lat="37.270602" lon="-83.538825"><ele>366.6</ele><time>2025-09-19T13:08:43Z</time></trkpt><trkpt lat="37.270775" lon="-83.538971"><ele>368.3</ele><time>2025-09-19T13:08:46Z</time></trkpt><trkpt lat="37.271039" lon="-83.539145"><ele>369.9</ele><time>2025-09-19T13:08:49Z</time></trkpt><trkpt lat="37.271298" lon="-83.539286"><ele>370.7</ele><time>2025-09-19T13:08:52Z</time></trkpt><trkpt lat="37.27149" lon="-83.53937"><ele>369.7</ele><time>2025-09-19T13:08:54Z</time></trkpt><trkpt lat="37.271596" lon="-83.539401"><ele>369.1</ele><time>2025-09-19T13:08:55Z</time></trkpt><trkpt lat="37.271706" lon="-83.539418"><ele>368.3</ele><time>2025-09-19T13:08:56Z</time></trkpt><trkpt lat="37.271809" lon="-83.539412"><ele>367.4</ele><time>2025-09-19T13:08:57Z</time></trkpt><trkpt lat="37.271904" lon="-83.53939"><ele>367.2</ele><time>2025-09-19T13:08:58Z</time></trkpt><trkpt lat="37.271992" lon="-83.539355"><ele>367.2</ele><time>2025-09-19T13:08:59Z</time></trkpt><trkpt lat="37.272076" lon="-83.539308"><ele>367.1</ele><time>2025-09-19T13:09:00Z</time></trkpt><trkpt lat="37.272153" lon="-83.539251"><ele>366.7</ele><time>2025-09-19T13:09:01Z</time></trkpt><trkpt lat="37.27229" lon="-83.539121"><ele>366.1</ele><time>2025-09-19T13:09:03Z</time></trkpt><trkpt lat="37.272363" lon="-83.539071"><ele>365.7</ele><time>2025-09-19T13:09:04Z</time></trkpt><trkpt lat="37.272459" lon="-83.539067"><ele>366.0</ele><time>2025-09-19T13:09:05Z</time></trkpt><trkpt lat="37.272549" lon="-83.539087"><ele>366.4</ele><time>2025-09-19T13:09:06Z</time></trkpt><trkpt lat="37.27262" lon="-83.539131"><ele>366.3</ele><time>2025-09-19T13:09:07Z</time></trkpt><trkpt lat="37.272699" lon="-83.539296"><ele>366.9</ele><time>2025-09-19T13:09:09Z</time></trkpt><trkpt lat="37.272748" lon="-83.539471"><ele>367.5</ele><time>2025-09-19T13:09:11Z</time></trkpt><trkpt lat="37.272787" lon="-83.539537"><ele>367.4</ele><time>2025-09-19T13:09:12Z</time></trkpt><trkpt lat="37.272898" lon="-83.53965"><ele>367.0</ele><time>2025-09-19T13:09:14Z</time></trkpt><trkpt lat="37.272967" lon="-83.539698"><ele>366.9</ele><time>2025-09-19T13:09:15Z</time></trkpt><trkpt lat="37.273928" lon="-83.540277"><ele>363.6</ele><time>2025-09-19T13:09:25Z</time></trkpt><trkpt lat="37.27427" lon="-83.540422"><ele>363.5</ele><time>2025-09-19T13:09:28Z</time></trkpt><trkpt lat="37.274488" lon="-83.540487"><ele>364.0</ele><time>2025-09-19T13:09:30Z</time></trkpt><trkpt lat="37.27482" lon="-83.540529"><ele>364.8</ele><time>2025-09-19T13:09:33Z</time></trkpt><trkpt lat="37.274929" lon="-83.540524"><ele>365.3</ele><time>2025-09-19T13:09:34Z</time></trkpt><trkpt lat="37.275244" lon="-83.540469"><ele>365.4</ele><time>2025-09-19T13:09:37Z</time></trkpt><trkpt lat="37.275685" lon="-83.540335"><ele>363.8</ele><time>2025-09-19T13:09:41Z</time></trkpt><trkpt lat="37.276293" lon="-83.540076"><ele>358.1</ele><time>2025-09-19T13:09:46Z</time></trkpt><trkpt lat="37.276806" lon="-83.539795"><ele>349.9</ele><time>2025-09-19T13:09:51Z</time></trkpt><trkpt lat="37.277235" lon="-83.539589"><ele>342.7</ele><time>2025-09-19T13:09:55Z</time></trkpt><trkpt lat="37.277608" lon="-83.539323"><ele>340.4</ele><time>2025-09-19T13:09:59Z</time></trkpt><trkpt lat="37.277699" lon="-83.539281"><ele>340.2</ele><time>2025-09-19T13:10:00Z</time></trkpt><trkpt lat="37.277794" lon="-83.539259"><ele>340.3</ele><time>2025-09-19T13:10:01Z</time></trkpt><trkpt lat="37.277894" lon="-83.539253"><ele>340.5</ele><time>2025-09-19T13:10:02Z</time></trkpt><trkpt lat="37.277996" lon="-83.539268"><ele>340.4</ele><time>2025-09-19T13:10:03Z</time></trkpt><trkpt lat="37.278201" lon="-83.539345"><ele>340.0</ele><time>2025-09-19T13:10:05Z</time></trkpt><trkpt lat="37.278295" lon="-83.539403"><ele>340.5</ele><time>2025-09-19T13:10:06Z</time></trkpt><trkpt lat="37.27838" lon="-83.539471"><ele>341.4</ele><time>2025-09-19T13:10:07Z</time></trkpt><trkpt lat="37.278654" lon="-83.539731"><ele>344.5</ele><time>2025-09-19T13:10:11Z</time></trkpt><trkpt lat="37.278724" lon="-83.539787"><ele>345.2</ele><time>2025-09-19T13:10:12Z</time></trkpt><trkpt lat="37.279053" lon="-83.539975"><ele>345.4</ele><time>2025-09-19T13:10:16Z</time></trkpt><trkpt lat="37.279139" lon="-83.540059"><ele>345.2</ele><time>2025-09-19T13:10:17Z</time></trkpt><trkpt lat="37.279345" lon="-83.540369"><ele>345.7</ele><time>2025-09-19T13:10:20Z</time></trkpt><trkpt lat="37.279424" lon="-83.540462"><ele>346.1</ele><time>2025-09-19T13:10:21Z</time></trkpt><trkpt lat="37.27967" lon="-83.540706"><ele>344.2</ele><time>2025-09-19T13:10:24Z</time></trkpt><trkpt lat="37.279922" lon="-83.540877"><ele>340.7</ele><time>2025-09-19T13:10:27Z</time></trkpt><trkpt lat="37.280059" lon="-83.541044"><ele>339.6</ele><time>2025-09-19T13:10:29Z</time></trkpt><trkpt lat="37.280133" lon="-83.541103"><ele>338.0</ele><time>2025-09-19T13:10:30Z</time></trkpt><trkpt lat="37.280223" lon="-83.541143"><ele>337.8</ele><time>2025-09-19T13:10:31Z</time></trkpt><trkpt lat="37.280507" lon="-83.54123"><ele>339.1</ele><time>2025-09-19T13:10:34Z</time></trkpt><trkpt lat="37.280754" lon="-83.541351"><ele>342.1</ele><time>2025-09-19T13:10:37Z</time></trkpt><trkpt lat="37.280909" lon="-83.541388"><ele>343.6</ele><time>2025-09-19T13:10:39Z</time></trkpt><trkpt lat="37.28106" lon="-83.541379"><ele>345.2</ele><time>2025-09-19T13:10:40Z</time></trkpt><trkpt lat="37.281145" lon="-83.541357"><ele>345.6</ele><time>2025-09-19T13:10:41Z</time></trkpt><trkpt lat="37.281233" lon="-83.541319"><ele>346.5</ele><time>2025-09-19T13:10:42Z</time></trkpt><trkpt lat="37.281511" lon="-83.541166"><ele>349.5</ele><time>2025-09-19T13:10:46Z</time></trkpt><trkpt lat="37.281749" lon="-83.541004"><ele>352.5</ele><time>2025-09-19T13:10:49Z</time></trkpt><trkpt lat="37.281903" lon="-83.540855"><ele>353.4</ele><time>2025-09-19T13:10:51Z</time></trkpt><trkpt lat="37.282195" lon="-83.540497"><ele>356.3</ele><time>2025-09-19T13:10:55Z</time></trkpt><trkpt lat="37.282317" lon="-83.540293"><ele>358.0</ele><time>2025-09-19T13:10:57Z</time></trkpt><trkpt lat="37.282418" lon="-83.540067"><ele>358.7</ele><time>2025-09-19T13:10:59Z</time></trkpt><trkpt lat="37.28249" lon="-83.539971"><ele>359.3</ele><time>2025-09-19T13:11:00Z</time></trkpt><trkpt lat="37.282861" lon="-83.539581"><ele>364.0</ele><time>2025-09-19T13:11:05Z</time></trkpt><trkpt lat="37.283172" lon="-83.539182"><ele>369.2</ele><time>2025-09-19T13:11:12Z</time></trkpt><trkpt lat="37.283271" lon="-83.539013"><ele>372.2</ele><time>2025-09-19T13:11:17Z</time></trkpt><trkpt lat="37.283301" lon="-83.539009"><ele>372.0</ele><time>2025-09-19T13:11:18Z</time></trkpt><trkpt lat="37.283339" lon="-83.539031"><ele>370.0</ele><time>2025-09-19T13:11:19Z</time></trkpt><trkpt lat="37.283364" lon="-83.539092"><ele>371.6</ele><time>2025-09-19T13:11:21Z</time></trkpt><trkpt lat="37.283378" lon="-83.539372"><ele>372.6</ele><time>2025-09-19T13:11:26Z</time></trkpt><trkpt lat="37.283418" lon="-83.539688"><ele>371.4</ele><time>2025-09-19T13:11:32Z</time></trkpt><trkpt lat="37.28343" lon="-83.540002"><ele>369.5</ele><time>2025-09-19T13:11:38Z</time></trkpt><trkpt lat="37.28342" lon="-83.540161"><ele>368.4</ele><time>2025-09-19T13:11:41Z</time></trkpt><trkpt lat="37.283376" lon="-83.540373"><ele>366.6</ele><time>2025-09-19T13:11:46Z</time></trkpt><trkpt lat="37.283344" lon="-83.540482"><ele>366.1</ele><time>2025-09-19T13:11:49Z</time></trkpt><trkpt lat="37.283313" lon="-83.540526"><ele>366.0</ele><time>2025-09-19T13:11:50Z</time></trkpt><trkpt lat="37.283036" lon="-83.540736"><ele>367.1</ele><time>2025-09-19T13:11:56Z</time></trkpt><trkpt lat="37.282951" lon="-83.540831"><ele>366.4</ele><time>2025-09-19T13:11:58Z</time></trkpt><trkpt lat="37.282832" lon="-83.540999"><ele>365.2</ele><time>2025-09-19T13:12:01Z</time></trkpt><trkpt lat="37.282766" lon="-83.54114"><ele>364.3</ele><time>2025-09-19T13:12:03Z</time></trkpt><trkpt lat="37.282742" lon="-83.54121"><ele>364.6</ele><time>2025-09-19T13:12:04Z</time></trkpt><trkpt lat="37.282722" lon="-83.541364"><ele>363.4</ele><time>2025-09-19T13:12:06Z</time></trkpt><trkpt lat="37.28275" lon="-83.541665"><ele>361.4</ele><time>2025-09-19T13:12:10Z</time></trkpt><trkpt lat="37.282744" lon="-83.541921"><ele>361.0</ele><time>2025-09-19T13:12:13Z</time></trkpt><trkpt lat="37.282716" lon="-83.542059"><ele>360.1</ele><time>2025-09-19T13:12:15Z</time></trkpt><trkpt lat="37.282693" lon="-83.542116"><ele>359.9</ele><time>2025-09-19T13:12:16Z</time></trkpt><trkpt lat="37.282659" lon="-83.542162"><ele>359.6</ele><time>2025-09-19T13:12:17Z</time></trkpt><trkpt lat="37.282613" lon="-83.542197"><ele>359.6</ele><time>2025-09-19T13:12:18Z</time></trkpt><trkpt lat="37.282554" lon="-83.5422"><ele>359.9</ele><time>2025-09-19T13:12:19Z</time></trkpt><trkpt lat="37.282503" lon="-83.542182"><ele>360.1</ele><time>2025-09-19T13:12:20Z</time></trkpt><trkpt lat="37.282414" lon="-83.542125"><ele>361.2</ele><time>2025-09-19T13:12:22Z</time></trkpt><trkpt lat="37.282311" lon="-83.542029"><ele>360.0</ele><time>2025-09-19T13:12:26Z</time></trkpt><trkpt lat="37.282099" lon="-83.541947"><ele>360.4</ele><time>2025-09-19T13:12:34Z</time></trkpt><trkpt lat="37.282009" lon="-83.54193"><ele>360.0</ele><time>2025-09-19T13:12:36Z</time></trkpt><trkpt lat="37.281952" lon="-83.541932"><ele>360.3</ele><time>2025-09-19T13:12:38Z</time></trkpt><trkpt lat="37.281796" lon="-83.541975"><ele>359.1</ele><time>2025-09-19T13:12:42Z</time></trkpt><trkpt lat="37.281649" lon="-83.542076"><ele>358.0</ele><time>2025-09-19T13:12:48Z</time></trkpt><trkpt lat="37.281548" lon="-83.542233"><ele>355.9</ele><time>2025-09-19T13:12:57Z</time></trkpt><trkpt lat="37.281512" lon="-83.542341"><ele>354.8</ele><time>2025-09-19T13:13:00Z</time></trkpt><trkpt lat="37.281432" lon="-83.542689"><ele>350.1</ele><time>2025-09-19T13:13:15Z</time></trkpt><trkpt lat="37.281422" lon="-83.542849"><ele>348.0</ele><time>2025-09-19T13:13:19Z</time></trkpt><trkpt lat="37.281431" lon="-83.543023"><ele>346.2</ele><time>2025-09-19T13:13:25Z</time></trkpt><trkpt lat="37.281399" lon="-83.543418"><ele>343.0</ele><time>2025-09-19T13:13:35Z</time></trkpt><trkpt lat="37.28137" lon="-83.54354"><ele>342.5</ele><time>2025-09-19T13:13:39Z</time></trkpt><trkpt lat="37.281341" lon="-83.543612"><ele>341.7</ele><time>2025-09-19T13:13:41Z</time></trkpt><trkpt lat="37.281245" lon="-83.54379"><ele>338.6</ele><time>2025-09-19T13:13:47Z</time></trkpt><trkpt lat="37.281238" lon="-83.543843"><ele>338.1</ele><time>2025-09-19T13:13:48Z</time></trkpt><trkpt lat="37.281197" lon="-83.54395"><ele>337.2</ele><time>2025-09-19T13:13:50Z</time></trkpt><trkpt lat="37.281151" lon="-83.544176"><ele>335.5</ele><time>2025-09-19T13:13:54Z</time></trkpt><trkpt lat="37.281211" lon="-83.544431"><ele>334.8</ele><time>2025-09-19T13:13:59Z</time></trkpt><trkpt lat="37.281266" lon="-83.544569"><ele>333.4</ele><time>2025-09-19T13:14:04Z</time></trkpt><trkpt lat="37.281293" lon="-83.544666"><ele>333.4</ele><time>2025-09-19T13:14:07Z</time></trkpt><trkpt lat="37.281285" lon="-83.544746"><ele>334.2</ele><time>2025-09-19T13:14:09Z</time></trkpt><trkpt lat="37.281282" lon="-83.545241"><ele>335.7</ele><time>2025-09-19T13:14:17Z</time></trkpt><trkpt lat="37.281354" lon="-83.545455"><ele>333.9</ele><time>2025-09-19T13:14:20Z</time></trkpt><trkpt lat="37.281379" lon="-83.545609"><ele>333.2</ele><time>2025-09-19T13:14:22Z</time></trkpt><trkpt lat="37.281366" lon="-83.545685"><ele>333.8</ele><time>2025-09-19T13:14:23Z</time></trkpt><trkpt lat="37.281334" lon="-83.545761"><ele>333.7</ele><time>2025-09-19T13:14:24Z</time></trkpt><trkpt lat="37.281324" lon="-83.545896"><ele>332.8</ele><time>2025-09-19T13:14:26Z</time></trkpt><trkpt lat="37.281353" lon="-83.54638"><ele>332.6</ele><time>2025-09-19T13:14:33Z</time></trkpt><trkpt lat="37.281345" lon="-83.546748"><ele>334.9</ele><time>2025-09-19T13:14:39Z</time></trkpt><trkpt lat="37.281279" lon="-83.547193"><ele>332.9</ele><time>2025-09-19T13:14:47Z</time></trkpt><trkpt lat="37.281243" lon="-83.547258"><ele>333.1</ele><time>2025-09-19T13:14:49Z</time></trkpt><trkpt lat="37.281144" lon="-83.547342"><ele>335.6</ele><time>2025-09-19T13:14:52Z</time></trkpt><trkpt lat="37.281126" lon="-83.547447"><ele>336.1</ele><time>2025-09-19T13:14:54Z</time></trkpt><trkpt lat="37.281122" lon="-83.547598"><ele>336.1</ele><time>2025-09-19T13:14:57Z</time></trkpt><trkpt lat="37.281099" lon="-83.547662"><ele>335.7</ele><time>2025-09-19T13:14:59Z</time></trkpt><trkpt lat="37.280955" lon="-83.547878"><ele>338.0</ele><time>2025-09-19T13:15:07Z</time></trkpt><trkpt lat="37.280785" lon="-83.548099"><ele>340.5</ele><time>2025-09-19T13:15:12Z</time></trkpt><trkpt lat="37.280714" lon="-83.548206"><ele>341.2</ele><time>2025-09-19T13:15:14Z</time></trkpt><trkpt lat="37.280629" lon="-83.548395"><ele>339.9</ele><time>2025-09-19T13:15:17Z</time></trkpt><trkpt lat="37.280543" lon="-83.548663"><ele>340.3</ele><time>2025-09-19T13:15:21Z</time></trkpt><trkpt lat="37.280461" lon="-83.549053"><ele>339.4</ele><time>2025-09-19T13:15:26Z</time></trkpt><trkpt lat="37.28037" lon="-83.549373"><ele>340.8</ele><time>2025-09-19T13:15:30Z</time></trkpt><trkpt lat="37.280341" lon="-83.549554"><ele>340.0</ele><time>2025-09-19T13:15:32Z</time></trkpt><trkpt lat="37.280336" lon="-83.549975"><ele>340.9</ele><time>2025-09-19T13:15:37Z</time></trkpt><trkpt lat="37.280359" lon="-83.550212"><ele>340.6</ele><time>2025-09-19T13:15:40Z</time></trkpt><trkpt lat="37.280425" lon="-83.55047"><ele>339.0</ele><time>2025-09-19T13:15:44Z</time></trkpt><trkpt lat="37.280506" lon="-83.55088"><ele>336.2</ele><time>2025-09-19T13:15:55Z</time></trkpt><trkpt lat="37.280643" lon="-83.551407"><ele>331.6</ele><time>2025-09-19T13:16:09Z</time></trkpt><trkpt lat="37.280679" lon="-83.551509"><ele>331.0</ele><time>2025-09-19T13:16:11Z</time></trkpt><trkpt lat="37.280726" lon="-83.5516"><ele>330.5</ele><time>2025-09-19T13:16:13Z</time></trkpt><trkpt lat="37.280812" lon="-83.551732"><ele>329.8</ele><time>2025-09-19T13:16:16Z</time></trkpt><trkpt lat="37.28083" lon="-83.551797"><ele>329.9</ele><time>2025-09-19T13:16:17Z</time></trkpt><trkpt lat="37.280837" lon="-83.551998"><ele>329.4</ele><time>2025-09-19T13:16:20Z</time></trkpt><trkpt lat="37.280823" lon="-83.552192"><ele>328.3</ele><time>2025-09-19T13:16:23Z</time></trkpt><trkpt lat="37.280856" lon="-83.552421"><ele>326.9</ele><time>2025-09-19T13:16:27Z</time></trkpt><trkpt lat="37.280889" lon="-83.552529"><ele>326.0</ele><time>2025-09-19T13:16:29Z</time></trkpt><trkpt lat="37.281043" lon="-83.552906"><ele>324.1</ele><time>2025-09-19T13:16:35Z</time></trkpt><trkpt lat="37.281116" lon="-83.553147"><ele>323.3</ele><time>2025-09-19T13:16:38Z</time></trkpt><trkpt lat="37.281175" lon="-83.553287"><ele>323.0</ele><time>2025-09-19T13:16:40Z</time></trkpt><trkpt lat="37.281251" lon="-83.553401"><ele>322.8</ele><time>2025-09-19T13:16:42Z</time></trkpt><trkpt lat="37.281308" lon="-83.553445"><ele>322.2</ele><time>2025-09-19T13:16:43Z</time></trkpt><trkpt lat="37.281434" lon="-83.553495"><ele>321.2</ele><time>2025-09-19T13:16:45Z</time></trkpt><trkpt lat="37.28162" lon="-83.553518"><ele>320.3</ele><time>2025-09-19T13:16:48Z</time></trkpt><trkpt lat="37.281671" lon="-83.553549"><ele>320.0</ele><time>2025-09-19T13:16:49Z</time></trkpt><trkpt lat="37.281708" lon="-83.553602"><ele>319.9</ele><time>2025-09-19T13:16:50Z</time></trkpt><trkpt lat="37.28171" lon="-83.553673"><ele>320.1</ele><time>2025-09-19T13:16:51Z</time></trkpt><trkpt lat="37.281691" lon="-83.553754"><ele>320.8</ele><time>2025-09-19T13:16:52Z</time></trkpt><trkpt lat="37.281549" lon="-83.554003"><ele>321.0</ele><time>2025-09-19T13:16:56Z</time></trkpt><trkpt lat="37.281525" lon="-83.554062"><ele>320.9</ele><time>2025-09-19T13:16:57Z</time></trkpt><trkpt lat="37.281495" lon="-83.554417"><ele>320.9</ele><time>2025-09-19T13:17:02Z</time></trkpt><trkpt lat="37.281528" lon="-83.55481"><ele>321.7</ele><time>2025-09-19T13:17:07Z</time></trkpt><trkpt lat="37.281496" lon="-83.555248"><ele>322.8</ele><time>2025-09-19T13:17:13Z</time></trkpt><trkpt lat="37.281497" lon="-83.555428"><ele>322.1</ele><time>2025-09-19T13:17:16Z</time></trkpt><trkpt lat="37.281543" lon="-83.555765"><ele>322.2</ele><time>2025-09-19T13:17:21Z</time></trkpt><trkpt lat="37.281706" lon="-83.556416"><ele>322.2</ele><time>2025-09-19T13:17:29Z</time></trkpt><trkpt lat="37.281746" lon="-83.55682"><ele>321.8</ele><time>2025-09-19T13:17:34Z</time></trkpt><trkpt lat="37.281736" lon="-83.556953"><ele>321.2</ele><time>2025-09-19T13:17:36Z</time></trkpt><trkpt lat="37.281688" lon="-83.557088"><ele>321.0</ele><time>2025-09-19T13:17:38Z</time></trkpt><trkpt lat="37.281601" lon="-83.557268"><ele>320.6</ele><time>2025-09-19T13:17:41Z</time></trkpt><trkpt lat="37.281524" lon="-83.557504"><ele>319.2</ele><time>2025-09-19T13:17:45Z</time></trkpt><trkpt lat="37.281469" lon="-83.557625"><ele>318.1</ele><time>2025-09-19T13:17:47Z</time></trkpt><trkpt lat="37.28142" lon="-83.55777"><ele>316.3</ele><time>2025-09-19T13:17:50Z</time></trkpt><trkpt lat="37.281388" lon="-83.557924"><ele>314.5</ele><time>2025-09-19T13:17:53Z</time></trkpt><trkpt lat="37.28137" lon="-83.558099"><ele>313.2</ele><time>2025-09-19T13:17:56Z</time></trkpt><trkpt lat="37.281371" lon="-83.558232"><ele>312.9</ele><time>2025-09-19T13:17:58Z</time></trkpt><trkpt lat="37.281467" lon="-83.558702"><ele>313.0</ele><time>2025-09-19T13:18:06Z</time></trkpt><trkpt lat="37.281483" lon="-83.558909"><ele>312.0</ele><time>2025-09-19T13:18:17Z</time></trkpt><trkpt lat="37.281552" lon="-83.55913"><ele>310.0</ele><time>2025-09-19T13:18:31Z</time></trkpt><trkpt lat="37.281559" lon="-83.559189"><ele>312.6</ele><time>2025-09-19T13:18:34Z</time></trkpt><trkpt lat="37.281617" lon="-83.559322"><ele>310.0</ele><time>2025-09-19T13:18:44Z</time></trkpt><trkpt lat="37.281642" lon="-83.559546"><ele>310.0</ele><time>2025-09-19T13:18:54Z</time></trkpt><trkpt lat="37.281665" lon="-83.559634"><ele>309.8</ele><time>2025-09-19T13:18:58Z</time></trkpt><trkpt lat="37.281724" lon="-83.559724"><ele>308.0</ele><time>2025-09-19T13:19:04Z</time></trkpt><trkpt lat="37.28174" lon="-83.559804"><ele>309.0</ele><time>2025-09-19T13:19:09Z</time></trkpt><trkpt lat="37.281722" lon="-83.55991"><ele>310.0</ele><time>2025-09-19T13:19:12Z</time></trkpt><trkpt lat="37.281783" lon="-83.560005"><ele>308.0</ele><time>2025-09-19T13:19:17Z</time></trkpt><trkpt lat="37.281827" lon="-83.560102"><ele>308.0</ele><time>2025-09-19T13:19:21Z</time></trkpt><trkpt lat="37.281838" lon="-83.560169"><ele>308.9</ele><time>2025-09-19T13:19:24Z</time></trkpt><trkpt lat="37.281856" lon="-83.560194"><ele>309.0</ele><time>2025-09-19T13:19:26Z</time></trkpt><trkpt lat="37.281888" lon="-83.56021"><ele>309.0</ele><time>2025-09-19T13:19:29Z</time></trkpt><trkpt lat="37.281924" lon="-83.560214"><ele>308.0</ele><time>2025-09-19T13:19:31Z</time></trkpt><trkpt lat="37.282" lon="-83.5602"><ele>306.0</ele><time>2025-09-19T13:19:37Z</time></trkpt><trkpt lat="37.282162" lon="-83.560267"><ele>308.0</ele><time>2025-09-19T13:19:45Z</time></trkpt><trkpt lat="37.282241" lon="-83.56031"><ele>308.0</ele><time>2025-09-19T13:19:49Z</time></trkpt><trkpt lat="37.282486" lon="-83.560492"><ele>308.0</ele><time>2025-09-19T13:20:00Z</time></trkpt><trkpt lat="37.282575" lon="-83.560616"><ele>308.0</ele><time>2025-09-19T13:20:05Z</time></trkpt><trkpt lat="37.282632" lon="-83.560777"><ele>310.0</ele><time>2025-09-19T13:20:12Z</time></trkpt><trkpt lat="37.28264" lon="-83.560823"><ele>309.5</ele><time>2025-09-19T13:20:14Z</time></trkpt><trkpt lat="37.282627" lon="-83.56088"><ele>310.7</ele><time>2025-09-19T13:20:16Z</time></trkpt><trkpt lat="37.282633" lon="-83.560912"><ele>309.0</ele><time>2025-09-19T13:20:18Z</time></trkpt><trkpt lat="37.282677" lon="-83.56101"><ele>309.0</ele><time>2025-09-19T13:20:27Z</time></trkpt><trkpt lat="37.282751" lon="-83.561088"><ele>310.0</ele><time>2025-09-19T13:20:34Z</time></trkpt><trkpt lat="37.282869" lon="-83.561107"><ele>308.0</ele><time>2025-09-19T13:20:42Z</time></trkpt><trkpt lat="37.282898" lon="-83.561135"><ele>308.0</ele><time>2025-09-19T13:20:45Z</time></trkpt><trkpt lat="37.283102" lon="-83.561491"><ele>312.0</ele><time>2025-09-19T13:21:05Z</time></trkpt><trkpt lat="37.283161" lon="-83.561559"><ele>314.0</ele><time>2025-09-19T13:21:09Z</time></trkpt><trkpt lat="37.283277" lon="-83.561609"><ele>314.0</ele><time>2025-09-19T13:21:14Z</time></trkpt><trkpt lat="37.283506" lon="-83.561622"><ele>312.0</ele><time>2025-09-19T13:21:24Z</time></trkpt><trkpt lat="37.283556" lon="-83.561633"><ele>312.0</ele><time>2025-09-19T13:21:26Z</time></trkpt><trkpt lat="37.283794" lon="-83.561774"><ele>311.0</ele><time>2025-09-19T13:21:37Z</time></trkpt><trkpt lat="37.283848" lon="-83.561831"><ele>312.0</ele><time>2025-09-19T13:21:56Z</time></trkpt><trkpt lat="37.283952" lon="-83.561975"><ele>308.0</ele><time>2025-09-19T13:22:15Z</time></trkpt><trkpt lat="37.284048" lon="-83.562018"><ele>313.0</ele><time>2025-09-19T13:22:28Z</time></trkpt><trkpt lat="37.284134" lon="-83.562086"><ele>315.0</ele><time>2025-09-19T13:22:35Z</time></trkpt><trkpt lat="37.284172" lon="-83.562087"><ele>315.0</ele><time>2025-09-19T13:22:38Z</time></trkpt><trkpt lat="37.284273" lon="-83.562011"><ele>311.0</ele><time>2025-09-19T13:22:48Z</time></trkpt><trkpt lat="37.284349" lon="-83.562012"><ele>308.0</ele><time>2025-09-19T13:22:53Z</time></trkpt><trkpt lat="37.284596" lon="-83.562063"><ele>307.0</ele><time>2025-09-19T13:23:07Z</time></trkpt><trkpt lat="37.2847" lon="-83.562043"><ele>308.0</ele><time>2025-09-19T13:23:13Z</time></trkpt><trkpt lat="37.284843" lon="-83.562041"><ele>308.0</ele><time>2025-09-19T13:23:21Z</time></trkpt><trkpt lat="37.284928" lon="-83.562026"><ele>310.0</ele><time>2025-09-19T13:23:25Z</time></trkpt><trkpt lat="37.285093" lon="-83.562088"><ele>310.0</ele><time>2025-09-19T13:23:37Z</time></trkpt><trkpt lat="37.285154" lon="-83.56206"><ele>312.0</ele><time>2025-09-19T13:23:42Z</time></trkpt><trkpt lat="37.285185" lon="-83.561999"><ele>312.0</ele><time>2025-09-19T13:23:47Z</time></trkpt><trkpt lat="37.285253" lon="-83.561964"><ele>312.0</ele><time>2025-09-19T13:23:53Z</time></trkpt><trkpt lat="37.285351" lon="-83.561971"><ele>309.0</ele><time>2025-09-19T13:24:05Z</time></trkpt><trkpt lat="37.285418" lon="-83.561935"><ele>307.0</ele><time>2025-09-19T13:24:11Z</time></trkpt><trkpt lat="37.285496" lon="-83.561923"><ele>308.0</ele><time>2025-09-19T13:24:18Z</time></trkpt><trkpt lat="37.285535" lon="-83.561926"><ele>308.0</ele><time>2025-09-19T13:24:21Z</time></trkpt><trkpt lat="37.285586" lon="-83.561957"><ele>310.0</ele><time>2025-09-19T13:24:26Z</time></trkpt><trkpt lat="37.285613" lon="-83.562017"><ele>309.0</ele><time>2025-09-19T13:24:31Z</time></trkpt><trkpt lat="37.285638" lon="-83.56204"><ele>309.0</ele><time>2025-09-19T13:24:34Z</time></trkpt><trkpt lat="37.285745" lon="-83.562045"><ele>309.0</ele><time>2025-09-19T13:24:43Z</time></trkpt><trkpt lat="37.285834" lon="-83.562065"><ele>305.0</ele><time>2025-09-19T13:24:50Z</time></trkpt><trkpt lat="37.285897" lon="-83.562063"><ele>309.0</ele><time>2025-09-19T13:24:58Z</time></trkpt><trkpt lat="37.286123" lon="-83.562091"><ele>312.0</ele><time>2025-09-19T13:25:14Z</time></trkpt><trkpt lat="37.28616" lon="-83.562078"><ele>311.0</ele><time>2025-09-19T13:25:16Z</time></trkpt><trkpt lat="37.286218" lon="-83.562014"><ele>311.3</ele><time>2025-09-19T13:25:20Z</time></trkpt><trkpt lat="37.286248" lon="-83.562004"><ele>310.0</ele><time>2025-09-19T13:25:21Z</time></trkpt><trkpt lat="37.286379" lon="-83.562024"><ele>312.0</ele><time>2025-09-19T13:25:27Z</time></trkpt><trkpt lat="37.286502" lon="-83.562012"><ele>313.0</ele><time>2025-09-19T13:25:33Z</time></trkpt><trkpt lat="37.286615" lon="-83.562025"><ele>314.0</ele><time>2025-09-19T13:25:42Z</time></trkpt><trkpt lat="37.286755" lon="-83.562067"><ele>312.0</ele><time>2025-09-19T13:25:47Z</time></trkpt><trkpt lat="37.286797" lon="-83.562059"><ele>309.0</ele><time>2025-09-19T13:25:50Z</time></trkpt><trkpt lat="37.286856" lon="-83.562093"><ele>310.0</ele><time>2025-09-19T13:25:54Z</time></trkpt><trkpt lat="37.286969" lon="-83.562231"><ele>308.0</ele><time>2025-09-19T13:26:06Z</time></trkpt><trkpt lat="37.286997" lon="-83.56224"><ele>308.0</ele><time>2025-09-19T13:26:09Z</time></trkpt><trkpt lat="37.287092" lon="-83.562177"><ele>306.0</ele><time>2025-09-19T13:26:18Z</time></trkpt><trkpt lat="37.287134" lon="-83.562183"><ele>306.0</ele><time>2025-09-19T13:26:21Z</time></trkpt><trkpt lat="37.28722" lon="-83.562295"><ele>306.0</ele><time>2025-09-19T13:26:29Z</time></trkpt><trkpt lat="37.2874" lon="-83.562353"><ele>306.0</ele><time>2025-09-19T13:26:45Z</time></trkpt><trkpt lat="37.287465" lon="-83.562387"><ele>306.0</ele><time>2025-09-19T13:26:49Z</time></trkpt><trkpt lat="37.287528" lon="-83.562441"><ele>308.0</ele><time>2025-09-19T13:26:54Z</time></trkpt><trkpt lat="37.287647" lon="-83.562614"><ele>307.0</ele><time>2025-09-19T13:27:04Z</time></trkpt><trkpt lat="37.287701" lon="-83.562749"><ele>306.0</ele><time>2025-09-19T13:27:10Z</time></trkpt><trkpt lat="37.287761" lon="-83.562845"><ele>308.0</ele><time>2025-09-19T13:27:18Z</time></trkpt><trkpt lat="37.287866" lon="-83.562934"><ele>308.0</ele><time>2025-09-19T13:27:27Z</time></trkpt><trkpt lat="37.287999" lon="-83.563019"><ele>308.0</ele><time>2025-09-19T13:27:50Z</time></trkpt><trkpt lat="37.288076" lon="-83.563106"><ele>308.0</ele><time>2025-09-19T13:27:56Z</time></trkpt><trkpt lat="37.288091" lon="-83.563141"><ele>309.9</ele><time>2025-09-19T13:27:58Z</time></trkpt><trkpt lat="37.288169" lon="-83.563526"><ele>308.0</ele><time>2025-09-19T13:28:10Z</time></trkpt><trkpt lat="37.288221" lon="-83.563662"><ele>308.0</ele><time>2025-09-19T13:28:16Z</time></trkpt><trkpt lat="37.288309" lon="-83.563826"><ele>306.0</ele><time>2025-09-19T13:28:23Z</time></trkpt><trkpt lat="37.288358" lon="-83.563942"><ele>306.0</ele><time>2025-09-19T13:28:28Z</time></trkpt><trkpt lat="37.2884" lon="-83.564087"><ele>308.0</ele><time>2025-09-19T13:28:37Z</time></trkpt><trkpt lat="37.28847" lon="-83.56412"><ele>296.0</ele><time>2025-09-19T13:45:57Z</time></trkpt><trkpt lat="37.288414" lon="-83.564129"><ele>314.0</ele><time>2025-09-19T14:09:52Z</time></trkpt><trkpt lat="37.288387" lon="-83.564071"><ele>306.0</ele><time>2025-09-19T14:26:00Z</time></trkpt><trkpt lat="37.288385" lon="-83.564111"><ele>306.0</ele><time>2025-09-19T14:27:08Z</time></trkpt><trkpt lat="37.288436" lon="-83.564197"><ele>314.0</ele><time>2025-09-19T14:27:31Z</time></trkpt><trkpt lat="37.28847" lon="-83.564231"><ele>308.0</ele><time>2025-09-19T14:27:36Z</time></trkpt><trkpt lat="37.288511" lon="-83.564201"><ele>306.0</ele><time>2025-09-19T14:28:12Z</time></trkpt><trkpt lat="37.288545" lon="-83.564218"><ele>309.0</ele><time>2025-09-19T14:28:16Z</time></trkpt><trkpt lat="37.288635" lon="-83.564347"><ele>312.0</ele><time>2025-09-19T14:28:28Z</time></trkpt><trkpt lat="37.288685" lon="-83.564403"><ele>314.0</ele><time>2025-09-19T14:28:33Z</time></trkpt><trkpt lat="37.288693" lon="-83.564511"><ele>314.0</ele><time>2025-09-19T14:28:38Z</time></trkpt><trkpt lat="37.288738" lon="-83.564564"><ele>315.0</ele><time>2025-09-19T14:28:47Z</time></trkpt><trkpt lat="37.288792" lon="-83.56474"><ele>313.0</ele><time>2025-09-19T14:28:58Z</time></trkpt><trkpt lat="37.288857" lon="-83.564877"><ele>312.0</ele><time>2025-09-19T14:29:08Z</time></trkpt><trkpt lat="37.288937" lon="-83.565345"><ele>312.2</ele><time>2025-09-19T14:30:29Z</time></trkpt><trkpt lat="37.288982" lon="-83.565515"><ele>312.0</ele><time>2025-09-19T14:30:34Z</time></trkpt><trkpt lat="37.289003" lon="-83.565542"><ele>311.0</ele><time>2025-09-19T14:30:36Z</time></trkpt><trkpt lat="37.289062" lon="-83.565584"><ele>312.0</ele><time>2025-09-19T14:30:40Z</time></trkpt><trkpt lat="37.289129" lon="-83.565794"><ele>312.0</ele><time>2025-09-19T14:30:56Z</time></trkpt><trkpt lat="37.289191" lon="-83.565887"><ele>310.8</ele><time>2025-09-19T14:31:02Z</time></trkpt><trkpt lat="37.28921" lon="-83.565913"><ele>310.0</ele><time>2025-09-19T14:31:04Z</time></trkpt><trkpt lat="37.289257" lon="-83.565922"><ele>311.0</ele><time>2025-09-19T14:31:10Z</time></trkpt><trkpt lat="37.28929" lon="-83.56596"><ele>312.0</ele><time>2025-09-19T14:31:15Z</time></trkpt><trkpt lat="37.289298" lon="-83.56599"><ele>312.0</ele><time>2025-09-19T14:31:17Z</time></trkpt><trkpt lat="37.289334" lon="-83.566044"><ele>310.0</ele><time>2025-09-19T14:31:29Z</time></trkpt><trkpt lat="37.289386" lon="-83.566196"><ele>312.0</ele><time>2025-09-19T14:32:03Z</time></trkpt><trkpt lat="37.289413" lon="-83.566213"><ele>313.3</ele><time>2025-09-19T14:32:09Z</time></trkpt><trkpt lat="37.28943" lon="-83.566248"><ele>311.0</ele><time>2025-09-19T14:32:11Z</time></trkpt><trkpt lat="37.289436" lon="-83.566348"><ele>309.0</ele><time>2025-09-19T14:32:16Z</time></trkpt><trkpt lat="37.289494" lon="-83.566474"><ele>309.0</ele><time>2025-09-19T14:32:20Z</time></trkpt><trkpt lat="37.28954" lon="-83.56652"><ele>313.0</ele><time>2025-09-19T14:32:26Z</time></trkpt><trkpt lat="37.289615" lon="-83.566647"><ele>315.0</ele><time>2025-09-19T14:32:34Z</time></trkpt><trkpt lat="37.289642" lon="-83.566665"><ele>312.0</ele><time>2025-09-19T14:32:39Z</time></trkpt><trkpt lat="37.289757" lon="-83.566813"><ele>318.5</ele><time>2025-09-19T14:32:51Z</time></trkpt><trkpt lat="37.289819" lon="-83.56687"><ele>316.0</ele><time>2025-09-19T14:32:54Z</time></trkpt><trkpt lat="37.28997" lon="-83.566946"><ele>314.0</ele><time>2025-09-19T14:33:02Z</time></trkpt><trkpt lat="37.290033" lon="-83.567004"><ele>316.0</ele><time>2025-09-19T14:33:06Z</time></trkpt><trkpt lat="37.290068" lon="-83.567014"><ele>316.0</ele><time>2025-09-19T14:33:08Z</time></trkpt><trkpt lat="37.290174" lon="-83.567081"><ele>314.0</ele><time>2025-09-19T14:33:14Z</time></trkpt><trkpt lat="37.290201" lon="-83.567119"><ele>314.0</ele><time>2025-09-19T14:33:16Z</time></trkpt><trkpt lat="37.29026" lon="-83.567335"><ele>313.0</ele><time>2025-09-19T14:33:26Z</time></trkpt><trkpt lat="37.290306" lon="-83.567455"><ele>314.0</ele><time>2025-09-19T14:33:33Z</time></trkpt><trkpt lat="37.290558" lon="-83.567846"><ele>312.0</ele><time>2025-09-19T14:33:51Z</time></trkpt><trkpt lat="37.290636" lon="-83.567943"><ele>312.0</ele><time>2025-09-19T14:33:56Z</time></trkpt><trkpt lat="37.290658" lon="-83.567989"><ele>312.0</ele><time>2025-09-19T14:33:58Z</time></trkpt><trkpt lat="37.290671" lon="-83.568036"><ele>312.0</ele><time>2025-09-19T14:34:00Z</time></trkpt><trkpt lat="37.290665" lon="-83.568204"><ele>312.0</ele><time>2025-09-19T14:34:08Z</time></trkpt><trkpt lat="37.290697" lon="-83.568295"><ele>312.0</ele><time>2025-09-19T14:34:11Z</time></trkpt><trkpt lat="37.290783" lon="-83.568383"><ele>310.0</ele><time>2025-09-19T14:34:15Z</time></trkpt><trkpt lat="37.290979" lon="-83.56853"><ele>309.0</ele><time>2025-09-19T14:34:34Z</time></trkpt><trkpt lat="37.29109" lon="-83.568568"><ele>308.0</ele><time>2025-09-19T14:34:40Z</time></trkpt><trkpt lat="37.291188" lon="-83.568558"><ele>306.0</ele><time>2025-09-19T14:34:46Z</time></trkpt><trkpt lat="37.291313" lon="-83.568596"><ele>306.0</ele><time>2025-09-19T14:34:52Z</time></trkpt><trkpt lat="37.291465" lon="-83.568693"><ele>306.0</ele><time>2025-09-19T14:35:00Z</time></trkpt><trkpt lat="37.291595" lon="-83.56879"><ele>308.0</ele><time>2025-09-19T14:35:08Z</time></trkpt><trkpt lat="37.29167" lon="-83.568865"><ele>306.0</ele><time>2025-09-19T14:35:16Z</time></trkpt><trkpt lat="37.291745" lon="-83.568899"><ele>306.0</ele><time>2025-09-19T14:35:22Z</time></trkpt><trkpt lat="37.291899" lon="-83.569009"><ele>303.0</ele><time>2025-09-19T14:35:43Z</time></trkpt><trkpt lat="37.292054" lon="-83.569198"><ele>300.0</ele><time>2025-09-19T14:36:06Z</time></trkpt><trkpt lat="37.292163" lon="-83.569297"><ele>305.2</ele><time>2025-09-19T14:36:27Z</time></trkpt><trkpt lat="37.292145" lon="-83.569388"><ele>304.0</ele><time>2025-09-19T14:36:33Z</time></trkpt><trkpt lat="37.292155" lon="-83.569439"><ele>304.0</ele><time>2025-09-19T14:36:35Z</time></trkpt><trkpt lat="37.292301" lon="-83.569683"><ele>302.0</ele><time>2025-09-19T14:36:47Z</time></trkpt><trkpt lat="37.292349" lon="-83.569711"><ele>304.0</ele><time>2025-09-19T14:36:59Z</time></trkpt><trkpt lat="37.292382" lon="-83.569808"><ele>300.0</ele><time>2025-09-19T14:37:09Z</time></trkpt><trkpt lat="37.292426" lon="-83.569841"><ele>302.0</ele><time>2025-09-19T14:37:15Z</time></trkpt><trkpt lat="37.292454" lon="-83.569804"><ele>302.0</ele><time>2025-09-19T14:37:19Z</time></trkpt><trkpt lat="37.29254" lon="-83.569762"><ele>302.0</ele><time>2025-09-19T14:37:23Z</time></trkpt><trkpt lat="37.292654" lon="-83.569677"><ele>300.0</ele><time>2025-09-19T14:37:29Z</time></trkpt><trkpt lat="37.292737" lon="-83.569629"><ele>300.0</ele><time>2025-09-19T14:37:33Z</time></trkpt><trkpt lat="37.292777" lon="-83.569622"><ele>300.0</ele><time>2025-09-19T14:37:36Z</time></trkpt><trkpt lat="37.292968" lon="-83.569633"><ele>296.0</ele><time>2025-09-19T14:37:52Z</time></trkpt><trkpt lat="37.293111" lon="-83.569592"><ele>297.5</ele><time>2025-09-19T14:38:12Z</time></trkpt><trkpt lat="37.293231" lon="-83.569535"><ele>297.0</ele><time>2025-09-19T14:38:17Z</time></trkpt><trkpt lat="37.293309" lon="-83.569477"><ele>296.0</ele><time>2025-09-19T14:38:20Z</time></trkpt><trkpt lat="37.293337" lon="-83.569438"><ele>296.0</ele><time>2025-09-19T14:38:22Z</time></trkpt><trkpt lat="37.293362" lon="-83.569319"><ele>294.0</ele><time>2025-09-19T14:38:28Z</time></trkpt><trkpt lat="37.293388" lon="-83.569288"><ele>294.0</ele><time>2025-09-19T14:38:30Z</time></trkpt><trkpt lat="37.293567" lon="-83.569151"><ele>295.0</ele><time>2025-09-19T14:38:44Z</time></trkpt><trkpt lat="37.293588" lon="-83.56912"><ele>295.0</ele><time>2025-09-19T14:38:47Z</time></trkpt><trkpt lat="37.293769" lon="-83.568956"><ele>300.0</ele><time>2025-09-19T14:39:03Z</time></trkpt><trkpt lat="37.293895" lon="-83.568912"><ele>300.0</ele><time>2025-09-19T14:39:10Z</time></trkpt><trkpt lat="37.293987" lon="-83.568905"><ele>300.0</ele><time>2025-09-19T14:39:14Z</time></trkpt><trkpt lat="37.294059" lon="-83.568879"><ele>298.0</ele><time>2025-09-19T14:39:18Z</time></trkpt><trkpt lat="37.294307" lon="-83.568855"><ele>300.0</ele><time>2025-09-19T14:39:35Z</time></trkpt><trkpt lat="37.294605" lon="-83.568792"><ele>300.0</ele><time>2025-09-19T14:39:53Z</time></trkpt><trkpt lat="37.294727" lon="-83.568788"><ele>298.0</ele><time>2025-09-19T14:40:01Z</time></trkpt><trkpt lat="37.294807" lon="-83.568771"><ele>298.0</ele><time>2025-09-19T14:40:05Z</time></trkpt><trkpt lat="37.294894" lon="-83.568773"><ele>298.0</ele><time>2025-09-19T14:40:09Z</time></trkpt><trkpt lat="37.29493" lon="-83.56876"><ele>298.0</ele><time>2025-09-19T14:40:11Z</time></trkpt><trkpt lat="37.295093" lon="-83.568641"><ele>299.0</ele><time>2025-09-19T14:40:19Z</time></trkpt><trkpt lat="37.295271" lon="-83.56856"><ele>298.0</ele><time>2025-09-19T14:40:29Z</time></trkpt><trkpt lat="37.295527" lon="-83.568413"><ele>298.5</ele><time>2025-09-19T14:40:42Z</time></trkpt><trkpt lat="37.295566" lon="-83.568361"><ele>298.0</ele><time>2025-09-19T14:40:43Z</time></trkpt><trkpt lat="37.295616" lon="-83.568338"><ele>298.0</ele><time>2025-09-19T14:40:45Z</time></trkpt><trkpt lat="37.29566" lon="-83.568332"><ele>299.2</ele><time>2025-09-19T14:40:47Z</time></trkpt><trkpt lat="37.295901" lon="-83.568421"><ele>300.0</ele><time>2025-09-19T14:40:56Z</time></trkpt><trkpt lat="37.296117" lon="-83.568471"><ele>300.0</ele><time>2025-09-19T14:41:04Z</time></trkpt><trkpt lat="37.29647" lon="-83.568385"><ele>296.0</ele><time>2025-09-19T14:41:20Z</time></trkpt><trkpt lat="37.296626" lon="-83.568365"><ele>295.0</ele><time>2025-09-19T14:41:29Z</time></trkpt><trkpt lat="37.296805" lon="-83.568324"><ele>294.0</ele><time>2025-09-19T14:41:45Z</time></trkpt><trkpt lat="37.296905" lon="-83.568316"><ele>297.0</ele><time>2025-09-19T14:41:51Z</time></trkpt><trkpt lat="37.296972" lon="-83.568288"><ele>297.0</ele><time>2025-09-19T14:41:55Z</time></trkpt><trkpt lat="37.29712" lon="-83.568306"><ele>296.0</ele><time>2025-09-19T14:42:05Z</time></trkpt><trkpt lat="37.297266" lon="-83.568309"><ele>297.0</ele><time>2025-09-19T14:42:17Z</time></trkpt><trkpt lat="37.297491" lon="-83.568131"><ele>296.0</ele><time>2025-09-19T14:42:35Z</time></trkpt><trkpt lat="37.297631" lon="-83.567984"><ele>301.2</ele><time>2025-09-19T14:43:43Z</time></trkpt><trkpt lat="37.297699" lon="-83.567937"><ele>300.7</ele><time>2025-09-19T14:43:45Z</time></trkpt><trkpt lat="37.297726" lon="-83.567899"><ele>300.3</ele><time>2025-09-19T14:43:46Z</time></trkpt><trkpt lat="37.297827" lon="-83.567812"><ele>298.0</ele><time>2025-09-19T14:43:50Z</time></trkpt><trkpt lat="37.297891" lon="-83.567817"><ele>300.0</ele><time>2025-09-19T14:45:29Z</time></trkpt><trkpt lat="37.29796" lon="-83.567843"><ele>302.0</ele><time>2025-09-19T14:45:55Z</time></trkpt><trkpt lat="37.298041" lon="-83.567913"><ele>305.0</ele><time>2025-09-19T14:48:29Z</time></trkpt><trkpt lat="37.298046" lon="-83.567973"><ele>300.0</ele><time>2025-09-19T14:48:45Z</time></trkpt><trkpt lat="37.298075" lon="-83.568003"><ele>304.0</ele><time>2025-09-19T14:48:59Z</time></trkpt><trkpt lat="37.298125" lon="-83.568014"><ele>300.0</ele><time>2025-09-19T14:49:09Z</time></trkpt><trkpt lat="37.298173" lon="-83.567998"><ele>297.0</ele><time>2025-09-19T14:49:54Z</time></trkpt><trkpt lat="37.298214" lon="-83.568001"><ele>288.0</ele><time>2025-09-19T14:50:15Z</time></trkpt><trkpt lat="37.298233" lon="-83.568026"><ele>297.0</ele><time>2025-09-19T14:50:32Z</time></trkpt><trkpt lat="37.298223" lon="-83.568104"><ele>303.0</ele><time>2025-09-19T14:51:31Z</time></trkpt><trkpt lat="37.298259" lon="-83.568166"><ele>303.0</ele><time>2025-09-19T14:51:44Z</time></trkpt><trkpt lat="37.298322" lon="-83.568198"><ele>306.0</ele><time>2025-09-19T14:51:50Z</time></trkpt><trkpt lat="37.29849" lon="-83.568388"><ele>308.0</ele><time>2025-09-19T14:56:51Z</time></trkpt><trkpt lat="37.298599" lon="-83.568451"><ele>308.0</ele><time>2025-09-19T14:56:57Z</time></trkpt><trkpt lat="37.298987" lon="-83.568755"><ele>312.0</ele><time>2025-09-19T14:58:24Z</time></trkpt><trkpt lat="37.299035" lon="-83.56881"><ele>308.0</ele><time>2025-09-19T14:58:32Z</time></trkpt><trkpt lat="37.299231" lon="-83.568886"><ele>310.0</ele><time>2025-09-19T14:58:52Z</time></trkpt><trkpt lat="37.299346" lon="-83.568983"><ele>307.0</ele><time>2025-09-19T14:59:04Z</time></trkpt><trkpt lat="37.299408" lon="-83.569071"><ele>304.0</ele><time>2025-09-19T14:59:14Z</time></trkpt><trkpt lat="37.299428" lon="-83.569145"><ele>304.0</ele><time>2025-09-19T14:59:20Z</time></trkpt><trkpt lat="37.299453" lon="-83.569341"><ele>300.0</ele><time>2025-09-19T14:59:32Z</time></trkpt><trkpt lat="37.299486" lon="-83.569401"><ele>300.0</ele><time>2025-09-19T14:59:39Z</time></trkpt><trkpt lat="37.299529" lon="-83.569448"><ele>300.0</ele><time>2025-09-19T14:59:44Z</time></trkpt><trkpt lat="37.299636" lon="-83.569495"><ele>301.0</ele><time>2025-09-19T14:59:54Z</time></trkpt><trkpt lat="37.29968" lon="-83.569504"><ele>303.4</ele><time>2025-09-19T15:00:01Z</time></trkpt><trkpt lat="37.299696" lon="-83.569462"><ele>303.0</ele><time>2025-09-19T15:00:08Z</time></trkpt><trkpt lat="37.299756" lon="-83.569489"><ele>303.0</ele><time>2025-09-19T15:00:14Z</time></trkpt><trkpt lat="37.299947" lon="-83.569691"><ele>305.7</ele><time>2025-09-19T15:00:27Z</time></trkpt><trkpt lat="37.300005" lon="-83.569735"><ele>306.3</ele><time>2025-09-19T15:00:29Z</time></trkpt><trkpt lat="37.300109" lon="-83.56979"><ele>305.0</ele><time>2025-09-19T15:00:35Z</time></trkpt><trkpt lat="37.300126" lon="-83.569817"><ele>305.0</ele><time>2025-09-19T15:00:39Z</time></trkpt><trkpt lat="37.300178" lon="-83.569851"><ele>306.0</ele><time>2025-09-19T15:00:46Z</time></trkpt><trkpt lat="37.300341" lon="-83.569926"><ele>312.0</ele><time>2025-09-19T15:01:25Z</time></trkpt><trkpt lat="37.300427" lon="-83.569999"><ele>312.0</ele><time>2025-09-19T15:01:31Z</time></trkpt><trkpt lat="37.300513" lon="-83.570193"><ele>310.5</ele><time>2025-09-19T15:01:39Z</time></trkpt><trkpt lat="37.300711" lon="-83.57052"><ele>304.7</ele><time>2025-09-19T15:01:50Z</time></trkpt><trkpt lat="37.300794" lon="-83.570693"><ele>304.0</ele><time>2025-09-19T15:01:57Z</time></trkpt><trkpt lat="37.30086" lon="-83.570786"><ele>304.0</ele><time>2025-09-19T15:02:04Z</time></trkpt><trkpt lat="37.300894" lon="-83.570812"><ele>303.0</ele><time>2025-09-19T15:02:08Z</time></trkpt><trkpt lat="37.300946" lon="-83.570984"><ele>302.0</ele><time>2025-09-19T15:02:31Z</time></trkpt><trkpt lat="37.301049" lon="-83.571266"><ele>300.0</ele><time>2025-09-19T15:03:33Z</time></trkpt><trkpt lat="37.301099" lon="-83.571348"><ele>300.0</ele><time>2025-09-19T15:03:39Z</time></trkpt><trkpt lat="37.301199" lon="-83.571469"><ele>303.0</ele><time>2025-09-19T15:03:51Z</time></trkpt><trkpt lat="37.301281" lon="-83.571637"><ele>304.0</ele><time>2025-09-19T15:04:00Z</time></trkpt><trkpt lat="37.301313" lon="-83.571667"><ele>305.0</ele><time>2025-09-19T15:04:02Z</time></trkpt><trkpt lat="37.301462" lon="-83.571747"><ele>306.0</ele><time>2025-09-19T15:04:13Z</time></trkpt><trkpt lat="37.301572" lon="-83.571844"><ele>309.0</ele><time>2025-09-19T15:04:23Z</time></trkpt><trkpt lat="37.301659" lon="-83.571943"><ele>309.4</ele><time>2025-09-19T15:04:31Z</time></trkpt><trkpt lat="37.301679" lon="-83.572061"><ele>306.0</ele><time>2025-09-19T15:04:39Z</time></trkpt><trkpt lat="37.301711" lon="-83.572146"><ele>304.0</ele><time>2025-09-19T15:04:51Z</time></trkpt><trkpt lat="37.301817" lon="-83.572346"><ele>306.0</ele><time>2025-09-19T15:05:13Z</time></trkpt><trkpt lat="37.301852" lon="-83.572442"><ele>306.0</ele><time>2025-09-19T15:05:17Z</time></trkpt><trkpt lat="37.301907" lon="-83.572722"><ele>302.0</ele><time>2025-09-19T15:05:28Z</time></trkpt><trkpt lat="37.30193" lon="-83.572923"><ele>302.0</ele><time>2025-09-19T15:05:38Z</time></trkpt><trkpt lat="37.301955" lon="-83.572991"><ele>302.0</ele><time>2025-09-19T15:05:44Z</time></trkpt><trkpt lat="37.302075" lon="-83.573156"><ele>303.4</ele><time>2025-09-19T15:05:51Z</time></trkpt><trkpt lat="37.302169" lon="-83.573231"><ele>302.0</ele><time>2025-09-19T15:05:54Z</time></trkpt><trkpt lat="37.302464" lon="-83.573546"><ele>302.0</ele><time>2025-09-19T15:06:11Z</time></trkpt><trkpt lat="37.30256" lon="-83.573634"><ele>304.0</ele><time>2025-09-19T15:06:17Z</time></trkpt><trkpt lat="37.302622" lon="-83.573765"><ele>303.5</ele><time>2025-09-19T15:06:23Z</time></trkpt><trkpt lat="37.302742" lon="-83.573965"><ele>300.0</ele><time>2025-09-19T15:06:32Z</time></trkpt><trkpt lat="37.303019" lon="-83.574262"><ele>303.6</ele><time>2025-09-19T15:06:48Z</time></trkpt><trkpt lat="37.303131" lon="-83.574349"><ele>304.6</ele><time>2025-09-19T15:06:53Z</time></trkpt><trkpt lat="37.3032" lon="-83.574383"><ele>304.9</ele><time>2025-09-19T15:06:55Z</time></trkpt><trkpt lat="37.303283" lon="-83.574406"><ele>305.5</ele><time>2025-09-19T15:06:58Z</time></trkpt><trkpt lat="37.30339" lon="-83.574397"><ele>304.0</ele><time>2025-09-19T15:07:01Z</time></trkpt><trkpt lat="37.30349" lon="-83.574371"><ele>304.0</ele><time>2025-09-19T15:07:07Z</time></trkpt><trkpt lat="37.303955" lon="-83.574689"><ele>307.0</ele><time>2025-09-19T15:07:54Z</time></trkpt><trkpt lat="37.304024" lon="-83.574757"><ele>301.0</ele><time>2025-09-19T15:08:08Z</time></trkpt><trkpt lat="37.3041" lon="-83.574776"><ele>301.0</ele><time>2025-09-19T15:08:19Z</time></trkpt><trkpt lat="37.30415" lon="-83.574821"><ele>308.0</ele><time>2025-09-19T15:08:51Z</time></trkpt><trkpt lat="37.304185" lon="-83.574992"><ele>303.7</ele><time>2025-09-19T15:09:07Z</time></trkpt><trkpt lat="37.304227" lon="-83.575039"><ele>302.0</ele><time>2025-09-19T15:09:11Z</time></trkpt><trkpt lat="37.304257" lon="-83.575105"><ele>299.0</ele><time>2025-09-19T15:09:18Z</time></trkpt><trkpt lat="37.304303" lon="-83.575149"><ele>296.0</ele><time>2025-09-19T15:09:27Z</time></trkpt><trkpt lat="37.304365" lon="-83.575249"><ele>294.0</ele><time>2025-09-19T15:09:33Z</time></trkpt><trkpt lat="37.30439" lon="-83.575311"><ele>296.0</ele><time>2025-09-19T15:09:37Z</time></trkpt><trkpt lat="37.304401" lon="-83.575411"><ele>296.0</ele><time>2025-09-19T15:09:41Z</time></trkpt><trkpt lat="37.30444" lon="-83.575537"><ele>294.0</ele><time>2025-09-19T15:09:49Z</time></trkpt><trkpt lat="37.304464" lon="-83.5757"><ele>292.0</ele><time>2025-09-19T15:09:57Z</time></trkpt><trkpt lat="37.304469" lon="-83.575881"><ele>292.0</ele><time>2025-09-19T15:10:05Z</time></trkpt><trkpt lat="37.304457" lon="-83.575964"><ele>291.0</ele><time>2025-09-19T15:10:09Z</time></trkpt><trkpt lat="37.304466" lon="-83.576048"><ele>288.0</ele><time>2025-09-19T15:10:14Z</time></trkpt><trkpt lat="37.304482" lon="-83.576088"><ele>288.0</ele><time>2025-09-19T15:10:22Z</time></trkpt><trkpt lat="37.304539" lon="-83.576128"><ele>289.0</ele><time>2025-09-19T15:10:34Z</time></trkpt><trkpt lat="37.304619" lon="-83.576125"><ele>288.0</ele><time>2025-09-19T15:10:45Z</time></trkpt><trkpt lat="37.304669" lon="-83.576106"><ele>284.0</ele><time>2025-09-19T15:10:53Z</time></trkpt><trkpt lat="37.304731" lon="-83.576106"><ele>284.0</ele><time>2025-09-19T15:11:02Z</time></trkpt><trkpt lat="37.304892" lon="-83.57607"><ele>285.0</ele><time>2025-09-19T15:11:26Z</time></trkpt><trkpt lat="37.30496" lon="-83.576027"><ele>286.0</ele><time>2025-09-19T15:11:46Z</time></trkpt><trkpt lat="37.305041" lon="-83.576002"><ele>285.0</ele><time>2025-09-19T15:12:15Z</time></trkpt><trkpt lat="37.305084" lon="-83.575937"><ele>280.0</ele><time>2025-09-19T15:12:24Z</time></trkpt><trkpt lat="37.305181" lon="-83.575918"><ele>284.0</ele><time>2025-09-19T15:12:40Z</time></trkpt><trkpt lat="37.305237" lon="-83.575927"><ele>283.0</ele><time>2025-09-19T15:12:49Z</time></trkpt><trkpt lat="37.305315" lon="-83.576015"><ele>286.0</ele><time>2025-09-19T15:12:56Z</time></trkpt><trkpt lat="37.30538" lon="-83.57625"><ele>285.0</ele><time>2025-09-19T15:13:07Z</time></trkpt><trkpt lat="37.30548" lon="-83.576488"><ele>284.0</ele><time>2025-09-19T15:13:40Z</time></trkpt><trkpt lat="37.305649" lon="-83.576712"><ele>282.0</ele><time>2025-09-19T15:13:52Z</time></trkpt><trkpt lat="37.305701" lon="-83.576761"><ele>282.0</ele><time>2025-09-19T15:13:55Z</time></trkpt><trkpt lat="37.305915" lon="-83.576738"><ele>284.0</ele><time>2025-09-19T15:14:05Z</time></trkpt><trkpt lat="37.306196" lon="-83.576782"><ele>282.0</ele><time>2025-09-19T15:14:17Z</time></trkpt><trkpt lat="37.306322" lon="-83.576759"><ele>281.0</ele><time>2025-09-19T15:14:23Z</time></trkpt><trkpt lat="37.306532" lon="-83.576767"><ele>280.0</ele><time>2025-09-19T15:14:34Z</time></trkpt><trkpt lat="37.306618" lon="-83.576736"><ele>281.0</ele><time>2025-09-19T15:14:38Z</time></trkpt><trkpt lat="37.306816" lon="-83.576718"><ele>282.0</ele><time>2025-09-19T15:14:49Z</time></trkpt><trkpt lat="37.30696" lon="-83.576652"><ele>284.0</ele><time>2025-09-19T15:14:57Z</time></trkpt><trkpt lat="37.307034" lon="-83.576631"><ele>284.0</ele><time>2025-09-19T15:15:01Z</time></trkpt><trkpt lat="37.307287" lon="-83.576494"><ele>284.0</ele><time>2025-09-19T15:15:15Z</time></trkpt><trkpt lat="37.307507" lon="-83.576414"><ele>287.0</ele><time>2025-09-19T15:15:34Z</time></trkpt><trkpt lat="37.307572" lon="-83.576362"><ele>288.0</ele><time>2025-09-19T15:15:44Z</time></trkpt><trkpt lat="37.307614" lon="-83.576295"><ele>283.0</ele><time>2025-09-19T15:15:54Z</time></trkpt><trkpt lat="37.307719" lon="-83.5762"><ele>279.0</ele><time>2025-09-19T15:16:05Z</time></trkpt><trkpt lat="37.307821" lon="-83.57613"><ele>279.0</ele><time>2025-09-19T15:16:12Z</time></trkpt><trkpt lat="37.30786" lon="-83.576129"><ele>279.0</ele><time>2025-09-19T15:16:15Z</time></trkpt><trkpt lat="37.30792" lon="-83.5761"><ele>279.0</ele><time>2025-09-19T15:16:22Z</time></trkpt><trkpt lat="37.308008" lon="-83.576115"><ele>280.0</ele><time>2025-09-19T15:16:28Z</time></trkpt><trkpt lat="37.308057" lon="-83.576113"><ele>280.0</ele><time>2025-09-19T15:16:30Z</time></trkpt><trkpt lat="37.308188" lon="-83.576066"><ele>280.0</ele><time>2025-09-19T15:16:36Z</time></trkpt><trkpt lat="37.308251" lon="-83.576056"><ele>282.0</ele><time>2025-09-19T15:16:43Z</time></trkpt><trkpt lat="37.308336" lon="-83.576091"><ele>282.0</ele><time>2025-09-19T15:16:57Z</time></trkpt><trkpt lat="37.308462" lon="-83.576103"><ele>282.0</ele><time>2025-09-19T15:17:10Z</time></trkpt><trkpt lat="37.308531" lon="-83.576126"><ele>282.0</ele><time>2025-09-19T15:17:14Z</time></trkpt><trkpt lat="37.308583" lon="-83.576198"><ele>282.0</ele><time>2025-09-19T15:17:18Z</time></trkpt><trkpt lat="37.308611" lon="-83.576214"><ele>281.0</ele><time>2025-09-19T15:17:20Z</time></trkpt><trkpt lat="37.308656" lon="-83.576219"><ele>280.0</ele><time>2025-09-19T15:17:22Z</time></trkpt><trkpt lat="37.30874" lon="-83.576191"><ele>280.0</ele><time>2025-09-19T15:17:26Z</time></trkpt><trkpt lat="37.308956" lon="-83.576189"><ele>280.0</ele><time>2025-09-19T15:17:38Z</time></trkpt><trkpt lat="37.309002" lon="-83.576196"><ele>280.0</ele><time>2025-09-19T15:17:40Z</time></trkpt><trkpt lat="37.309048" lon="-83.576218"><ele>280.0</ele><time>2025-09-19T15:17:42Z</time></trkpt><trkpt lat="37.30908" lon="-83.576247"><ele>279.5</ele><time>2025-09-19T15:17:44Z</time></trkpt><trkpt lat="37.309133" lon="-83.576339"><ele>279.5</ele><time>2025-09-19T15:17:47Z</time></trkpt><trkpt lat="37.309218" lon="-83.57645"><ele>278.0</ele><time>2025-09-19T15:17:51Z</time></trkpt><trkpt lat="37.309283" lon="-83.576505"><ele>278.0</ele><time>2025-09-19T15:17:55Z</time></trkpt><trkpt lat="37.309323" lon="-83.576569"><ele>276.0</ele><time>2025-09-19T15:18:00Z</time></trkpt><trkpt lat="37.309409" lon="-83.576652"><ele>278.0</ele><time>2025-09-19T15:18:12Z</time></trkpt><trkpt lat="37.309435" lon="-83.576759"><ele>275.0</ele><time>2025-09-19T15:18:26Z</time></trkpt><trkpt lat="37.309491" lon="-83.576863"><ele>274.0</ele><time>2025-09-19T15:18:44Z</time></trkpt><trkpt lat="37.309569" lon="-83.576878"><ele>276.0</ele><time>2025-09-19T15:18:54Z</time></trkpt><trkpt lat="37.309663" lon="-83.576869"><ele>274.0</ele><time>2025-09-19T15:19:02Z</time></trkpt><trkpt lat="37.309701" lon="-83.576886"><ele>273.0</ele><time>2025-09-19T15:19:05Z</time></trkpt><trkpt lat="37.309728" lon="-83.576921"><ele>274.0</ele><time>2025-09-19T15:19:07Z</time></trkpt><trkpt lat="37.309751" lon="-83.576999"><ele>274.0</ele><time>2025-09-19T15:19:11Z</time></trkpt><trkpt lat="37.309777" lon="-83.577017"><ele>273.0</ele><time>2025-09-19T15:19:14Z</time></trkpt><trkpt lat="37.309843" lon="-83.577027"><ele>273.0</ele><time>2025-09-19T15:19:20Z</time></trkpt><trkpt lat="37.309941" lon="-83.577108"><ele>276.0</ele><time>2025-09-19T15:19:38Z</time></trkpt><trkpt lat="37.309999" lon="-83.577122"><ele>278.0</ele><time>2025-09-19T15:19:44Z</time></trkpt><trkpt lat="37.310124" lon="-83.577092"><ele>276.0</ele><time>2025-09-19T15:20:26Z</time></trkpt><trkpt lat="37.310259" lon="-83.57711"><ele>276.0</ele><time>2025-09-19T15:21:06Z</time></trkpt><trkpt lat="37.310268" lon="-83.577059"><ele>275.0</ele><time>2025-09-19T15:21:51Z</time></trkpt><trkpt lat="37.310309" lon="-83.577066"><ele>276.0</ele><time>2025-09-19T15:22:01Z</time></trkpt><trkpt lat="37.310348" lon="-83.577086"><ele>278.0</ele><time>2025-09-19T15:22:04Z</time></trkpt><trkpt lat="37.310378" lon="-83.577115"><ele>278.0</ele><time>2025-09-19T15:22:06Z</time></trkpt><trkpt lat="37.31039" lon="-83.577149"><ele>278.0</ele><time>2025-09-19T15:22:08Z</time></trkpt><trkpt lat="37.310405" lon="-83.577309"><ele>279.0</ele><time>2025-09-19T15:22:14Z</time></trkpt><trkpt lat="37.310424" lon="-83.577388"><ele>279.2</ele><time>2025-09-19T15:22:17Z</time></trkpt><trkpt lat="37.310453" lon="-83.577443"><ele>278.5</ele><time>2025-09-19T15:22:19Z</time></trkpt><trkpt lat="37.310521" lon="-83.577511"><ele>278.0</ele><time>2025-09-19T15:22:25Z</time></trkpt><trkpt lat="37.310547" lon="-83.577562"><ele>279.0</ele><time>2025-09-19T15:22:30Z</time></trkpt><trkpt lat="37.310663" lon="-83.577704"><ele>279.0</ele><time>2025-09-19T15:22:47Z</time></trkpt><trkpt lat="37.310752" lon="-83.577866"><ele>278.0</ele><time>2025-09-19T15:23:02Z</time></trkpt><trkpt lat="37.310842" lon="-83.577979"><ele>278.0</ele><time>2025-09-19T15:23:20Z</time></trkpt><trkpt lat="37.310917" lon="-83.578117"><ele>276.0</ele><time>2025-09-19T15:24:26Z</time></trkpt><trkpt lat="37.310942" lon="-83.578139"><ele>276.0</ele><time>2025-09-19T15:24:29Z</time></trkpt><trkpt lat="37.311039" lon="-83.578168"><ele>279.0</ele><time>2025-09-19T15:24:39Z</time></trkpt><trkpt lat="37.311202" lon="-83.578134"><ele>282.0</ele><time>2025-09-19T15:24:57Z</time></trkpt><trkpt lat="37.311368" lon="-83.578055"><ele>285.0</ele><time>2025-09-19T15:25:16Z</time></trkpt><trkpt lat="37.311447" lon="-83.577968"><ele>284.0</ele><time>2025-09-19T15:25:24Z</time></trkpt><trkpt lat="37.311485" lon="-83.57789"><ele>284.0</ele><time>2025-09-19T15:25:28Z</time></trkpt><trkpt lat="37.31154" lon="-83.577563"><ele>283.1</ele><time>2025-09-19T15:25:38Z</time></trkpt><trkpt lat="37.31158" lon="-83.577447"><ele>282.4</ele><time>2025-09-19T15:25:41Z</time></trkpt><trkpt lat="37.311607" lon="-83.577303"><ele>281.0</ele><time>2025-09-19T15:25:45Z</time></trkpt><trkpt lat="37.311635" lon="-83.577267"><ele>280.0</ele><time>2025-09-19T15:25:47Z</time></trkpt><trkpt lat="37.311722" lon="-83.577247"><ele>283.2</ele><time>2025-09-19T15:25:51Z</time></trkpt><trkpt lat="37.311759" lon="-83.577251"><ele>284.0</ele><time>2025-09-19T15:25:52Z</time></trkpt><trkpt lat="37.311801" lon="-83.577276"><ele>284.0</ele><time>2025-09-19T15:25:54Z</time></trkpt><trkpt lat="37.312026" lon="-83.577513"><ele>291.5</ele><time>2025-09-19T15:26:07Z</time></trkpt><trkpt lat="37.312109" lon="-83.577637"><ele>291.3</ele><time>2025-09-19T15:26:11Z</time></trkpt><trkpt lat="37.31212" lon="-83.577778"><ele>290.3</ele><time>2025-09-19T15:26:14Z</time></trkpt><trkpt lat="37.311999" lon="-83.578096"><ele>288.9</ele><time>2025-09-19T15:26:21Z</time></trkpt><trkpt lat="37.31198" lon="-83.578251"><ele>288.3</ele><time>2025-09-19T15:26:24Z</time></trkpt><trkpt lat="37.311998" lon="-83.578362"><ele>287.7</ele><time>2025-09-19T15:26:26Z</time></trkpt><trkpt lat="37.312061" lon="-83.578579"><ele>286.3</ele><time>2025-09-19T15:26:30Z</time></trkpt><trkpt lat="37.312101" lon="-83.578836"><ele>286.9</ele><time>2025-09-19T15:26:35Z</time></trkpt><trkpt lat="37.312157" lon="-83.579046"><ele>287.8</ele><time>2025-09-19T15:26:39Z</time></trkpt><trkpt lat="37.31216" lon="-83.57932"><ele>287.1</ele><time>2025-09-19T15:26:45Z</time></trkpt><trkpt lat="37.312192" lon="-83.579455"><ele>286.3</ele><time>2025-09-19T15:26:49Z</time></trkpt><trkpt lat="37.312225" lon="-83.579536"><ele>286.0</ele><time>2025-09-19T15:26:51Z</time></trkpt><trkpt lat="37.312395" lon="-83.579815"><ele>284.0</ele><time>2025-09-19T15:27:09Z</time></trkpt><trkpt lat="37.312526" lon="-83.579975"><ele>284.7</ele><time>2025-09-19T15:27:15Z</time></trkpt><trkpt lat="37.312612" lon="-83.58013"><ele>285.5</ele><time>2025-09-19T15:27:19Z</time></trkpt><trkpt lat="37.312681" lon="-83.580307"><ele>284.8</ele><time>2025-09-19T15:27:23Z</time></trkpt><trkpt lat="37.312867" lon="-83.58133"><ele>284.9</ele><time>2025-09-19T15:27:38Z</time></trkpt><trkpt lat="37.312931" lon="-83.581517"><ele>283.7</ele><time>2025-09-19T15:27:41Z</time></trkpt><trkpt lat="37.312998" lon="-83.581624"><ele>282.8</ele><time>2025-09-19T15:27:43Z</time></trkpt><trkpt lat="37.313097" lon="-83.581734"><ele>281.3</ele><time>2025-09-19T15:27:46Z</time></trkpt><trkpt lat="37.313283" lon="-83.581894"><ele>281.5</ele><time>2025-09-19T15:27:53Z</time></trkpt><trkpt lat="37.313378" lon="-83.582032"><ele>280.4</ele><time>2025-09-19T15:27:57Z</time></trkpt><trkpt lat="37.313454" lon="-83.582118"><ele>279.3</ele><time>2025-09-19T15:28:00Z</time></trkpt><trkpt lat="37.313513" lon="-83.58216"><ele>279.2</ele><time>2025-09-19T15:28:02Z</time></trkpt><trkpt lat="37.313719" lon="-83.582273"><ele>278.1</ele><time>2025-09-19T15:28:07Z</time></trkpt><trkpt lat="37.313822" lon="-83.582301"><ele>277.6</ele><time>2025-09-19T15:28:09Z</time></trkpt><trkpt lat="37.314027" lon="-83.582396"><ele>278.0</ele><time>2025-09-19T15:28:13Z</time></trkpt><trkpt lat="37.314261" lon="-83.582548"><ele>277.0</ele><time>2025-09-19T15:28:17Z</time></trkpt><trkpt lat="37.314423" lon="-83.582678"><ele>276.3</ele><time>2025-09-19T15:28:20Z</time></trkpt><trkpt lat="37.314536" lon="-83.582754"><ele>276.3</ele><time>2025-09-19T15:28:22Z</time></trkpt><trkpt lat="37.314753" lon="-83.582848"><ele>277.4</ele><time>2025-09-19T15:28:26Z</time></trkpt><trkpt lat="37.315075" lon="-83.583028"><ele>276.6</ele><time>2025-09-19T15:28:33Z</time></trkpt><trkpt lat="37.315268" lon="-83.583171"><ele>274.1</ele><time>2025-09-19T15:28:37Z</time></trkpt><trkpt lat="37.315397" lon="-83.58332"><ele>274.9</ele><time>2025-09-19T15:28:40Z</time></trkpt><trkpt lat="37.315505" lon="-83.583419"><ele>274.2</ele><time>2025-09-19T15:28:43Z</time></trkpt><trkpt lat="37.315553" lon="-83.583508"><ele>274.1</ele><time>2025-09-19T15:28:45Z</time></trkpt><trkpt lat="37.315589" lon="-83.583613"><ele>274.5</ele><time>2025-09-19T15:28:48Z</time></trkpt><trkpt lat="37.315645" lon="-83.583718"><ele>275.4</ele><time>2025-09-19T15:28:51Z</time></trkpt><trkpt lat="37.315833" lon="-83.583906"><ele>277.0</ele><time>2025-09-19T15:28:57Z</time></trkpt><trkpt lat="37.315892" lon="-83.583984"><ele>277.5</ele><time>2025-09-19T15:28:59Z</time></trkpt><trkpt lat="37.316031" lon="-83.584218"><ele>280.2</ele><time>2025-09-19T15:29:04Z</time></trkpt><trkpt lat="37.3161" lon="-83.584398"><ele>281.0</ele><time>2025-09-19T15:29:07Z</time></trkpt><trkpt lat="37.316362" lon="-83.585218"><ele>281.3</ele><time>2025-09-19T15:29:18Z</time></trkpt><trkpt lat="37.31658" lon="-83.586007"><ele>277.7</ele><time>2025-09-19T15:29:29Z</time></trkpt><trkpt lat="37.316603" lon="-83.586169"><ele>276.7</ele><time>2025-09-19T15:29:32Z</time></trkpt><trkpt lat="37.316601" lon="-83.586224"><ele>276.5</ele><time>2025-09-19T15:29:33Z</time></trkpt><trkpt lat="37.316584" lon="-83.586277"><ele>276.6</ele><time>2025-09-19T15:29:34Z</time></trkpt><trkpt lat="37.31653" lon="-83.586372"><ele>277.3</ele><time>2025-09-19T15:29:36Z</time></trkpt><trkpt lat="37.31647" lon="-83.586448"><ele>277.7</ele><time>2025-09-19T15:29:38Z</time></trkpt><trkpt lat="37.316426" lon="-83.58653"><ele>276.8</ele><time>2025-09-19T15:29:40Z</time></trkpt><trkpt lat="37.316353" lon="-83.586728"><ele>275.3</ele><time>2025-09-19T15:29:45Z</time></trkpt><trkpt lat="37.316261" lon="-83.587057"><ele>269.2</ele><time>2025-09-19T15:29:52Z</time></trkpt><trkpt lat="37.31623" lon="-83.587232"><ele>266.6</ele><time>2025-09-19T15:29:55Z</time></trkpt><trkpt lat="37.316227" lon="-83.587413"><ele>265.5</ele><time>2025-09-19T15:29:58Z</time></trkpt><trkpt lat="37.3163" lon="-83.587687"><ele>265.9</ele><time>2025-09-19T15:30:04Z</time></trkpt><trkpt lat="37.31633" lon="-83.587908"><ele>267.4</ele><time>2025-09-19T15:30:08Z</time></trkpt><trkpt lat="37.31633" lon="-83.588092"><ele>266.6</ele><time>2025-09-19T15:30:11Z</time></trkpt><trkpt lat="37.316316" lon="-83.588218"><ele>266.7</ele><time>2025-09-19T15:30:13Z</time></trkpt><trkpt lat="37.316293" lon="-83.588348"><ele>266.6</ele><time>2025-09-19T15:30:15Z</time></trkpt><trkpt lat="37.316272" lon="-83.588405"><ele>266.4</ele><time>2025-09-19T15:30:16Z</time></trkpt><trkpt lat="37.316204" lon="-83.588502"><ele>266.3</ele><time>2025-09-19T15:30:18Z</time></trkpt><trkpt lat="37.316123" lon="-83.588574"><ele>266.0</ele><time>2025-09-19T15:30:20Z</time></trkpt><trkpt lat="37.3159" lon="-83.588856"><ele>267.3</ele><time>2025-09-19T15:30:26Z</time></trkpt><trkpt lat="37.315821" lon="-83.58893"><ele>267.0</ele><time>2025-09-19T15:30:28Z</time></trkpt><trkpt lat="37.315678" lon="-83.589022"><ele>266.1</ele><time>2025-09-19T15:30:31Z</time></trkpt><trkpt lat="37.315401" lon="-83.589175"><ele>263.6</ele><time>2025-09-19T15:30:36Z</time></trkpt><trkpt lat="37.315247" lon="-83.589277"><ele>262.5</ele><time>2025-09-19T15:30:39Z</time></trkpt><trkpt lat="37.315023" lon="-83.589443"><ele>261.4</ele><time>2025-09-19T15:30:44Z</time></trkpt><trkpt lat="37.31489" lon="-83.58956"><ele>261.6</ele><time>2025-09-19T15:30:47Z</time></trkpt><trkpt lat="37.314451" lon="-83.590003"><ele>261.5</ele><time>2025-09-19T15:30:56Z</time></trkpt><trkpt lat="37.314341" lon="-83.590128"><ele>260.5</ele><time>2025-09-19T15:30:59Z</time></trkpt><trkpt lat="37.314178" lon="-83.590338"><ele>259.5</ele><time>2025-09-19T15:31:04Z</time></trkpt><trkpt lat="37.314099" lon="-83.590413"><ele>259.4</ele><time>2025-09-19T15:31:07Z</time></trkpt><trkpt lat="37.313868" lon="-83.590532"><ele>261.0</ele><time>2025-09-19T15:31:16Z</time></trkpt><trkpt lat="37.313578" lon="-83.590715"><ele>261.7</ele><time>2025-09-19T15:31:31Z</time></trkpt><trkpt lat="37.313373" lon="-83.590864"><ele>261.0</ele><time>2025-09-19T15:31:37Z</time></trkpt><trkpt lat="37.313335" lon="-83.590901"><ele>261.0</ele><time>2025-09-19T15:31:38Z</time></trkpt><trkpt lat="37.313188" lon="-83.591063"><ele>260.8</ele><time>2025-09-19T15:31:42Z</time></trkpt><trkpt lat="37.312944" lon="-83.591418"><ele>260.3</ele><time>2025-09-19T15:31:50Z</time></trkpt><trkpt lat="37.312689" lon="-83.591911"><ele>262.8</ele><time>2025-09-19T15:32:02Z</time></trkpt><trkpt lat="37.312577" lon="-83.592073"><ele>263.1</ele><time>2025-09-19T15:32:07Z</time></trkpt><trkpt lat="37.31251" lon="-83.592193"><ele>263.8</ele><time>2025-09-19T15:32:12Z</time></trkpt><trkpt lat="37.312509" lon="-83.59223"><ele>263.5</ele><time>2025-09-19T15:32:13Z</time></trkpt><trkpt lat="37.312542" lon="-83.592306"><ele>263.5</ele><time>2025-09-19T15:32:15Z</time></trkpt><trkpt lat="37.312653" lon="-83.592457"><ele>262.7</ele><time>2025-09-19T15:32:19Z</time></trkpt><trkpt lat="37.312901" lon="-83.59287"><ele>262.1</ele><time>2025-09-19T15:32:28Z</time></trkpt><trkpt lat="37.313029" lon="-83.593058"><ele>261.9</ele><time>2025-09-19T15:32:32Z</time></trkpt><trkpt lat="37.313255" lon="-83.593279"><ele>262.6</ele><time>2025-09-19T15:32:38Z</time></trkpt><trkpt lat="37.313526" lon="-83.593493"><ele>263.3</ele><time>2025-09-19T15:32:45Z</time></trkpt><trkpt lat="37.31379" lon="-83.593629"><ele>264.3</ele><time>2025-09-19T15:32:50Z</time></trkpt><trkpt lat="37.314045" lon="-83.593716"><ele>265.6</ele><time>2025-09-19T15:32:54Z</time></trkpt><trkpt lat="37.314181" lon="-83.59374"><ele>266.6</ele><time>2025-09-19T15:32:56Z</time></trkpt><trkpt lat="37.314313" lon="-83.593743"><ele>266.8</ele><time>2025-09-19T15:32:58Z</time></trkpt><trkpt lat="37.314592" lon="-83.593692"><ele>265.4</ele><time>2025-09-19T15:33:02Z</time></trkpt><trkpt lat="37.314657" lon="-83.593669"><ele>265.4</ele><time>2025-09-19T15:33:03Z</time></trkpt><trkpt lat="37.314769" lon="-83.593588"><ele>266.1</ele><time>2025-09-19T15:33:05Z</time></trkpt><trkpt lat="37.314941" lon="-83.593498"><ele>266.1</ele><time>2025-09-19T15:33:08Z</time></trkpt><trkpt lat="37.315006" lon="-83.593485"><ele>266.1</ele><time>2025-09-19T15:33:09Z</time></trkpt><trkpt lat="37.315144" lon="-83.593492"><ele>266.6</ele><time>2025-09-19T15:33:11Z</time></trkpt><trkpt lat="37.315437" lon="-83.59358"><ele>266.1</ele><time>2025-09-19T15:33:15Z</time></trkpt><trkpt lat="37.315594" lon="-83.593613"><ele>266.0</ele><time>2025-09-19T15:33:17Z</time></trkpt><trkpt lat="37.316062" lon="-83.593668"><ele>266.2</ele><time>2025-09-19T15:33:23Z</time></trkpt><trkpt lat="37.316263" lon="-83.593729"><ele>266.1</ele><time>2025-09-19T15:33:26Z</time></trkpt><trkpt lat="37.316457" lon="-83.593829"><ele>265.8</ele><time>2025-09-19T15:33:29Z</time></trkpt><trkpt lat="37.316802" lon="-83.594041"><ele>266.5</ele><time>2025-09-19T15:33:34Z</time></trkpt><trkpt lat="37.31703" lon="-83.594164"><ele>266.5</ele><time>2025-09-19T15:33:37Z</time></trkpt><trkpt lat="37.317539" lon="-83.594358"><ele>266.7</ele><time>2025-09-19T15:33:43Z</time></trkpt><trkpt lat="37.317701" lon="-83.594446"><ele>266.8</ele><time>2025-09-19T15:33:45Z</time></trkpt><trkpt lat="37.317859" lon="-83.594561"><ele>266.1</ele><time>2025-09-19T15:33:47Z</time></trkpt><trkpt lat="37.318747" lon="-83.595322"><ele>263.1</ele><time>2025-09-19T15:33:58Z</time></trkpt><trkpt lat="37.319082" lon="-83.595592"><ele>261.2</ele><time>2025-09-19T15:34:02Z</time></trkpt><trkpt lat="37.319251" lon="-83.595707"><ele>260.5</ele><time>2025-09-19T15:34:04Z</time></trkpt><trkpt lat="37.319495" lon="-83.595827"><ele>260.1</ele><time>2025-09-19T15:34:07Z</time></trkpt><trkpt lat="37.319568" lon="-83.595875"><ele>260.6</ele><time>2025-09-19T15:34:08Z</time></trkpt><trkpt lat="37.319629" lon="-83.59594"><ele>261.0</ele><time>2025-09-19T15:34:09Z</time></trkpt><trkpt lat="37.319831" lon="-83.596205"><ele>261.5</ele><time>2025-09-19T15:34:13Z</time></trkpt><trkpt lat="37.320054" lon="-83.596409"><ele>259.3</ele><time>2025-09-19T15:34:17Z</time></trkpt><trkpt lat="37.320172" lon="-83.59647"><ele>258.2</ele><time>2025-09-19T15:34:20Z</time></trkpt><trkpt lat="37.320341" lon="-83.596504"><ele>260.2</ele><time>2025-09-19T15:34:27Z</time></trkpt><trkpt lat="37.320396" lon="-83.596534"><ele>259.9</ele><time>2025-09-19T15:34:28Z</time></trkpt><trkpt lat="37.320446" lon="-83.59659"><ele>259.8</ele><time>2025-09-19T15:34:29Z</time></trkpt><trkpt lat="37.32049" lon="-83.596668"><ele>259.9</ele><time>2025-09-19T15:34:30Z</time></trkpt><trkpt lat="37.320594" lon="-83.596953"><ele>260.7</ele><time>2025-09-19T15:34:33Z</time></trkpt><trkpt lat="37.320731" lon="-83.597277"><ele>259.5</ele><time>2025-09-19T15:34:36Z</time></trkpt><trkpt lat="37.320846" lon="-83.597466"><ele>259.7</ele><time>2025-09-19T15:34:38Z</time></trkpt><trkpt lat="37.320908" lon="-83.597548"><ele>259.8</ele><time>2025-09-19T15:34:39Z</time></trkpt><trkpt lat="37.321038" lon="-83.597672"><ele>260.1</ele><time>2025-09-19T15:34:41Z</time></trkpt><trkpt lat="37.321296" lon="-83.597821"><ele>260.9</ele><time>2025-09-19T15:34:45Z</time></trkpt><trkpt lat="37.321425" lon="-83.597878"><ele>261.4</ele><time>2025-09-19T15:34:47Z</time></trkpt><trkpt lat="37.321608" lon="-83.597936"><ele>261.4</ele><time>2025-09-19T15:34:50Z</time></trkpt><trkpt lat="37.321745" lon="-83.597929"><ele>261.8</ele><time>2025-09-19T15:34:52Z</time></trkpt><trkpt lat="37.322011" lon="-83.597852"><ele>262.6</ele><time>2025-09-19T15:34:56Z</time></trkpt><trkpt lat="37.322286" lon="-83.597794"><ele>262.3</ele><time>2025-09-19T15:35:00Z</time></trkpt><trkpt lat="37.322519" lon="-83.597734"><ele>262.1</ele><time>2025-09-19T15:35:03Z</time></trkpt><trkpt lat="37.322769" lon="-83.597654"><ele>261.7</ele><time>2025-09-19T15:35:06Z</time></trkpt><trkpt lat="37.322938" lon="-83.597617"><ele>262.0</ele><time>2025-09-19T15:35:08Z</time></trkpt><trkpt lat="37.323193" lon="-83.59759"><ele>263.9</ele><time>2025-09-19T15:35:11Z</time></trkpt><trkpt lat="37.323454" lon="-83.597594"><ele>265.2</ele><time>2025-09-19T15:35:14Z</time></trkpt><trkpt lat="37.323632" lon="-83.597581"><ele>265.5</ele><time>2025-09-19T15:35:16Z</time></trkpt><trkpt lat="37.323823" lon="-83.597545"><ele>264.9</ele><time>2025-09-19T15:35:18Z</time></trkpt><trkpt lat="37.324023" lon="-83.59749"><ele>263.6</ele><time>2025-09-19T15:35:20Z</time></trkpt><trkpt lat="37.324229" lon="-83.597413"><ele>262.2</ele><time>2025-09-19T15:35:22Z</time></trkpt><trkpt lat="37.324438" lon="-83.597311"><ele>259.7</ele><time>2025-09-19T15:35:24Z</time></trkpt><trkpt lat="37.324818" lon="-83.597082"><ele>256.7</ele><time>2025-09-19T15:35:28Z</time></trkpt><trkpt lat="37.325105" lon="-83.596869"><ele>254.5</ele><time>2025-09-19T15:35:31Z</time></trkpt><trkpt lat="37.325205" lon="-83.596807"><ele>254.2</ele><time>2025-09-19T15:35:32Z</time></trkpt><trkpt lat="37.325306" lon="-83.596752"><ele>253.4</ele><time>2025-09-19T15:35:33Z</time></trkpt><trkpt lat="37.325406" lon="-83.596713"><ele>253.2</ele><time>2025-09-19T15:35:33Z</time></trkpt><trkpt lat="37.3256" lon="-83.596677"><ele>252.7</ele><time>2025-09-19T15:35:35Z</time></trkpt><trkpt lat="37.326187" lon="-83.596652"><ele>250.2</ele><time>2025-09-19T15:35:41Z</time></trkpt><trkpt lat="37.326475" lon="-83.59663"><ele>249.2</ele><time>2025-09-19T15:35:45Z</time></trkpt><trkpt lat="37.326672" lon="-83.596637"><ele>249.2</ele><time>2025-09-19T15:35:47Z</time></trkpt><trkpt lat="37.327417" lon="-83.596828"><ele>250.3</ele><time>2025-09-19T15:35:55Z</time></trkpt><trkpt lat="37.327694" lon="-83.596927"><ele>249.6</ele><time>2025-09-19T15:35:58Z</time></trkpt><trkpt lat="37.327966" lon="-83.59705"><ele>249.2</ele><time>2025-09-19T15:36:01Z</time></trkpt><trkpt lat="37.328326" lon="-83.59719"><ele>249.9</ele><time>2025-09-19T15:36:05Z</time></trkpt><trkpt lat="37.328499" lon="-83.597284"><ele>249.6</ele><time>2025-09-19T15:36:07Z</time></trkpt><trkpt lat="37.328649" lon="-83.59741"><ele>250.7</ele><time>2025-09-19T15:36:09Z</time></trkpt><trkpt lat="37.328803" lon="-83.597511"><ele>251.5</ele><time>2025-09-19T15:36:11Z</time></trkpt><trkpt lat="37.328962" lon="-83.59756"><ele>252.7</ele><time>2025-09-19T15:36:13Z</time></trkpt><trkpt lat="37.32941" lon="-83.597664"><ele>255.1</ele><time>2025-09-19T15:36:18Z</time></trkpt><trkpt lat="37.329621" lon="-83.597731"><ele>255.8</ele><time>2025-09-19T15:36:20Z</time></trkpt><trkpt lat="37.329843" lon="-83.597822"><ele>257.1</ele><time>2025-09-19T15:36:22Z</time></trkpt><trkpt lat="37.330156" lon="-83.597972"><ele>258.0</ele><time>2025-09-19T15:36:25Z</time></trkpt><trkpt lat="37.330545" lon="-83.598196"><ele>256.8</ele><time>2025-09-19T15:36:29Z</time></trkpt><trkpt lat="37.330995" lon="-83.598395"><ele>256.1</ele><time>2025-09-19T15:36:34Z</time></trkpt><trkpt lat="37.33113" lon="-83.598505"><ele>256.3</ele><time>2025-09-19T15:36:36Z</time></trkpt><trkpt lat="37.331388" lon="-83.598783"><ele>256.8</ele><time>2025-09-19T15:36:40Z</time></trkpt><trkpt lat="37.331676" lon="-83.599053"><ele>256.6</ele><time>2025-09-19T15:36:44Z</time></trkpt><trkpt lat="37.33189" lon="-83.599276"><ele>255.4</ele><time>2025-09-19T15:36:47Z</time></trkpt><trkpt lat="37.332031" lon="-83.599454"><ele>254.9</ele><time>2025-09-19T15:36:49Z</time></trkpt><trkpt lat="37.332223" lon="-83.599743"><ele>255.0</ele><time>2025-09-19T15:36:52Z</time></trkpt><trkpt lat="37.332359" lon="-83.599924"><ele>255.1</ele><time>2025-09-19T15:36:54Z</time></trkpt><trkpt lat="37.33252" lon="-83.600088"><ele>255.4</ele><time>2025-09-19T15:36:56Z</time></trkpt><trkpt lat="37.332686" lon="-83.600239"><ele>255.2</ele><time>2025-09-19T15:36:58Z</time></trkpt><trkpt lat="37.332762" lon="-83.600317"><ele>255.1</ele><time>2025-09-19T15:36:59Z</time></trkpt><trkpt lat="37.332829" lon="-83.600404"><ele>254.9</ele><time>2025-09-19T15:37:00Z</time></trkpt><trkpt lat="37.332894" lon="-83.600501"><ele>254.7</ele><time>2025-09-19T15:37:01Z</time></trkpt><trkpt lat="37.333016" lon="-83.600726"><ele>254.4</ele><time>2025-09-19T15:37:03Z</time></trkpt><trkpt lat="37.333457" lon="-83.601673"><ele>253.8</ele><time>2025-09-19T15:37:11Z</time></trkpt><trkpt lat="37.333649" lon="-83.601965"><ele>253.7</ele><time>2025-09-19T15:37:14Z</time></trkpt><trkpt lat="37.333804" lon="-83.602135"><ele>253.7</ele><time>2025-09-19T15:37:16Z</time></trkpt><trkpt lat="37.334143" lon="-83.602451"><ele>252.5</ele><time>2025-09-19T15:37:20Z</time></trkpt><trkpt lat="37.334415" lon="-83.602681"><ele>250.6</ele><time>2025-09-19T15:37:23Z</time></trkpt><trkpt lat="37.33458" lon="-83.602844"><ele>249.9</ele><time>2025-09-19T15:37:25Z</time></trkpt><trkpt lat="37.334784" lon="-83.603101"><ele>249.7</ele><time>2025-09-19T15:37:28Z</time></trkpt><trkpt lat="37.334867" lon="-83.603306"><ele>250.5</ele><time>2025-09-19T15:37:30Z</time></trkpt><trkpt lat="37.334974" lon="-83.603519"><ele>251.4</ele><time>2025-09-19T15:37:32Z</time></trkpt><trkpt lat="37.335205" lon="-83.603917"><ele>251.7</ele><time>2025-09-19T15:37:36Z</time></trkpt><trkpt lat="37.335448" lon="-83.60441"><ele>253.0</ele><time>2025-09-19T15:37:40Z</time></trkpt><trkpt lat="37.335563" lon="-83.604576"><ele>252.8</ele><time>2025-09-19T15:37:42Z</time></trkpt><trkpt lat="37.335804" lon="-83.604846"><ele>252.5</ele><time>2025-09-19T15:37:47Z</time></trkpt><trkpt lat="37.336012" lon="-83.605108"><ele>253.6</ele><time>2025-09-19T15:37:51Z</time></trkpt><trkpt lat="37.336092" lon="-83.605236"><ele>254.0</ele><time>2025-09-19T15:37:53Z</time></trkpt><trkpt lat="37.33614" lon="-83.605359"><ele>254.8</ele><time>2025-09-19T15:37:55Z</time></trkpt><trkpt lat="37.336175" lon="-83.605525"><ele>254.7</ele><time>2025-09-19T15:37:58Z</time></trkpt><trkpt lat="37.336189" lon="-83.605698"><ele>253.9</ele><time>2025-09-19T15:38:01Z</time></trkpt><trkpt lat="37.336179" lon="-83.606048"><ele>252.4</ele><time>2025-09-19T15:38:06Z</time></trkpt><trkpt lat="37.336154" lon="-83.606354"><ele>250.5</ele><time>2025-09-19T15:38:10Z</time></trkpt><trkpt lat="37.336111" lon="-83.606679"><ele>248.4</ele><time>2025-09-19T15:38:14Z</time></trkpt><trkpt lat="37.336037" lon="-83.607077"><ele>248.2</ele><time>2025-09-19T15:38:19Z</time></trkpt><trkpt lat="37.335981" lon="-83.607294"><ele>248.1</ele><time>2025-09-19T15:38:22Z</time></trkpt><trkpt lat="37.335868" lon="-83.607575"><ele>248.0</ele><time>2025-09-19T15:38:26Z</time></trkpt><trkpt lat="37.335722" lon="-83.608003"><ele>248.6</ele><time>2025-09-19T15:38:31Z</time></trkpt><trkpt lat="37.335606" lon="-83.608249"><ele>248.7</ele><time>2025-09-19T15:38:34Z</time></trkpt><trkpt lat="37.335462" lon="-83.608469"><ele>248.5</ele><time>2025-09-19T15:38:37Z</time></trkpt><trkpt lat="37.335346" lon="-83.608589"><ele>247.7</ele><time>2025-09-19T15:38:39Z</time></trkpt><trkpt lat="37.335215" lon="-83.608693"><ele>247.2</ele><time>2025-09-19T15:38:41Z</time></trkpt><trkpt lat="37.334666" lon="-83.608975"><ele>246.0</ele><time>2025-09-19T15:38:48Z</time></trkpt><trkpt lat="37.33452" lon="-83.609073"><ele>245.6</ele><time>2025-09-19T15:38:50Z</time></trkpt><trkpt lat="37.334389" lon="-83.609187"><ele>245.2</ele><time>2025-09-19T15:38:52Z</time></trkpt><trkpt lat="37.334335" lon="-83.609256"><ele>244.9</ele><time>2025-09-19T15:38:53Z</time></trkpt><trkpt lat="37.334291" lon="-83.609333"><ele>245.0</ele><time>2025-09-19T15:38:54Z</time></trkpt><trkpt lat="37.334257" lon="-83.609419"><ele>244.9</ele><time>2025-09-19T15:38:55Z</time></trkpt><trkpt lat="37.334211" lon="-83.609597"><ele>245.6</ele><time>2025-09-19T15:38:57Z</time></trkpt><trkpt lat="37.334103" lon="-83.610385"><ele>245.1</ele><time>2025-09-19T15:39:04Z</time></trkpt><trkpt lat="37.334095" lon="-83.610508"><ele>245.3</ele><time>2025-09-19T15:39:05Z</time></trkpt><trkpt lat="37.334106" lon="-83.610761"><ele>245.2</ele><time>2025-09-19T15:39:07Z</time></trkpt><trkpt lat="37.334157" lon="-83.611004"><ele>245.6</ele><time>2025-09-19T15:39:09Z</time></trkpt><trkpt lat="37.3342" lon="-83.611121"><ele>245.2</ele><time>2025-09-19T15:39:10Z</time></trkpt><trkpt lat="37.334312" lon="-83.61134"><ele>244.7</ele><time>2025-09-19T15:39:12Z</time></trkpt><trkpt lat="37.334519" lon="-83.611662"><ele>245.1</ele><time>2025-09-19T15:39:15Z</time></trkpt><trkpt lat="37.334648" lon="-83.611883"><ele>244.8</ele><time>2025-09-19T15:39:17Z</time></trkpt><trkpt lat="37.33494" lon="-83.612448"><ele>245.5</ele><time>2025-09-19T15:39:22Z</time></trkpt><trkpt lat="37.33507" lon="-83.612626"><ele>245.3</ele><time>2025-09-19T15:39:24Z</time></trkpt><trkpt lat="37.335537" lon="-83.61312"><ele>244.4</ele><time>2025-09-19T15:39:30Z</time></trkpt><trkpt lat="37.335621" lon="-83.613197"><ele>243.9</ele><time>2025-09-19T15:39:31Z</time></trkpt><trkpt lat="37.336172" lon="-83.613616"><ele>240.7</ele><time>2025-09-19T15:39:37Z</time></trkpt><trkpt lat="37.336507" lon="-83.613936"><ele>241.2</ele><time>2025-09-19T15:39:41Z</time></trkpt><trkpt lat="37.336817" lon="-83.6142"><ele>241.5</ele><time>2025-09-19T15:39:45Z</time></trkpt><trkpt lat="37.336968" lon="-83.614291"><ele>241.4</ele><time>2025-09-19T15:39:47Z</time></trkpt><trkpt lat="37.337048" lon="-83.614314"><ele>241.1</ele><time>2025-09-19T15:39:48Z</time></trkpt><trkpt lat="37.337132" lon="-83.614319"><ele>240.6</ele><time>2025-09-19T15:39:49Z</time></trkpt><trkpt lat="37.337219" lon="-83.61431"><ele>240.3</ele><time>2025-09-19T15:39:50Z</time></trkpt><trkpt lat="37.337505" lon="-83.614222"><ele>239.0</ele><time>2025-09-19T15:39:53Z</time></trkpt><trkpt lat="37.337892" lon="-83.614178"><ele>239.6</ele><time>2025-09-19T15:39:57Z</time></trkpt><trkpt lat="37.338106" lon="-83.614133"><ele>238.9</ele><time>2025-09-19T15:39:59Z</time></trkpt><trkpt lat="37.33858" lon="-83.613981"><ele>238.3</ele><time>2025-09-19T15:40:03Z</time></trkpt><trkpt lat="37.339364" lon="-83.613794"><ele>236.3</ele><time>2025-09-19T15:40:09Z</time></trkpt><trkpt lat="37.33961" lon="-83.613767"><ele>235.9</ele><time>2025-09-19T15:40:11Z</time></trkpt><trkpt lat="37.339851" lon="-83.613762"><ele>235.6</ele><time>2025-09-19T15:40:13Z</time></trkpt><trkpt lat="37.340204" lon="-83.613778"><ele>234.5</ele><time>2025-09-19T15:40:16Z</time></trkpt><trkpt lat="37.340454" lon="-83.613761"><ele>234.2</ele><time>2025-09-19T15:40:18Z</time></trkpt><trkpt lat="37.340964" lon="-83.613668"><ele>233.5</ele><time>2025-09-19T15:40:22Z</time></trkpt><trkpt lat="37.341431" lon="-83.613534"><ele>233.6</ele><time>2025-09-19T15:40:26Z</time></trkpt><trkpt lat="37.341544" lon="-83.613522"><ele>233.9</ele><time>2025-09-19T15:40:27Z</time></trkpt><trkpt lat="37.341648" lon="-83.613528"><ele>234.3</ele><time>2025-09-19T15:40:28Z</time></trkpt><trkpt lat="37.34175" lon="-83.613551"><ele>234.7</ele><time>2025-09-19T15:40:29Z</time></trkpt><trkpt lat="37.341841" lon="-83.613594"><ele>235.5</ele><time>2025-09-19T15:40:30Z</time></trkpt><trkpt lat="37.342089" lon="-83.61375"><ele>234.4</ele><time>2025-09-19T15:40:33Z</time></trkpt><trkpt lat="37.342265" lon="-83.613833"><ele>234.2</ele><time>2025-09-19T15:40:35Z</time></trkpt><trkpt lat="37.34272" lon="-83.614019"><ele>235.4</ele><time>2025-09-19T15:40:40Z</time></trkpt><trkpt lat="37.342963" lon="-83.614153"><ele>236.6</ele><time>2025-09-19T15:40:43Z</time></trkpt><trkpt lat="37.343032" lon="-83.61421"><ele>236.7</ele><time>2025-09-19T15:40:44Z</time></trkpt><trkpt lat="37.343166" lon="-83.614353"><ele>237.0</ele><time>2025-09-19T15:40:46Z</time></trkpt><trkpt lat="37.343273" lon="-83.614543"><ele>237.5</ele><time>2025-09-19T15:40:48Z</time></trkpt><trkpt lat="37.34333" lon="-83.614785"><ele>237.2</ele><time>2025-09-19T15:40:50Z</time></trkpt><trkpt lat="37.343342" lon="-83.614908"><ele>237.1</ele><time>2025-09-19T15:40:51Z</time></trkpt><trkpt lat="37.34334" lon="-83.615033"><ele>237.5</ele><time>2025-09-19T15:40:52Z</time></trkpt><trkpt lat="37.343314" lon="-83.615276"><ele>238.1</ele><time>2025-09-19T15:40:54Z</time></trkpt><trkpt lat="37.343203" lon="-83.616009"><ele>241.1</ele><time>2025-09-19T15:41:00Z</time></trkpt><trkpt lat="37.34319" lon="-83.61625"><ele>242.4</ele><time>2025-09-19T15:41:02Z</time></trkpt><trkpt lat="37.343225" lon="-83.616753"><ele>241.9</ele><time>2025-09-19T15:41:06Z</time></trkpt><trkpt lat="37.343229" lon="-83.617109"><ele>242.9</ele><time>2025-09-19T15:41:09Z</time></trkpt><trkpt lat="37.343261" lon="-83.617499"><ele>242.0</ele><time>2025-09-19T15:41:12Z</time></trkpt><trkpt lat="37.343258" lon="-83.617761"><ele>242.2</ele><time>2025-09-19T15:41:14Z</time></trkpt><trkpt lat="37.343232" lon="-83.618155"><ele>242.1</ele><time>2025-09-19T15:41:17Z</time></trkpt><trkpt lat="37.343201" lon="-83.618405"><ele>241.8</ele><time>2025-09-19T15:41:19Z</time></trkpt><trkpt lat="37.343142" lon="-83.618653"><ele>242.5</ele><time>2025-09-19T15:41:21Z</time></trkpt><trkpt lat="37.342967" lon="-83.619177"><ele>247.2</ele><time>2025-09-19T15:41:26Z</time></trkpt><trkpt lat="37.342944" lon="-83.619272"><ele>248.3</ele><time>2025-09-19T15:41:27Z</time></trkpt><trkpt lat="37.342923" lon="-83.619471"><ele>250.0</ele><time>2025-09-19T15:41:29Z</time></trkpt><trkpt lat="37.342916" lon="-83.619673"><ele>251.1</ele><time>2025-09-19T15:41:31Z</time></trkpt><trkpt lat="37.342925" lon="-83.620152"><ele>252.2</ele><time>2025-09-19T15:41:35Z</time></trkpt><trkpt lat="37.342962" lon="-83.620843"><ele>251.6</ele><time>2025-09-19T15:41:40Z</time></trkpt><trkpt lat="37.342931" lon="-83.621352"><ele>252.3</ele><time>2025-09-19T15:41:44Z</time></trkpt><trkpt lat="37.342953" lon="-83.621612"><ele>252.1</ele><time>2025-09-19T15:41:46Z</time></trkpt><trkpt lat="37.342997" lon="-83.621868"><ele>251.9</ele><time>2025-09-19T15:41:48Z</time></trkpt><trkpt lat="37.343066" lon="-83.622118"><ele>252.1</ele><time>2025-09-19T15:41:50Z</time></trkpt><trkpt lat="37.343416" lon="-83.622974"><ele>250.0</ele><time>2025-09-19T15:41:58Z</time></trkpt><trkpt lat="37.343446" lon="-83.62309"><ele>248.6</ele><time>2025-09-19T15:41:59Z</time></trkpt><trkpt lat="37.343516" lon="-83.62352"><ele>245.2</ele><time>2025-09-19T15:42:03Z</time></trkpt><trkpt lat="37.343544" lon="-83.623616"><ele>244.1</ele><time>2025-09-19T15:42:04Z</time></trkpt><trkpt lat="37.343586" lon="-83.623695"><ele>242.7</ele><time>2025-09-19T15:42:05Z</time></trkpt><trkpt lat="37.343706" lon="-83.623822"><ele>240.4</ele><time>2025-09-19T15:42:07Z</time></trkpt><trkpt lat="37.343785" lon="-83.623871"><ele>239.1</ele><time>2025-09-19T15:42:08Z</time></trkpt><trkpt lat="37.343875" lon="-83.623908"><ele>237.8</ele><time>2025-09-19T15:42:09Z</time></trkpt><trkpt lat="37.343975" lon="-83.623926"><ele>236.7</ele><time>2025-09-19T15:42:10Z</time></trkpt><trkpt lat="37.34431" lon="-83.623926"><ele>234.4</ele><time>2025-09-19T15:42:13Z</time></trkpt><trkpt lat="37.344525" lon="-83.623945"><ele>234.3</ele><time>2025-09-19T15:42:15Z</time></trkpt><trkpt lat="37.344728" lon="-83.623994"><ele>234.2</ele><time>2025-09-19T15:42:17Z</time></trkpt><trkpt lat="37.344911" lon="-83.624067"><ele>235.0</ele><time>2025-09-19T15:42:19Z</time></trkpt><trkpt lat="37.345064" lon="-83.624161"><ele>235.6</ele><time>2025-09-19T15:42:21Z</time></trkpt><trkpt lat="37.345199" lon="-83.624273"><ele>235.1</ele><time>2025-09-19T15:42:23Z</time></trkpt><trkpt lat="37.345379" lon="-83.624468"><ele>234.1</ele><time>2025-09-19T15:42:26Z</time></trkpt><trkpt lat="37.345553" lon="-83.624695"><ele>232.6</ele><time>2025-09-19T15:42:29Z</time></trkpt><trkpt lat="37.345751" lon="-83.624999"><ele>229.3</ele><time>2025-09-19T15:42:33Z</time></trkpt><trkpt lat="37.345853" lon="-83.625102"><ele>228.8</ele><time>2025-09-19T15:42:35Z</time></trkpt><trkpt lat="37.345972" lon="-83.625164"><ele>228.3</ele><time>2025-09-19T15:42:37Z</time></trkpt><trkpt lat="37.346105" lon="-83.625198"><ele>228.0</ele><time>2025-09-19T15:42:39Z</time></trkpt><trkpt lat="37.346675" lon="-83.625199"><ele>227.9</ele><time>2025-09-19T15:42:47Z</time></trkpt><trkpt lat="37.347168" lon="-83.625284"><ele>229.3</ele><time>2025-09-19T15:42:53Z</time></trkpt><trkpt lat="37.34747" lon="-83.625307"><ele>229.5</ele><time>2025-09-19T15:42:56Z</time></trkpt><trkpt lat="37.347786" lon="-83.625283"><ele>229.1</ele><time>2025-09-19T15:42:59Z</time></trkpt><trkpt lat="37.348295" lon="-83.625223"><ele>228.7</ele><time>2025-09-19T15:43:04Z</time></trkpt><trkpt lat="37.348481" lon="-83.625186"><ele>228.9</ele><time>2025-09-19T15:43:06Z</time></trkpt><trkpt lat="37.348566" lon="-83.625156"><ele>228.5</ele><time>2025-09-19T15:43:07Z</time></trkpt><trkpt lat="37.348651" lon="-83.625144"><ele>228.7</ele><time>2025-09-19T15:43:08Z</time></trkpt><trkpt lat="37.348731" lon="-83.625149"><ele>228.8</ele><time>2025-09-19T15:43:09Z</time></trkpt><trkpt lat="37.348813" lon="-83.62517"><ele>228.9</ele><time>2025-09-19T15:43:10Z</time></trkpt><trkpt lat="37.348894" lon="-83.625208"><ele>228.9</ele><time>2025-09-19T15:43:11Z</time></trkpt><trkpt lat="37.349055" lon="-83.625311"><ele>228.8</ele><time>2025-09-19T15:43:13Z</time></trkpt><trkpt lat="37.349269" lon="-83.625514"><ele>229.1</ele><time>2025-09-19T15:43:16Z</time></trkpt><trkpt lat="37.349332" lon="-83.625592"><ele>229.3</ele><time>2025-09-19T15:43:17Z</time></trkpt><trkpt lat="37.349437" lon="-83.625755"><ele>230.0</ele><time>2025-09-19T15:43:19Z</time></trkpt><trkpt lat="37.349478" lon="-83.625838"><ele>230.6</ele><time>2025-09-19T15:43:20Z</time></trkpt><trkpt lat="37.349526" lon="-83.626032"><ele>232.0</ele><time>2025-09-19T15:43:22Z</time></trkpt><trkpt lat="37.349552" lon="-83.626234"><ele>233.7</ele><time>2025-09-19T15:43:24Z</time></trkpt><trkpt lat="37.349578" lon="-83.62634"><ele>234.9</ele><time>2025-09-19T15:43:25Z</time></trkpt><trkpt lat="37.349615" lon="-83.626435"><ele>235.6</ele><time>2025-09-19T15:43:26Z</time></trkpt><trkpt lat="37.349666" lon="-83.626525"><ele>235.2</ele><time>2025-09-19T15:43:27Z</time></trkpt><trkpt lat="37.349727" lon="-83.626607"><ele>235.0</ele><time>2025-09-19T15:43:28Z</time></trkpt><trkpt lat="37.349873" lon="-83.626748"><ele>234.9</ele><time>2025-09-19T15:43:30Z</time></trkpt><trkpt lat="37.35035" lon="-83.627171"><ele>235.7</ele><time>2025-09-19T15:43:36Z</time></trkpt><trkpt lat="37.350426" lon="-83.627273"><ele>236.2</ele><time>2025-09-19T15:43:37Z</time></trkpt><trkpt lat="37.350487" lon="-83.627394"><ele>236.8</ele><time>2025-09-19T15:43:38Z</time></trkpt><trkpt lat="37.350635" lon="-83.627792"><ele>236.3</ele><time>2025-09-19T15:43:41Z</time></trkpt><trkpt lat="37.350698" lon="-83.627927"><ele>235.3</ele><time>2025-09-19T15:43:42Z</time></trkpt><trkpt lat="37.350771" lon="-83.628055"><ele>234.8</ele><time>2025-09-19T15:43:43Z</time></trkpt><trkpt lat="37.351014" lon="-83.628412"><ele>233.8</ele><time>2025-09-19T15:43:46Z</time></trkpt><trkpt lat="37.351144" lon="-83.628661"><ele>233.3</ele><time>2025-09-19T15:43:48Z</time></trkpt><trkpt lat="37.351188" lon="-83.628795"><ele>233.1</ele><time>2025-09-19T15:43:49Z</time></trkpt><trkpt lat="37.351283" lon="-83.629312"><ele>234.1</ele><time>2025-09-19T15:43:53Z</time></trkpt><trkpt lat="37.351318" lon="-83.629408"><ele>234.8</ele><time>2025-09-19T15:43:54Z</time></trkpt><trkpt lat="37.351365" lon="-83.629498"><ele>235.0</ele><time>2025-09-19T15:43:55Z</time></trkpt><trkpt lat="37.351555" lon="-83.6298"><ele>234.6</ele><time>2025-09-19T15:43:58Z</time></trkpt><trkpt lat="37.351743" lon="-83.630163"><ele>235.0</ele><time>2025-09-19T15:44:01Z</time></trkpt><trkpt lat="37.352037" lon="-83.630589"><ele>234.1</ele><time>2025-09-19T15:44:05Z</time></trkpt><trkpt lat="37.352341" lon="-83.631168"><ele>235.0</ele><time>2025-09-19T15:44:11Z</time></trkpt><trkpt lat="37.352371" lon="-83.631264"><ele>234.4</ele><time>2025-09-19T15:44:12Z</time></trkpt><trkpt lat="37.352382" lon="-83.631367"><ele>234.6</ele><time>2025-09-19T15:44:13Z</time></trkpt><trkpt lat="37.352347" lon="-83.631802"><ele>236.2</ele><time>2025-09-19T15:44:17Z</time></trkpt><trkpt lat="37.35238" lon="-83.63211"><ele>237.6</ele><time>2025-09-19T15:44:20Z</time></trkpt><trkpt lat="37.352461" lon="-83.632616"><ele>237.8</ele><time>2025-09-19T15:44:25Z</time></trkpt><trkpt lat="37.352465" lon="-83.632735"><ele>236.8</ele><time>2025-09-19T15:44:26Z</time></trkpt><trkpt lat="37.352382" lon="-83.633261"><ele>235.7</ele><time>2025-09-19T15:44:30Z</time></trkpt><trkpt lat="37.352368" lon="-83.633525"><ele>234.3</ele><time>2025-09-19T15:44:32Z</time></trkpt><trkpt lat="37.352397" lon="-83.633851"><ele>233.4</ele><time>2025-09-19T15:44:35Z</time></trkpt><trkpt lat="37.35242" lon="-83.633951"><ele>232.8</ele><time>2025-09-19T15:44:36Z</time></trkpt><trkpt lat="37.352464" lon="-83.634035"><ele>231.9</ele><time>2025-09-19T15:44:37Z</time></trkpt><trkpt lat="37.352532" lon="-83.634107"><ele>231.2</ele><time>2025-09-19T15:44:38Z</time></trkpt><trkpt lat="37.352614" lon="-83.634164"><ele>230.0</ele><time>2025-09-19T15:44:39Z</time></trkpt><trkpt lat="37.353334" lon="-83.634553"><ele>227.9</ele><time>2025-09-19T15:44:46Z</time></trkpt><trkpt lat="37.353449" lon="-83.634624"><ele>227.5</ele><time>2025-09-19T15:44:47Z</time></trkpt><trkpt lat="37.353786" lon="-83.63487"><ele>227.3</ele><time>2025-09-19T15:44:50Z</time></trkpt><trkpt lat="37.354015" lon="-83.634992"><ele>226.7</ele><time>2025-09-19T15:44:52Z</time></trkpt><trkpt lat="37.354123" lon="-83.635063"><ele>225.9</ele><time>2025-09-19T15:44:53Z</time></trkpt><trkpt lat="37.354215" lon="-83.635163"><ele>225.2</ele><time>2025-09-19T15:44:54Z</time></trkpt><trkpt lat="37.354381" lon="-83.635374"><ele>225.1</ele><time>2025-09-19T15:44:56Z</time></trkpt><trkpt lat="37.354475" lon="-83.635459"><ele>225.3</ele><time>2025-09-19T15:44:57Z</time></trkpt><trkpt lat="37.354584" lon="-83.635524"><ele>224.6</ele><time>2025-09-19T15:44:58Z</time></trkpt><trkpt lat="37.354701" lon="-83.635566"><ele>224.2</ele><time>2025-09-19T15:44:59Z</time></trkpt><trkpt lat="37.354822" lon="-83.635591"><ele>224.2</ele><time>2025-09-19T15:45:00Z</time></trkpt><trkpt lat="37.355067" lon="-83.635595"><ele>224.8</ele><time>2025-09-19T15:45:02Z</time></trkpt><trkpt lat="37.355189" lon="-83.635567"><ele>225.2</ele><time>2025-09-19T15:45:03Z</time></trkpt><trkpt lat="37.355537" lon="-83.635443"><ele>228.2</ele><time>2025-09-19T15:45:06Z</time></trkpt><trkpt lat="37.356831" lon="-83.635037"><ele>227.0</ele><time>2025-09-19T15:45:17Z</time></trkpt><trkpt lat="37.357025" lon="-83.634928"><ele>226.8</ele><time>2025-09-19T15:45:19Z</time></trkpt><trkpt lat="37.357111" lon="-83.634833"><ele>227.5</ele><time>2025-09-19T15:45:20Z</time></trkpt><trkpt lat="37.357262" lon="-83.63462"><ele>227.8</ele><time>2025-09-19T15:45:22Z</time></trkpt><trkpt lat="37.357469" lon="-83.634245"><ele>227.5</ele><time>2025-09-19T15:45:25Z</time></trkpt><trkpt lat="37.357636" lon="-83.63386"><ele>227.3</ele><time>2025-09-19T15:45:28Z</time></trkpt><trkpt lat="37.357697" lon="-83.633747"><ele>227.0</ele><time>2025-09-19T15:45:29Z</time></trkpt><trkpt lat="37.357825" lon="-83.633584"><ele>228.1</ele><time>2025-09-19T15:45:31Z</time></trkpt><trkpt lat="37.357898" lon="-83.633535"><ele>228.7</ele><time>2025-09-19T15:45:32Z</time></trkpt><trkpt lat="37.357975" lon="-83.633498"><ele>229.3</ele><time>2025-09-19T15:45:33Z</time></trkpt><trkpt lat="37.358049" lon="-83.633493"><ele>229.8</ele><time>2025-09-19T15:45:34Z</time></trkpt><trkpt lat="37.358125" lon="-83.633507"><ele>229.9</ele><time>2025-09-19T15:45:35Z</time></trkpt><trkpt lat="37.358384" lon="-83.633636"><ele>230.0</ele><time>2025-09-19T15:45:38Z</time></trkpt><trkpt lat="37.358486" lon="-83.633657"><ele>229.6</ele><time>2025-09-19T15:45:39Z</time></trkpt><trkpt lat="37.358588" lon="-83.633653"><ele>230.1</ele><time>2025-09-19T15:45:40Z</time></trkpt><trkpt lat="37.358694" lon="-83.633618"><ele>230.7</ele><time>2025-09-19T15:45:41Z</time></trkpt><trkpt lat="37.359217" lon="-83.633367"><ele>231.2</ele><time>2025-09-19T15:45:46Z</time></trkpt><trkpt lat="37.359316" lon="-83.633301"><ele>231.1</ele><time>2025-09-19T15:45:47Z</time></trkpt><trkpt lat="37.359498" lon="-83.633119"><ele>231.2</ele><time>2025-09-19T15:45:49Z</time></trkpt><trkpt lat="37.359912" lon="-83.632529"><ele>233.2</ele><time>2025-09-19T15:45:55Z</time></trkpt><trkpt lat="37.359955" lon="-83.632427"><ele>232.7</ele><time>2025-09-19T15:45:56Z</time></trkpt><trkpt lat="37.360024" lon="-83.632109"><ele>231.4</ele><time>2025-09-19T15:45:59Z</time></trkpt><trkpt lat="37.360085" lon="-83.631957"><ele>231.5</ele><time>2025-09-19T15:46:01Z</time></trkpt><trkpt lat="37.360153" lon="-83.631846"><ele>231.6</ele><time>2025-09-19T15:46:03Z</time></trkpt><trkpt lat="37.360192" lon="-83.631812"><ele>231.7</ele><time>2025-09-19T15:46:04Z</time></trkpt><trkpt lat="37.360245" lon="-83.631796"><ele>231.9</ele><time>2025-09-19T15:46:05Z</time></trkpt><trkpt lat="37.360302" lon="-83.631813"><ele>231.9</ele><time>2025-09-19T15:46:06Z</time></trkpt><trkpt lat="37.360366" lon="-83.631847"><ele>231.7</ele><time>2025-09-19T15:46:07Z</time></trkpt><trkpt lat="37.360516" lon="-83.631944"><ele>231.3</ele><time>2025-09-19T15:46:09Z</time></trkpt><trkpt lat="37.360921" lon="-83.632284"><ele>231.4</ele><time>2025-09-19T15:46:14Z</time></trkpt><trkpt lat="37.361425" lon="-83.632636"><ele>231.2</ele><time>2025-09-19T15:46:20Z</time></trkpt><trkpt lat="37.361711" lon="-83.632804"><ele>231.5</ele><time>2025-09-19T15:46:23Z</time></trkpt><trkpt lat="37.36203" lon="-83.632956"><ele>232.7</ele><time>2025-09-19T15:46:26Z</time></trkpt><trkpt lat="37.362265" lon="-83.633045"><ele>233.6</ele><time>2025-09-19T15:46:28Z</time></trkpt><trkpt lat="37.362519" lon="-83.63311"><ele>234.9</ele><time>2025-09-19T15:46:30Z</time></trkpt><trkpt lat="37.36265" lon="-83.633133"><ele>235.9</ele><time>2025-09-19T15:46:31Z</time></trkpt><trkpt lat="37.363764" lon="-83.63326"><ele>246.1</ele><time>2025-09-19T15:46:39Z</time></trkpt><trkpt lat="37.363899" lon="-83.633262"><ele>248.0</ele><time>2025-09-19T15:46:40Z</time></trkpt><trkpt lat="37.364029" lon="-83.633247"><ele>249.7</ele><time>2025-09-19T15:46:41Z</time></trkpt><trkpt lat="37.364402" lon="-83.633126"><ele>253.2</ele><time>2025-09-19T15:46:44Z</time></trkpt><trkpt lat="37.36453" lon="-83.633095"><ele>254.5</ele><time>2025-09-19T15:46:45Z</time></trkpt><trkpt lat="37.364656" lon="-83.633085"><ele>255.8</ele><time>2025-09-19T15:46:46Z</time></trkpt><trkpt lat="37.365028" lon="-83.633085"><ele>260.4</ele><time>2025-09-19T15:46:49Z</time></trkpt><trkpt lat="37.365383" lon="-83.633061"><ele>264.0</ele><time>2025-09-19T15:46:52Z</time></trkpt><trkpt lat="37.365859" lon="-83.632999"><ele>268.1</ele><time>2025-09-19T15:46:56Z</time></trkpt><trkpt lat="37.365981" lon="-83.633001"><ele>269.0</ele><time>2025-09-19T15:46:57Z</time></trkpt><trkpt lat="37.366476" lon="-83.633059"><ele>272.9</ele><time>2025-09-19T15:47:01Z</time></trkpt><trkpt lat="37.366602" lon="-83.633059"><ele>273.6</ele><time>2025-09-19T15:47:02Z</time></trkpt><trkpt lat="37.366998" lon="-83.633019"><ele>277.5</ele><time>2025-09-19T15:47:05Z</time></trkpt><trkpt lat="37.36713" lon="-83.633023"><ele>279.1</ele><time>2025-09-19T15:47:06Z</time></trkpt><trkpt lat="37.36752" lon="-83.633092"><ele>282.9</ele><time>2025-09-19T15:47:09Z</time></trkpt><trkpt lat="37.367651" lon="-83.633089"><ele>284.7</ele><time>2025-09-19T15:47:10Z</time></trkpt><trkpt lat="37.368056" lon="-83.633048"><ele>288.7</ele><time>2025-09-19T15:47:13Z</time></trkpt><trkpt lat="37.368464" lon="-83.633045"><ele>292.2</ele><time>2025-09-19T15:47:16Z</time></trkpt><trkpt lat="37.36921" lon="-83.632983"><ele>297.0</ele><time>2025-09-19T15:47:21Z</time></trkpt><trkpt lat="37.36953" lon="-83.632979"><ele>298.6</ele><time>2025-09-19T15:47:23Z</time></trkpt><trkpt lat="37.369689" lon="-83.632991"><ele>299.1</ele><time>2025-09-19T15:47:24Z</time></trkpt><trkpt lat="37.369849" lon="-83.63302"><ele>299.7</ele><time>2025-09-19T15:47:25Z</time></trkpt><trkpt lat="37.370007" lon="-83.63307"><ele>300.3</ele><time>2025-09-19T15:47:26Z</time></trkpt><trkpt lat="37.371224" lon="-83.633515"><ele>301.1</ele><time>2025-09-19T15:47:34Z</time></trkpt><trkpt lat="37.371463" lon="-83.633583"><ele>301.9</ele><time>2025-09-19T15:47:36Z</time></trkpt><trkpt lat="37.37156" lon="-83.633599"><ele>302.2</ele><time>2025-09-19T15:47:37Z</time></trkpt><trkpt lat="37.371661" lon="-83.63359"><ele>302.5</ele><time>2025-09-19T15:47:38Z</time></trkpt><trkpt lat="37.371761" lon="-83.633558"><ele>303.7</ele><time>2025-09-19T15:47:39Z</time></trkpt><trkpt lat="37.37186" lon="-83.633505"><ele>305.0</ele><time>2025-09-19T15:47:40Z</time></trkpt><trkpt lat="37.371955" lon="-83.63343"><ele>305.6</ele><time>2025-09-19T15:47:41Z</time></trkpt><trkpt lat="37.372779" lon="-83.632627"><ele>310.6</ele><time>2025-09-19T15:47:49Z</time></trkpt><trkpt lat="37.372998" lon="-83.632425"><ele>312.3</ele><time>2025-09-19T15:47:51Z</time></trkpt><trkpt lat="37.373331" lon="-83.63215"><ele>316.4</ele><time>2025-09-19T15:47:54Z</time></trkpt><trkpt lat="37.373571" lon="-83.631993"><ele>318.4</ele><time>2025-09-19T15:47:56Z</time></trkpt><trkpt lat="37.373843" lon="-83.631887"><ele>319.9</ele><time>2025-09-19T15:47:58Z</time></trkpt><trkpt lat="37.374252" lon="-83.631779"><ele>323.8</ele><time>2025-09-19T15:48:01Z</time></trkpt><trkpt lat="37.374534" lon="-83.631673"><ele>326.4</ele><time>2025-09-19T15:48:03Z</time></trkpt><trkpt lat="37.374821" lon="-83.631541"><ele>329.1</ele><time>2025-09-19T15:48:05Z</time></trkpt><trkpt lat="37.375112" lon="-83.631388"><ele>332.0</ele><time>2025-09-19T15:48:07Z</time></trkpt><trkpt lat="37.37571" lon="-83.631049"><ele>336.0</ele><time>2025-09-19T15:48:11Z</time></trkpt><trkpt lat="37.375862" lon="-83.630968"><ele>336.7</ele><time>2025-09-19T15:48:12Z</time></trkpt><trkpt lat="37.37602" lon="-83.630899"><ele>337.6</ele><time>2025-09-19T15:48:13Z</time></trkpt><trkpt lat="37.376182" lon="-83.630852"><ele>339.1</ele><time>2025-09-19T15:48:14Z</time></trkpt><trkpt lat="37.376345" lon="-83.630827"><ele>341.0</ele><time>2025-09-19T15:48:15Z</time></trkpt><trkpt lat="37.376964" lon="-83.63077"><ele>351.8</ele><time>2025-09-19T15:48:19Z</time></trkpt><trkpt lat="37.377549" lon="-83.6307"><ele>360.7</ele><time>2025-09-19T15:48:23Z</time></trkpt><trkpt lat="37.377691" lon="-83.630703"><ele>363.3</ele><time>2025-09-19T15:48:24Z</time></trkpt><trkpt lat="37.377827" lon="-83.630726"><ele>365.8</ele><time>2025-09-19T15:48:25Z</time></trkpt><trkpt lat="37.377955" lon="-83.630775"><ele>367.9</ele><time>2025-09-19T15:48:26Z</time></trkpt><trkpt lat="37.378079" lon="-83.630844"><ele>369.6</ele><time>2025-09-19T15:48:27Z</time></trkpt><trkpt lat="37.378193" lon="-83.630931"><ele>371.6</ele><time>2025-09-19T15:48:28Z</time></trkpt><trkpt lat="37.37829" lon="-83.631033"><ele>373.0</ele><time>2025-09-19T15:48:29Z</time></trkpt><trkpt lat="37.378368" lon="-83.631156"><ele>374.4</ele><time>2025-09-19T15:48:30Z</time></trkpt><trkpt lat="37.378427" lon="-83.631313"><ele>377.7</ele><time>2025-09-19T15:48:31Z</time></trkpt><trkpt lat="37.378451" lon="-83.631464"><ele>379.3</ele><time>2025-09-19T15:48:32Z</time></trkpt><trkpt lat="37.378437" lon="-83.631779"><ele>382.4</ele><time>2025-09-19T15:48:34Z</time></trkpt><trkpt lat="37.378386" lon="-83.632063"><ele>382.5</ele><time>2025-09-19T15:48:36Z</time></trkpt><trkpt lat="37.378228" lon="-83.632618"><ele>376.9</ele><time>2025-09-19T15:48:40Z</time></trkpt><trkpt lat="37.378208" lon="-83.632748"><ele>375.6</ele><time>2025-09-19T15:48:41Z</time></trkpt><trkpt lat="37.378216" lon="-83.632869"><ele>374.3</ele><time>2025-09-19T15:48:42Z</time></trkpt><trkpt lat="37.378262" lon="-83.632986"><ele>372.8</ele><time>2025-09-19T15:48:43Z</time></trkpt><trkpt lat="37.378337" lon="-83.633083"><ele>371.4</ele><time>2025-09-19T15:48:44Z</time></trkpt><trkpt lat="37.378636" lon="-83.633354"><ele>365.9</ele><time>2025-09-19T15:48:47Z</time></trkpt><trkpt lat="37.378728" lon="-83.633429"><ele>364.4</ele><time>2025-09-19T15:48:48Z</time></trkpt><trkpt lat="37.378814" lon="-83.633478"><ele>363.5</ele><time>2025-09-19T15:48:49Z</time></trkpt><trkpt lat="37.378902" lon="-83.633488"><ele>361.8</ele><time>2025-09-19T15:48:50Z</time></trkpt><trkpt lat="37.378991" lon="-83.633456"><ele>360.2</ele><time>2025-09-19T15:48:51Z</time></trkpt><trkpt lat="37.379075" lon="-83.633368"><ele>359.7</ele><time>2025-09-19T15:48:52Z</time></trkpt><trkpt lat="37.379157" lon="-83.63326"><ele>358.8</ele><time>2025-09-19T15:48:53Z</time></trkpt><trkpt lat="37.379327" lon="-83.633"><ele>354.1</ele><time>2025-09-19T15:48:55Z</time></trkpt><trkpt lat="37.379632" lon="-83.632465"><ele>347.1</ele><time>2025-09-19T15:48:59Z</time></trkpt><trkpt lat="37.379736" lon="-83.632362"><ele>345.7</ele><time>2025-09-19T15:49:00Z</time></trkpt><trkpt lat="37.379853" lon="-83.632277"><ele>344.8</ele><time>2025-09-19T15:49:01Z</time></trkpt><trkpt lat="37.380127" lon="-83.632124"><ele>341.5</ele><time>2025-09-19T15:49:03Z</time></trkpt><trkpt lat="37.380417" lon="-83.631931"><ele>336.8</ele><time>2025-09-19T15:49:05Z</time></trkpt><trkpt lat="37.380706" lon="-83.631724"><ele>331.8</ele><time>2025-09-19T15:49:07Z</time></trkpt><trkpt lat="37.380832" lon="-83.631618"><ele>329.5</ele><time>2025-09-19T15:49:08Z</time></trkpt><trkpt lat="37.381055" lon="-83.631405"><ele>324.8</ele><time>2025-09-19T15:49:10Z</time></trkpt><trkpt lat="37.381173" lon="-83.63131"><ele>322.8</ele><time>2025-09-19T15:49:11Z</time></trkpt><trkpt lat="37.381301" lon="-83.631248"><ele>320.7</ele><time>2025-09-19T15:49:12Z</time></trkpt><trkpt lat="37.381454" lon="-83.631218"><ele>318.3</ele><time>2025-09-19T15:49:13Z</time></trkpt><trkpt lat="37.381606" lon="-83.631213"><ele>316.2</ele><time>2025-09-19T15:49:14Z</time></trkpt><trkpt lat="37.382069" lon="-83.631243"><ele>309.9</ele><time>2025-09-19T15:49:17Z</time></trkpt><trkpt lat="37.382347" lon="-83.631284"><ele>306.1</ele><time>2025-09-19T15:49:19Z</time></trkpt><trkpt lat="37.382792" lon="-83.631367"><ele>301.2</ele><time>2025-09-19T15:49:23Z</time></trkpt><trkpt lat="37.382898" lon="-83.631359"><ele>300.2</ele><time>2025-09-19T15:49:24Z</time></trkpt><trkpt lat="37.383005" lon="-83.631321"><ele>299.8</ele><time>2025-09-19T15:49:25Z</time></trkpt><trkpt lat="37.383111" lon="-83.631255"><ele>298.6</ele><time>2025-09-19T15:49:26Z</time></trkpt><trkpt lat="37.383336" lon="-83.631089"><ele>295.0</ele><time>2025-09-19T15:49:28Z</time></trkpt><trkpt lat="37.384149" lon="-83.630572"><ele>286.6</ele><time>2025-09-19T15:49:35Z</time></trkpt><trkpt lat="37.384239" lon="-83.630506"><ele>285.6</ele><time>2025-09-19T15:49:36Z</time></trkpt><trkpt lat="37.384323" lon="-83.630419"><ele>284.9</ele><time>2025-09-19T15:49:37Z</time></trkpt><trkpt lat="37.384396" lon="-83.63031"><ele>284.4</ele><time>2025-09-19T15:49:38Z</time></trkpt><trkpt lat="37.384651" lon="-83.629751"><ele>280.3</ele><time>2025-09-19T15:49:42Z</time></trkpt><trkpt lat="37.384812" lon="-83.629478"><ele>279.0</ele><time>2025-09-19T15:49:44Z</time></trkpt><trkpt lat="37.384887" lon="-83.629331"><ele>277.9</ele><time>2025-09-19T15:49:45Z</time></trkpt><trkpt lat="37.384951" lon="-83.629167"><ele>276.8</ele><time>2025-09-19T15:49:46Z</time></trkpt><trkpt lat="37.385354" lon="-83.627628"><ele>266.5</ele><time>2025-09-19T15:49:55Z</time></trkpt><trkpt lat="37.38541" lon="-83.627486"><ele>265.5</ele><time>2025-09-19T15:49:56Z</time></trkpt><trkpt lat="37.385637" lon="-83.627098"><ele>263.9</ele><time>2025-09-19T15:49:59Z</time></trkpt><trkpt lat="37.385693" lon="-83.626946"><ele>263.8</ele><time>2025-09-19T15:50:00Z</time></trkpt><trkpt lat="37.385734" lon="-83.626782"><ele>263.7</ele><time>2025-09-19T15:50:01Z</time></trkpt><trkpt lat="37.385942" lon="-83.625535"><ele>261.6</ele><time>2025-09-19T15:50:08Z</time></trkpt><trkpt lat="37.386003" lon="-83.625229"><ele>260.2</ele><time>2025-09-19T15:50:10Z</time></trkpt><trkpt lat="37.386038" lon="-83.625101"><ele>259.8</ele><time>2025-09-19T15:50:11Z</time></trkpt><trkpt lat="37.386089" lon="-83.624985"><ele>259.5</ele><time>2025-09-19T15:50:12Z</time></trkpt><trkpt lat="37.386156" lon="-83.624883"><ele>259.0</ele><time>2025-09-19T15:50:13Z</time></trkpt><trkpt lat="37.386245" lon="-83.624803"><ele>258.4</ele><time>2025-09-19T15:50:14Z</time></trkpt><trkpt lat="37.386589" lon="-83.624614"><ele>255.6</ele><time>2025-09-19T15:50:17Z</time></trkpt><trkpt lat="37.3868" lon="-83.624423"><ele>254.3</ele><time>2025-09-19T15:50:19Z</time></trkpt><trkpt lat="37.386924" lon="-83.624341"><ele>253.6</ele><time>2025-09-19T15:50:20Z</time></trkpt><trkpt lat="37.387061" lon="-83.624274"><ele>253.0</ele><time>2025-09-19T15:50:21Z</time></trkpt><trkpt lat="37.387206" lon="-83.624222"><ele>252.7</ele><time>2025-09-19T15:50:22Z</time></trkpt><trkpt lat="37.388356" lon="-83.623884"><ele>249.3</ele><time>2025-09-19T15:50:29Z</time></trkpt><trkpt lat="37.389017" lon="-83.623648"><ele>246.8</ele><time>2025-09-19T15:50:33Z</time></trkpt><trkpt lat="37.389335" lon="-83.623512"><ele>245.9</ele><time>2025-09-19T15:50:35Z</time></trkpt><trkpt lat="37.389487" lon="-83.62343"><ele>245.2</ele><time>2025-09-19T15:50:36Z</time></trkpt><trkpt lat="37.389632" lon="-83.623332"><ele>244.8</ele><time>2025-09-19T15:50:37Z</time></trkpt><trkpt lat="37.389881" lon="-83.623122"><ele>243.9</ele><time>2025-09-19T15:50:39Z</time></trkpt><trkpt lat="37.390001" lon="-83.62305"><ele>243.5</ele><time>2025-09-19T15:50:40Z</time></trkpt><trkpt lat="37.390127" lon="-83.623008"><ele>242.7</ele><time>2025-09-19T15:50:41Z</time></trkpt><trkpt lat="37.390256" lon="-83.622998"><ele>242.7</ele><time>2025-09-19T15:50:42Z</time></trkpt><trkpt lat="37.390523" lon="-83.623017"><ele>241.8</ele><time>2025-09-19T15:50:44Z</time></trkpt><trkpt lat="37.390787" lon="-83.623012"><ele>242.3</ele><time>2025-09-19T15:50:46Z</time></trkpt><trkpt lat="37.390912" lon="-83.622983"><ele>242.5</ele><time>2025-09-19T15:50:47Z</time></trkpt><trkpt lat="37.391578" lon="-83.62272"><ele>246.0</ele><time>2025-09-19T15:50:53Z</time></trkpt><trkpt lat="37.391667" lon="-83.622712"><ele>246.5</ele><time>2025-09-19T15:50:54Z</time></trkpt><trkpt lat="37.39176" lon="-83.62275"><ele>248.2</ele><time>2025-09-19T15:50:55Z</time></trkpt><trkpt lat="37.391816" lon="-83.622806"><ele>247.9</ele><time>2025-09-19T15:50:56Z</time></trkpt><trkpt lat="37.39197" lon="-83.623073"><ele>250.5</ele><time>2025-09-19T15:50:59Z</time></trkpt><trkpt lat="37.392127" lon="-83.623423"><ele>252.5</ele><time>2025-09-19T15:51:02Z</time></trkpt><trkpt lat="37.392207" lon="-83.623713"><ele>253.5</ele><time>2025-09-19T15:51:04Z</time></trkpt><trkpt lat="37.392347" lon="-83.624369"><ele>252.0</ele><time>2025-09-19T15:51:08Z</time></trkpt><trkpt lat="37.3924" lon="-83.624539"><ele>251.5</ele><time>2025-09-19T15:51:09Z</time></trkpt><trkpt lat="37.39255" lon="-83.624876"><ele>250.9</ele><time>2025-09-19T15:51:11Z</time></trkpt><trkpt lat="37.392824" lon="-83.62537"><ele>251.0</ele><time>2025-09-19T15:51:14Z</time></trkpt><trkpt lat="37.393026" lon="-83.625675"><ele>249.5</ele><time>2025-09-19T15:51:16Z</time></trkpt><trkpt lat="37.393253" lon="-83.625961"><ele>248.3</ele><time>2025-09-19T15:51:18Z</time></trkpt><trkpt lat="37.393374" lon="-83.626093"><ele>248.2</ele><time>2025-09-19T15:51:19Z</time></trkpt><trkpt lat="37.393497" lon="-83.626206"><ele>247.7</ele><time>2025-09-19T15:51:20Z</time></trkpt><trkpt lat="37.393618" lon="-83.626292"><ele>246.8</ele><time>2025-09-19T15:51:21Z</time></trkpt><trkpt lat="37.39374" lon="-83.626364"><ele>245.8</ele><time>2025-09-19T15:51:22Z</time></trkpt><trkpt lat="37.39387" lon="-83.626419"><ele>245.0</ele><time>2025-09-19T15:51:23Z</time></trkpt><trkpt lat="37.394515" lon="-83.626644"><ele>244.6</ele><time>2025-09-19T15:51:28Z</time></trkpt><trkpt lat="37.394776" lon="-83.626702"><ele>244.6</ele><time>2025-09-19T15:51:30Z</time></trkpt><trkpt lat="37.396015" lon="-83.626898"><ele>241.9</ele><time>2025-09-19T15:51:39Z</time></trkpt><trkpt lat="37.396566" lon="-83.626963"><ele>240.7</ele><time>2025-09-19T15:51:43Z</time></trkpt><trkpt lat="37.397135" lon="-83.627054"><ele>240.3</ele><time>2025-09-19T15:51:47Z</time></trkpt><trkpt lat="37.397727" lon="-83.627187"><ele>240.5</ele><time>2025-09-19T15:51:51Z</time></trkpt><trkpt lat="37.398021" lon="-83.627242"><ele>240.5</ele><time>2025-09-19T15:51:53Z</time></trkpt><trkpt lat="37.398318" lon="-83.627257"><ele>240.0</ele><time>2025-09-19T15:51:55Z</time></trkpt><trkpt lat="37.398597" lon="-83.627218"><ele>239.5</ele><time>2025-09-19T15:51:57Z</time></trkpt><trkpt lat="37.39873" lon="-83.627179"><ele>239.1</ele><time>2025-09-19T15:51:58Z</time></trkpt><trkpt lat="37.398992" lon="-83.627073"><ele>238.1</ele><time>2025-09-19T15:52:00Z</time></trkpt><trkpt lat="37.399249" lon="-83.626929"><ele>238.8</ele><time>2025-09-19T15:52:02Z</time></trkpt><trkpt lat="37.399379" lon="-83.626869"><ele>239.3</ele><time>2025-09-19T15:52:03Z</time></trkpt><trkpt lat="37.399513" lon="-83.626822"><ele>239.9</ele><time>2025-09-19T15:52:04Z</time></trkpt><trkpt lat="37.399652" lon="-83.626788"><ele>239.9</ele><time>2025-09-19T15:52:05Z</time></trkpt><trkpt lat="37.399793" lon="-83.626776"><ele>240.1</ele><time>2025-09-19T15:52:06Z</time></trkpt><trkpt lat="37.399937" lon="-83.626777"><ele>240.3</ele><time>2025-09-19T15:52:07Z</time></trkpt><trkpt lat="37.400084" lon="-83.626794"><ele>240.2</ele><time>2025-09-19T15:52:08Z</time></trkpt><trkpt lat="37.400234" lon="-83.626821"><ele>240.6</ele><time>2025-09-19T15:52:09Z</time></trkpt><trkpt lat="37.400387" lon="-83.626865"><ele>240.8</ele><time>2025-09-19T15:52:10Z</time></trkpt><trkpt lat="37.40054" lon="-83.626924"><ele>240.6</ele><time>2025-09-19T15:52:11Z</time></trkpt><trkpt lat="37.400687" lon="-83.627006"><ele>240.4</ele><time>2025-09-19T15:52:12Z</time></trkpt><trkpt lat="37.401106" lon="-83.627309"><ele>239.9</ele><time>2025-09-19T15:52:15Z</time></trkpt><trkpt lat="37.401247" lon="-83.627396"><ele>240.2</ele><time>2025-09-19T15:52:16Z</time></trkpt><trkpt lat="37.401392" lon="-83.627462"><ele>240.2</ele><time>2025-09-19T15:52:17Z</time></trkpt><trkpt lat="37.401547" lon="-83.627511"><ele>240.1</ele><time>2025-09-19T15:52:18Z</time></trkpt><trkpt lat="37.401707" lon="-83.62754"><ele>240.2</ele><time>2025-09-19T15:52:19Z</time></trkpt><trkpt lat="37.402203" lon="-83.627592"><ele>241.1</ele><time>2025-09-19T15:52:22Z</time></trkpt><trkpt lat="37.402693" lon="-83.627678"><ele>240.7</ele><time>2025-09-19T15:52:25Z</time></trkpt><trkpt lat="37.403019" lon="-83.627756"><ele>240.8</ele><time>2025-09-19T15:52:27Z</time></trkpt><trkpt lat="37.403352" lon="-83.627856"><ele>241.9</ele><time>2025-09-19T15:52:29Z</time></trkpt><trkpt lat="37.403516" lon="-83.62791"><ele>242.0</ele><time>2025-09-19T15:52:30Z</time></trkpt><trkpt lat="37.403845" lon="-83.628038"><ele>240.5</ele><time>2025-09-19T15:52:32Z</time></trkpt><trkpt lat="37.40401" lon="-83.628124"><ele>239.5</ele><time>2025-09-19T15:52:33Z</time></trkpt><trkpt lat="37.404163" lon="-83.628243"><ele>238.9</ele><time>2025-09-19T15:52:34Z</time></trkpt><trkpt lat="37.4043" lon="-83.628381"><ele>239.6</ele><time>2025-09-19T15:52:35Z</time></trkpt><trkpt lat="37.404532" lon="-83.628702"><ele>241.2</ele><time>2025-09-19T15:52:37Z</time></trkpt><trkpt lat="37.404655" lon="-83.628837"><ele>241.2</ele><time>2025-09-19T15:52:38Z</time></trkpt><trkpt lat="37.404791" lon="-83.628928"><ele>241.2</ele><time>2025-09-19T15:52:39Z</time></trkpt><trkpt lat="37.40493" lon="-83.628995"><ele>241.6</ele><time>2025-09-19T15:52:40Z</time></trkpt><trkpt lat="37.405222" lon="-83.629062"><ele>241.5</ele><time>2025-09-19T15:52:42Z</time></trkpt><trkpt lat="37.405367" lon="-83.629118"><ele>242.1</ele><time>2025-09-19T15:52:43Z</time></trkpt><trkpt lat="37.40551" lon="-83.629189"><ele>243.0</ele><time>2025-09-19T15:52:44Z</time></trkpt><trkpt lat="37.405938" lon="-83.62944"><ele>244.1</ele><time>2025-09-19T15:52:47Z</time></trkpt><trkpt lat="37.406236" lon="-83.629651"><ele>242.5</ele><time>2025-09-19T15:52:49Z</time></trkpt><trkpt lat="37.406382" lon="-83.629771"><ele>242.1</ele><time>2025-09-19T15:52:50Z</time></trkpt><trkpt lat="37.406671" lon="-83.630047"><ele>241.4</ele><time>2025-09-19T15:52:52Z</time></trkpt><trkpt lat="37.407649" lon="-83.631048"><ele>242.6</ele><time>2025-09-19T15:52:59Z</time></trkpt><trkpt lat="37.407783" lon="-83.631163"><ele>242.3</ele><time>2025-09-19T15:53:00Z</time></trkpt><trkpt lat="37.408081" lon="-83.631361"><ele>240.4</ele><time>2025-09-19T15:53:02Z</time></trkpt><trkpt lat="37.408236" lon="-83.631451"><ele>239.7</ele><time>2025-09-19T15:53:03Z</time></trkpt><trkpt lat="37.408891" lon="-83.631792"><ele>239.3</ele><time>2025-09-19T15:53:07Z</time></trkpt><trkpt lat="37.409202" lon="-83.631995"><ele>239.0</ele><time>2025-09-19T15:53:09Z</time></trkpt><trkpt lat="37.409642" lon="-83.632311"><ele>238.2</ele><time>2025-09-19T15:53:12Z</time></trkpt><trkpt lat="37.409794" lon="-83.632388"><ele>238.0</ele><time>2025-09-19T15:53:13Z</time></trkpt><trkpt lat="37.409951" lon="-83.632436"><ele>238.2</ele><time>2025-09-19T15:53:14Z</time></trkpt><trkpt lat="37.410108" lon="-83.632459"><ele>238.2</ele><time>2025-09-19T15:53:15Z</time></trkpt><trkpt lat="37.410264" lon="-83.632466"><ele>238.1</ele><time>2025-09-19T15:53:16Z</time></trkpt><trkpt lat="37.410413" lon="-83.632449"><ele>237.4</ele><time>2025-09-19T15:53:17Z</time></trkpt><trkpt lat="37.410786" lon="-83.632374"><ele>236.3</ele><time>2025-09-19T15:53:20Z</time></trkpt><trkpt lat="37.410995" lon="-83.632368"><ele>236.8</ele><time>2025-09-19T15:53:22Z</time></trkpt><trkpt lat="37.411085" lon="-83.632393"><ele>237.4</ele><time>2025-09-19T15:53:23Z</time></trkpt><trkpt lat="37.411163" lon="-83.632447"><ele>237.9</ele><time>2025-09-19T15:53:24Z</time></trkpt><trkpt lat="37.411344" lon="-83.632727"><ele>240.6</ele><time>2025-09-19T15:53:27Z</time></trkpt><trkpt lat="37.411418" lon="-83.632817"><ele>241.2</ele><time>2025-09-19T15:53:28Z</time></trkpt><trkpt lat="37.411881" lon="-83.633294"><ele>242.9</ele><time>2025-09-19T15:53:33Z</time></trkpt><trkpt lat="37.411977" lon="-83.633404"><ele>242.9</ele><time>2025-09-19T15:53:34Z</time></trkpt><trkpt lat="37.412067" lon="-83.63352"><ele>242.9</ele><time>2025-09-19T15:53:35Z</time></trkpt><trkpt lat="37.412321" lon="-83.633891"><ele>243.4</ele><time>2025-09-19T15:53:38Z</time></trkpt><trkpt lat="37.412608" lon="-83.634267"><ele>242.7</ele><time>2025-09-19T15:53:41Z</time></trkpt><trkpt lat="37.412712" lon="-83.634379"><ele>242.8</ele><time>2025-09-19T15:53:42Z</time></trkpt><trkpt lat="37.412945" lon="-83.634569"><ele>242.8</ele><time>2025-09-19T15:53:44Z</time></trkpt><trkpt lat="37.413194" lon="-83.634732"><ele>243.3</ele><time>2025-09-19T15:53:46Z</time></trkpt><trkpt lat="37.414408" lon="-83.635446"><ele>241.9</ele><time>2025-09-19T15:53:55Z</time></trkpt><trkpt lat="37.41467" lon="-83.635625"><ele>242.2</ele><time>2025-09-19T15:53:57Z</time></trkpt><trkpt lat="37.415191" lon="-83.636003"><ele>239.8</ele><time>2025-09-19T15:54:01Z</time></trkpt><trkpt lat="37.415455" lon="-83.636232"><ele>237.8</ele><time>2025-09-19T15:54:03Z</time></trkpt><trkpt lat="37.41572" lon="-83.636489"><ele>236.1</ele><time>2025-09-19T15:54:05Z</time></trkpt><trkpt lat="37.416368" lon="-83.637197"><ele>233.6</ele><time>2025-09-19T15:54:10Z</time></trkpt><trkpt lat="37.417106" lon="-83.638062"><ele>233.7</ele><time>2025-09-19T15:54:16Z</time></trkpt><trkpt lat="37.417594" lon="-83.638595"><ele>231.5</ele><time>2025-09-19T15:54:20Z</time></trkpt><trkpt lat="37.417717" lon="-83.638719"><ele>231.4</ele><time>2025-09-19T15:54:21Z</time></trkpt><trkpt lat="37.417849" lon="-83.63882"><ele>231.3</ele><time>2025-09-19T15:54:22Z</time></trkpt><trkpt lat="37.417984" lon="-83.638899"><ele>232.1</ele><time>2025-09-19T15:54:23Z</time></trkpt><trkpt lat="37.418125" lon="-83.63896"><ele>232.1</ele><time>2025-09-19T15:54:24Z</time></trkpt><trkpt lat="37.418706" lon="-83.639168"><ele>231.0</ele><time>2025-09-19T15:54:28Z</time></trkpt><trkpt lat="37.419" lon="-83.639242"><ele>230.5</ele><time>2025-09-19T15:54:30Z</time></trkpt><trkpt lat="37.419748" lon="-83.639384"><ele>227.5</ele><time>2025-09-19T15:54:35Z</time></trkpt><trkpt lat="37.42005" lon="-83.639426"><ele>226.6</ele><time>2025-09-19T15:54:37Z</time></trkpt><trkpt lat="37.420678" lon="-83.63943"><ele>225.5</ele><time>2025-09-19T15:54:41Z</time></trkpt><trkpt lat="37.421487" lon="-83.639394"><ele>223.7</ele><time>2025-09-19T15:54:46Z</time></trkpt><trkpt lat="37.421648" lon="-83.639377"><ele>223.3</ele><time>2025-09-19T15:54:47Z</time></trkpt><trkpt lat="37.421801" lon="-83.639343"><ele>222.9</ele><time>2025-09-19T15:54:48Z</time></trkpt><trkpt lat="37.421951" lon="-83.639294"><ele>222.3</ele><time>2025-09-19T15:54:49Z</time></trkpt><trkpt lat="37.422097" lon="-83.639234"><ele>222.0</ele><time>2025-09-19T15:54:50Z</time></trkpt><trkpt lat="37.422363" lon="-83.639084"><ele>221.9</ele><time>2025-09-19T15:54:52Z</time></trkpt><trkpt lat="37.422482" lon="-83.638989"><ele>221.8</ele><time>2025-09-19T15:54:53Z</time></trkpt><trkpt lat="37.422676" lon="-83.638782"><ele>221.6</ele><time>2025-09-19T15:54:55Z</time></trkpt><trkpt lat="37.422776" lon="-83.638697"><ele>221.0</ele><time>2025-09-19T15:54:56Z</time></trkpt><trkpt lat="37.422885" lon="-83.638637"><ele>221.3</ele><time>2025-09-19T15:54:57Z</time></trkpt><trkpt lat="37.42301" lon="-83.638604"><ele>222.1</ele><time>2025-09-19T15:54:58Z</time></trkpt><trkpt lat="37.423141" lon="-83.6386"><ele>223.1</ele><time>2025-09-19T15:54:59Z</time></trkpt><trkpt lat="37.423822" lon="-83.638659"><ele>225.2</ele><time>2025-09-19T15:55:04Z</time></trkpt><trkpt lat="37.424122" lon="-83.638738"><ele>224.8</ele><time>2025-09-19T15:55:06Z</time></trkpt><trkpt lat="37.424442" lon="-83.638859"><ele>224.2</ele><time>2025-09-19T15:55:08Z</time></trkpt><trkpt lat="37.425734" lon="-83.639397"><ele>222.6</ele><time>2025-09-19T15:55:16Z</time></trkpt><trkpt lat="37.42605" lon="-83.639543"><ele>223.2</ele><time>2025-09-19T15:55:18Z</time></trkpt><trkpt lat="37.426202" lon="-83.639637"><ele>223.6</ele><time>2025-09-19T15:55:19Z</time></trkpt><trkpt lat="37.42663" lon="-83.639957"><ele>224.6</ele><time>2025-09-19T15:55:22Z</time></trkpt><trkpt lat="37.426923" lon="-83.640149"><ele>225.6</ele><time>2025-09-19T15:55:24Z</time></trkpt><trkpt lat="37.427406" lon="-83.640394"><ele>226.2</ele><time>2025-09-19T15:55:27Z</time></trkpt><trkpt lat="37.427737" lon="-83.640538"><ele>226.0</ele><time>2025-09-19T15:55:29Z</time></trkpt><trkpt lat="37.427898" lon="-83.640596"><ele>226.5</ele><time>2025-09-19T15:55:30Z</time></trkpt><trkpt lat="37.42822" lon="-83.640676"><ele>225.1</ele><time>2025-09-19T15:55:32Z</time></trkpt><trkpt lat="37.428383" lon="-83.640739"><ele>224.9</ele><time>2025-09-19T15:55:33Z</time></trkpt><trkpt lat="37.428541" lon="-83.640827"><ele>225.0</ele><time>2025-09-19T15:55:34Z</time></trkpt><trkpt lat="37.429175" lon="-83.641234"><ele>225.6</ele><time>2025-09-19T15:55:38Z</time></trkpt><trkpt lat="37.430014" lon="-83.641811"><ele>225.8</ele><time>2025-09-19T15:55:43Z</time></trkpt><trkpt lat="37.43052" lon="-83.642196"><ele>225.1</ele><time>2025-09-19T15:55:46Z</time></trkpt><trkpt lat="37.430679" lon="-83.642332"><ele>225.1</ele><time>2025-09-19T15:55:47Z</time></trkpt><trkpt lat="37.430963" lon="-83.642619"><ele>225.0</ele><time>2025-09-19T15:55:49Z</time></trkpt><trkpt lat="37.431072" lon="-83.642767"><ele>225.2</ele><time>2025-09-19T15:55:50Z</time></trkpt><trkpt lat="37.431156" lon="-83.642915"><ele>225.3</ele><time>2025-09-19T15:55:51Z</time></trkpt><trkpt lat="37.431222" lon="-83.643073"><ele>225.6</ele><time>2025-09-19T15:55:52Z</time></trkpt><trkpt lat="37.431269" lon="-83.643243"><ele>225.6</ele><time>2025-09-19T15:55:53Z</time></trkpt><trkpt lat="37.431298" lon="-83.643436"><ele>225.4</ele><time>2025-09-19T15:55:54Z</time></trkpt><trkpt lat="37.431306" lon="-83.643637"><ele>224.8</ele><time>2025-09-19T15:55:55Z</time></trkpt><trkpt lat="37.431294" lon="-83.644262"><ele>221.4</ele><time>2025-09-19T15:55:58Z</time></trkpt><trkpt lat="37.431282" lon="-83.644471"><ele>220.9</ele><time>2025-09-19T15:55:59Z</time></trkpt><trkpt lat="37.431238" lon="-83.64483"><ele>221.2</ele><time>2025-09-19T15:56:01Z</time></trkpt><trkpt lat="37.431234" lon="-83.644999"><ele>221.6</ele><time>2025-09-19T15:56:02Z</time></trkpt><trkpt lat="37.431255" lon="-83.645165"><ele>221.7</ele><time>2025-09-19T15:56:03Z</time></trkpt><trkpt lat="37.431359" lon="-83.645487"><ele>222.5</ele><time>2025-09-19T15:56:05Z</time></trkpt><trkpt lat="37.431427" lon="-83.645649"><ele>222.7</ele><time>2025-09-19T15:56:06Z</time></trkpt><trkpt lat="37.431585" lon="-83.645974"><ele>222.4</ele><time>2025-09-19T15:56:08Z</time></trkpt><trkpt lat="37.431736" lon="-83.646325"><ele>222.0</ele><time>2025-09-19T15:56:10Z</time></trkpt><trkpt lat="37.432021" lon="-83.647266"><ele>225.2</ele><time>2025-09-19T15:56:15Z</time></trkpt><trkpt lat="37.432087" lon="-83.647443"><ele>226.1</ele><time>2025-09-19T15:56:16Z</time></trkpt><trkpt lat="37.432162" lon="-83.647607"><ele>226.8</ele><time>2025-09-19T15:56:17Z</time></trkpt><trkpt lat="37.432253" lon="-83.647752"><ele>227.9</ele><time>2025-09-19T15:56:18Z</time></trkpt><trkpt lat="37.432354" lon="-83.647882"><ele>229.1</ele><time>2025-09-19T15:56:19Z</time></trkpt><trkpt lat="37.432583" lon="-83.648091"><ele>230.1</ele><time>2025-09-19T15:56:21Z</time></trkpt><trkpt lat="37.432832" lon="-83.648289"><ele>230.4</ele><time>2025-09-19T15:56:23Z</time></trkpt><trkpt lat="37.433074" lon="-83.648517"><ele>231.2</ele><time>2025-09-19T15:56:25Z</time></trkpt><trkpt lat="37.433188" lon="-83.648653"><ele>231.9</ele><time>2025-09-19T15:56:26Z</time></trkpt><trkpt lat="37.433293" lon="-83.6488"><ele>232.3</ele><time>2025-09-19T15:56:27Z</time></trkpt><trkpt lat="37.433384" lon="-83.648959"><ele>232.4</ele><time>2025-09-19T15:56:28Z</time></trkpt><trkpt lat="37.433754" lon="-83.649858"><ele>231.3</ele><time>2025-09-19T15:56:33Z</time></trkpt><trkpt lat="37.433877" lon="-83.650238"><ele>230.5</ele><time>2025-09-19T15:56:35Z</time></trkpt><trkpt lat="37.433956" lon="-83.65064"><ele>230.5</ele><time>2025-09-19T15:56:37Z</time></trkpt><trkpt lat="37.434" lon="-83.651237"><ele>230.5</ele><time>2025-09-19T15:56:40Z</time></trkpt><trkpt lat="37.434023" lon="-83.652103"><ele>229.6</ele><time>2025-09-19T15:56:45Z</time></trkpt><trkpt lat="37.43404" lon="-83.652217"><ele>229.3</ele><time>2025-09-19T15:56:46Z</time></trkpt><trkpt lat="37.434081" lon="-83.652318"><ele>228.2</ele><time>2025-09-19T15:56:47Z</time></trkpt><trkpt lat="37.434153" lon="-83.6524"><ele>226.3</ele><time>2025-09-19T15:56:48Z</time></trkpt><trkpt lat="37.434254" lon="-83.652439"><ele>225.1</ele><time>2025-09-19T15:56:49Z</time></trkpt><trkpt lat="37.434366" lon="-83.652459"><ele>224.3</ele><time>2025-09-19T15:56:50Z</time></trkpt><trkpt lat="37.434625" lon="-83.652457"><ele>222.6</ele><time>2025-09-19T15:56:52Z</time></trkpt><trkpt lat="37.434768" lon="-83.652436"><ele>221.6</ele><time>2025-09-19T15:56:53Z</time></trkpt><trkpt lat="37.435067" lon="-83.652423"><ele>222.3</ele><time>2025-09-19T15:56:55Z</time></trkpt><trkpt lat="37.435214" lon="-83.652393"><ele>223.3</ele><time>2025-09-19T15:56:56Z</time></trkpt><trkpt lat="37.436087" lon="-83.652117"><ele>220.7</ele><time>2025-09-19T15:57:02Z</time></trkpt><trkpt lat="37.436234" lon="-83.652052"><ele>220.1</ele><time>2025-09-19T15:57:03Z</time></trkpt><trkpt lat="37.436517" lon="-83.65188"><ele>218.9</ele><time>2025-09-19T15:57:05Z</time></trkpt><trkpt lat="37.437087" lon="-83.651427"><ele>218.1</ele><time>2025-09-19T15:57:09Z</time></trkpt><trkpt lat="37.437367" lon="-83.651186"><ele>218.0</ele><time>2025-09-19T15:57:11Z</time></trkpt><trkpt lat="37.43829" lon="-83.650308"><ele>220.2</ele><time>2025-09-19T15:57:18Z</time></trkpt><trkpt lat="37.438656" lon="-83.64993"><ele>221.4</ele><time>2025-09-19T15:57:21Z</time></trkpt><trkpt lat="37.438787" lon="-83.649813"><ele>221.4</ele><time>2025-09-19T15:57:22Z</time></trkpt><trkpt lat="37.438925" lon="-83.649704"><ele>221.1</ele><time>2025-09-19T15:57:23Z</time></trkpt><trkpt lat="37.439227" lon="-83.649506"><ele>219.1</ele><time>2025-09-19T15:57:25Z</time></trkpt><trkpt lat="37.44038" lon="-83.64882"><ele>213.2</ele><time>2025-09-19T15:57:32Z</time></trkpt><trkpt lat="37.440546" lon="-83.648707"><ele>212.5</ele><time>2025-09-19T15:57:33Z</time></trkpt><trkpt lat="37.440861" lon="-83.648451"><ele>212.8</ele><time>2025-09-19T15:57:35Z</time></trkpt><trkpt lat="37.441493" lon="-83.64791"><ele>213.2</ele><time>2025-09-19T15:57:39Z</time></trkpt><trkpt lat="37.442121" lon="-83.647414"><ele>213.7</ele><time>2025-09-19T15:57:43Z</time></trkpt><trkpt lat="37.44258" lon="-83.647038"><ele>213.8</ele><time>2025-09-19T15:57:46Z</time></trkpt><trkpt lat="37.442878" lon="-83.646774"><ele>213.6</ele><time>2025-09-19T15:57:48Z</time></trkpt><trkpt lat="37.443321" lon="-83.646359"><ele>212.4</ele><time>2025-09-19T15:57:51Z</time></trkpt><trkpt lat="37.443865" lon="-83.645768"><ele>214.1</ele><time>2025-09-19T15:57:55Z</time></trkpt><trkpt lat="37.444151" lon="-83.645488"><ele>214.8</ele><time>2025-09-19T15:57:57Z</time></trkpt><trkpt lat="37.444614" lon="-83.6451"><ele>215.7</ele><time>2025-09-19T15:58:00Z</time></trkpt><trkpt lat="37.445424" lon="-83.644514"><ele>215.5</ele><time>2025-09-19T15:58:05Z</time></trkpt><trkpt lat="37.445722" lon="-83.644285"><ele>215.2</ele><time>2025-09-19T15:58:07Z</time></trkpt><trkpt lat="37.445965" lon="-83.644068"><ele>215.5</ele><time>2025-09-19T15:58:09Z</time></trkpt><trkpt lat="37.446336" lon="-83.643672"><ele>215.5</ele><time>2025-09-19T15:58:13Z</time></trkpt><trkpt lat="37.446434" lon="-83.643602"><ele>215.0</ele><time>2025-09-19T15:58:14Z</time></trkpt><trkpt lat="37.446535" lon="-83.643562"><ele>214.9</ele><time>2025-09-19T15:58:15Z</time></trkpt><trkpt lat="37.446732" lon="-83.643518"><ele>214.7</ele><time>2025-09-19T15:58:17Z</time></trkpt><trkpt lat="37.446909" lon="-83.643411"><ele>214.3</ele><time>2025-09-19T15:58:19Z</time></trkpt><trkpt lat="37.446995" lon="-83.643342"><ele>214.5</ele><time>2025-09-19T15:58:20Z</time></trkpt><trkpt lat="37.447147" lon="-83.643193"><ele>214.9</ele><time>2025-09-19T15:58:22Z</time></trkpt><trkpt lat="37.447356" lon="-83.64295"><ele>217.1</ele><time>2025-09-19T15:58:26Z</time></trkpt><trkpt lat="37.447438" lon="-83.642822"><ele>220.0</ele><time>2025-09-19T15:58:30Z</time></trkpt><trkpt lat="37.447493" lon="-83.642689"><ele>221.7</ele><time>2025-09-19T15:58:33Z</time></trkpt><trkpt lat="37.447532" lon="-83.642649"><ele>221.6</ele><time>2025-09-19T15:58:34Z</time></trkpt><trkpt lat="37.447592" lon="-83.642618"><ele>221.5</ele><time>2025-09-19T15:58:35Z</time></trkpt><trkpt lat="37.44796" lon="-83.64252"><ele>221.4</ele><time>2025-09-19T15:58:39Z</time></trkpt><trkpt lat="37.448638" lon="-83.642289"><ele>221.3</ele><time>2025-09-19T15:58:46Z</time></trkpt><trkpt lat="37.448866" lon="-83.642222"><ele>221.2</ele><time>2025-09-19T15:58:48Z</time></trkpt><trkpt lat="37.449121" lon="-83.642165"><ele>221.6</ele><time>2025-09-19T15:58:50Z</time></trkpt><trkpt lat="37.449261" lon="-83.642147"><ele>221.9</ele><time>2025-09-19T15:58:51Z</time></trkpt><trkpt lat="37.449568" lon="-83.642147"><ele>221.3</ele><time>2025-09-19T15:58:53Z</time></trkpt><trkpt lat="37.450431" lon="-83.642214"><ele>219.9</ele><time>2025-09-19T15:58:58Z</time></trkpt><trkpt lat="37.450789" lon="-83.642279"><ele>219.9</ele><time>2025-09-19T15:59:00Z</time></trkpt><trkpt lat="37.450969" lon="-83.642326"><ele>219.9</ele><time>2025-09-19T15:59:01Z</time></trkpt><trkpt lat="37.451323" lon="-83.642442"><ele>220.7</ele><time>2025-09-19T15:59:03Z</time></trkpt><trkpt lat="37.451674" lon="-83.642578"><ele>221.3</ele><time>2025-09-19T15:59:05Z</time></trkpt><trkpt lat="37.452025" lon="-83.642758"><ele>221.6</ele><time>2025-09-19T15:59:07Z</time></trkpt><trkpt lat="37.452539" lon="-83.643067"><ele>220.5</ele><time>2025-09-19T15:59:10Z</time></trkpt><trkpt lat="37.454281" lon="-83.644161"><ele>222.1</ele><time>2025-09-19T15:59:21Z</time></trkpt><trkpt lat="37.455874" lon="-83.645127"><ele>220.0</ele><time>2025-09-19T15:59:31Z</time></trkpt><trkpt lat="37.456475" lon="-83.645523"><ele>220.0</ele><time>2025-09-19T15:59:35Z</time></trkpt><trkpt lat="37.457613" lon="-83.646369"><ele>218.9</ele><time>2025-09-19T15:59:43Z</time></trkpt><trkpt lat="37.457883" lon="-83.646558"><ele>219.6</ele><time>2025-09-19T15:59:45Z</time></trkpt><trkpt lat="37.458265" lon="-83.646807"><ele>220.1</ele><time>2025-09-19T15:59:48Z</time></trkpt><trkpt lat="37.458474" lon="-83.646965"><ele>220.4</ele><time>2025-09-19T15:59:50Z</time></trkpt><trkpt lat="37.458665" lon="-83.647135"><ele>220.5</ele><time>2025-09-19T15:59:52Z</time></trkpt><trkpt lat="37.458745" lon="-83.647218"><ele>221.0</ele><time>2025-09-19T15:59:53Z</time></trkpt><trkpt lat="37.458869" lon="-83.647361"><ele>221.8</ele><time>2025-09-19T15:59:55Z</time></trkpt><trkpt lat="37.459076" lon="-83.647638"><ele>222.8</ele><time>2025-09-19T16:00:00Z</time></trkpt><trkpt lat="37.459115" lon="-83.647732"><ele>223.2</ele><time>2025-09-19T16:00:02Z</time></trkpt><trkpt lat="37.459169" lon="-83.64799"><ele>221.8</ele><time>2025-09-19T16:00:07Z</time></trkpt><trkpt lat="37.459347" lon="-83.648296"><ele>218.0</ele><time>2025-09-19T16:00:15Z</time></trkpt><trkpt lat="37.459421" lon="-83.648453"><ele>218.2</ele><time>2025-09-19T16:00:22Z</time></trkpt><trkpt lat="37.459668" lon="-83.649175"><ele>213.0</ele><time>2025-09-19T16:00:34Z</time></trkpt><trkpt lat="37.459752" lon="-83.649449"><ele>212.0</ele><time>2025-09-19T16:00:37Z</time></trkpt><trkpt lat="37.459816" lon="-83.649708"><ele>210.7</ele><time>2025-09-19T16:00:40Z</time></trkpt><trkpt lat="37.459829" lon="-83.649827"><ele>209.6</ele><time>2025-09-19T16:00:42Z</time></trkpt><trkpt lat="37.459801" lon="-83.650009"><ele>206.6</ele><time>2025-09-19T16:00:46Z</time></trkpt><trkpt lat="37.459792" lon="-83.650158"><ele>204.9</ele><time>2025-09-19T16:00:49Z</time></trkpt><trkpt lat="37.459793" lon="-83.650611"><ele>201.9</ele><time>2025-09-19T16:00:57Z</time></trkpt><trkpt lat="37.459779" lon="-83.650669"><ele>201.5</ele><time>2025-09-19T16:00:58Z</time></trkpt><trkpt lat="37.459755" lon="-83.650712"><ele>201.2</ele><time>2025-09-19T16:00:59Z</time></trkpt><trkpt lat="37.459722" lon="-83.650739"><ele>201.5</ele><time>2025-09-19T16:01:00Z</time></trkpt><trkpt lat="37.459451" lon="-83.650804"><ele>200.8</ele><time>2025-09-19T16:01:07Z</time></trkpt><trkpt lat="37.459403" lon="-83.650791"><ele>200.6</ele><time>2025-09-19T16:01:08Z</time></trkpt><trkpt lat="37.459364" lon="-83.65075"><ele>200.4</ele><time>2025-09-19T16:01:09Z</time></trkpt><trkpt lat="37.459341" lon="-83.650705"><ele>200.6</ele><time>2025-09-19T16:01:10Z</time></trkpt><trkpt lat="37.459272" lon="-83.650239"><ele>200.3</ele><time>2025-09-19T16:01:24Z</time></trkpt><trkpt lat="37.459224" lon="-83.65012"><ele>201.5</ele><time>2025-09-19T16:01:27Z</time></trkpt><trkpt lat="37.459142" lon="-83.65"><ele>202.2</ele><time>2025-09-19T16:01:30Z</time></trkpt><trkpt lat="37.459073" lon="-83.649931"><ele>202.1</ele><time>2025-09-19T16:01:32Z</time></trkpt><trkpt lat="37.458988" lon="-83.64989"><ele>203.0</ele><time>2025-09-19T16:01:34Z</time></trkpt><trkpt lat="37.458942" lon="-83.649889"><ele>203.3</ele><time>2025-09-19T16:01:35Z</time></trkpt><trkpt lat="37.4587" lon="-83.649963"><ele>205.5</ele><time>2025-09-19T16:01:40Z</time></trkpt><trkpt lat="37.458077" lon="-83.65019"><ele>206.4</ele><time>2025-09-19T16:01:50Z</time></trkpt><trkpt lat="37.457584" lon="-83.650351"><ele>210.7</ele><time>2025-09-19T16:02:00Z</time></trkpt><trkpt lat="37.457362" lon="-83.650438"><ele>211.5</ele><time>2025-09-19T16:02:04Z</time></trkpt><trkpt lat="37.456966" lon="-83.650565"><ele>213.5</ele><time>2025-09-19T16:02:09Z</time></trkpt><trkpt lat="37.456267" lon="-83.65082"><ele>215.0</ele><time>2025-09-19T16:02:20Z</time></trkpt><trkpt lat="37.456111" lon="-83.650827"><ele>214.4</ele><time>2025-09-19T16:02:23Z</time></trkpt><trkpt lat="37.456018" lon="-83.650791"><ele>214.2</ele><time>2025-09-19T16:02:25Z</time></trkpt><trkpt lat="37.455983" lon="-83.65076"><ele>214.8</ele><time>2025-09-19T16:02:26Z</time></trkpt><trkpt lat="37.455968" lon="-83.650725"><ele>214.7</ele><time>2025-09-19T16:02:27Z</time></trkpt><trkpt lat="37.45597" lon="-83.650637"><ele>214.8</ele><time>2025-09-19T16:02:29Z</time></trkpt><trkpt lat="37.456094" lon="-83.650286"><ele>218.6</ele><time>2025-09-19T16:02:37Z</time></trkpt><trkpt lat="37.456107" lon="-83.650161"><ele>218.8</ele><time>2025-09-19T16:02:39Z</time></trkpt><trkpt lat="37.456101" lon="-83.650095"><ele>218.7</ele><time>2025-09-19T16:02:40Z</time></trkpt><trkpt lat="37.456022" lon="-83.649848"><ele>218.8</ele><time>2025-09-19T16:02:44Z</time></trkpt><trkpt lat="37.455905" lon="-83.649382"><ele>220.3</ele><time>2025-09-19T16:02:50Z</time></trkpt><trkpt lat="37.455852" lon="-83.649232"><ele>220.8</ele><time>2025-09-19T16:02:52Z</time></trkpt><trkpt lat="37.455663" lon="-83.648786"><ele>222.0</ele><time>2025-09-19T16:02:59Z</time></trkpt><trkpt lat="37.455562" lon="-83.648428"><ele>222.6</ele><time>2025-09-19T16:03:05Z</time></trkpt><trkpt lat="37.455505" lon="-83.648319"><ele>222.0</ele><time>2025-09-19T16:03:07Z</time></trkpt><trkpt lat="37.455461" lon="-83.648264"><ele>221.7</ele><time>2025-09-19T16:03:08Z</time></trkpt><trkpt lat="37.455405" lon="-83.648217"><ele>221.2</ele><time>2025-09-19T16:03:09Z</time></trkpt><trkpt lat="37.455103" lon="-83.648025"><ele>220.0</ele><time>2025-09-19T16:03:14Z</time></trkpt><trkpt lat="37.454843" lon="-83.647882"><ele>218.6</ele><time>2025-09-19T16:03:19Z</time></trkpt><trkpt lat="37.454389" lon="-83.64767"><ele>218.3</ele><time>2025-09-19T16:03:27Z</time></trkpt><trkpt lat="37.453978" lon="-83.647518"><ele>219.0</ele><time>2025-09-19T16:03:36Z</time></trkpt><trkpt lat="37.45373" lon="-83.647475"><ele>219.2</ele><time>2025-09-19T16:03:41Z</time></trkpt><trkpt lat="37.453337" lon="-83.647382"><ele>219.5</ele><time>2025-09-19T16:03:47Z</time></trkpt><trkpt lat="37.45261" lon="-83.647281"><ele>219.6</ele><time>2025-09-19T16:03:57Z</time></trkpt><trkpt lat="37.452099" lon="-83.647235"><ele>218.0</ele><time>2025-09-19T16:04:03Z</time></trkpt><trkpt lat="37.451808" lon="-83.647236"><ele>215.9</ele><time>2025-09-19T16:04:06Z</time></trkpt><trkpt lat="37.450782" lon="-83.647335"><ele>213.5</ele><time>2025-09-19T16:04:17Z</time></trkpt><trkpt lat="37.450544" lon="-83.647386"><ele>213.3</ele><time>2025-09-19T16:04:20Z</time></trkpt><trkpt lat="37.450325" lon="-83.647458"><ele>213.4</ele><time>2025-09-19T16:04:23Z</time></trkpt><trkpt lat="37.450118" lon="-83.64756"><ele>213.3</ele><time>2025-09-19T16:04:26Z</time></trkpt><trkpt lat="37.4493" lon="-83.64809"><ele>217.1</ele><time>2025-09-19T16:04:37Z</time></trkpt><trkpt lat="37.448722" lon="-83.648441"><ele>221.0</ele><time>2025-09-19T16:04:46Z</time></trkpt><trkpt lat="37.448587" lon="-83.648501"><ele>221.3</ele><time>2025-09-19T16:04:48Z</time></trkpt><trkpt lat="37.448325" lon="-83.648578"><ele>221.1</ele><time>2025-09-19T16:04:52Z</time></trkpt><trkpt lat="37.448065" lon="-83.648682"><ele>221.0</ele><time>2025-09-19T16:04:56Z</time></trkpt><trkpt lat="37.447181" lon="-83.648936"><ele>221.6</ele><time>2025-09-19T16:05:08Z</time></trkpt><trkpt lat="37.446959" lon="-83.649014"><ele>221.9</ele><time>2025-09-19T16:05:11Z</time></trkpt><trkpt lat="37.446524" lon="-83.649134"><ele>222.9</ele><time>2025-09-19T16:05:17Z</time></trkpt><trkpt lat="37.446183" lon="-83.649261"><ele>222.0</ele><time>2025-09-19T16:05:22Z</time></trkpt><trkpt lat="37.44582" lon="-83.649416"><ele>221.2</ele><time>2025-09-19T16:05:27Z</time></trkpt><trkpt lat="37.445525" lon="-83.649516"><ele>221.3</ele><time>2025-09-19T16:05:31Z</time></trkpt><trkpt lat="37.44529" lon="-83.64958"><ele>222.2</ele><time>2025-09-19T16:05:34Z</time></trkpt><trkpt lat="37.445048" lon="-83.649621"><ele>223.0</ele><time>2025-09-19T16:05:37Z</time></trkpt><trkpt lat="37.444899" lon="-83.649659"><ele>223.3</ele><time>2025-09-19T16:05:39Z</time></trkpt><trkpt lat="37.444694" lon="-83.649732"><ele>223.2</ele><time>2025-09-19T16:05:42Z</time></trkpt><trkpt lat="37.444449" lon="-83.649867"><ele>224.0</ele><time>2025-09-19T16:05:46Z</time></trkpt><trkpt lat="37.444171" lon="-83.650089"><ele>224.9</ele><time>2025-09-19T16:05:52Z</time></trkpt><trkpt lat="37.443942" lon="-83.650252"><ele>227.3</ele><time>2025-09-19T16:05:58Z</time></trkpt><trkpt lat="37.443826" lon="-83.650309"><ele>228.0</ele><time>2025-09-19T16:06:01Z</time></trkpt><trkpt lat="37.443767" lon="-83.650366"><ele>228.8</ele><time>2025-09-19T16:06:03Z</time></trkpt><trkpt lat="37.443448" lon="-83.650582"><ele>234.4</ele><time>2025-09-19T16:06:13Z</time></trkpt><trkpt lat="37.443393" lon="-83.650628"><ele>235.3</ele><time>2025-09-19T16:06:15Z</time></trkpt><trkpt lat="37.44311" lon="-83.650811"><ele>239.0</ele><time>2025-09-19T16:06:22Z</time></trkpt><trkpt lat="37.442973" lon="-83.650881"><ele>241.0</ele><time>2025-09-19T16:06:25Z</time></trkpt><trkpt lat="37.442935" lon="-83.650912"><ele>241.1</ele><time>2025-09-19T16:06:26Z</time></trkpt><trkpt lat="37.44287" lon="-83.650991"><ele>242.4</ele><time>2025-09-19T16:06:28Z</time></trkpt><trkpt lat="37.442819" lon="-83.6511"><ele>242.0</ele><time>2025-09-19T16:06:31Z</time></trkpt><trkpt lat="37.442813" lon="-83.651187"><ele>244.0</ele><time>2025-09-19T16:06:35Z</time></trkpt><trkpt lat="37.442871" lon="-83.651465"><ele>248.8</ele><time>2025-09-19T16:06:43Z</time></trkpt><trkpt lat="37.442905" lon="-83.651549"><ele>249.4</ele><time>2025-09-19T16:06:45Z</time></trkpt><trkpt lat="37.442971" lon="-83.651629"><ele>250.1</ele><time>2025-09-19T16:06:47Z</time></trkpt><trkpt lat="37.44314" lon="-83.651792"><ele>251.9</ele><time>2025-09-19T16:06:52Z</time></trkpt><trkpt lat="37.443169" lon="-83.651858"><ele>253.0</ele><time>2025-09-19T16:06:54Z</time></trkpt><trkpt lat="37.443192" lon="-83.651958"><ele>254.5</ele><time>2025-09-19T16:06:57Z</time></trkpt><trkpt lat="37.443186" lon="-83.652032"><ele>255.9</ele><time>2025-09-19T16:06:59Z</time></trkpt><trkpt lat="37.443151" lon="-83.652109"><ele>256.8</ele><time>2025-09-19T16:07:01Z</time></trkpt><trkpt lat="37.443087" lon="-83.652196"><ele>258.2</ele><time>2025-09-19T16:07:04Z</time></trkpt><trkpt lat="37.442764" lon="-83.652451"><ele>264.2</ele><time>2025-09-19T16:07:14Z</time></trkpt><trkpt lat="37.442625" lon="-83.652538"><ele>267.3</ele><time>2025-09-19T16:07:18Z</time></trkpt><trkpt lat="37.442434" lon="-83.652609"><ele>272.5</ele><time>2025-09-19T16:07:24Z</time></trkpt><trkpt lat="37.442321" lon="-83.6526"><ele>275.1</ele><time>2025-09-19T16:07:27Z</time></trkpt><trkpt lat="37.441902" lon="-83.65237"><ele>284.8</ele><time>2025-09-19T16:07:37Z</time></trkpt><trkpt lat="37.441801" lon="-83.652346"><ele>287.3</ele><time>2025-09-19T16:07:39Z</time></trkpt><trkpt lat="37.441716" lon="-83.652356"><ele>288.9</ele><time>2025-09-19T16:07:41Z</time></trkpt><trkpt lat="37.441681" lon="-83.652373"><ele>289.4</ele><time>2025-09-19T16:07:42Z</time></trkpt><trkpt lat="37.441612" lon="-83.652442"><ele>290.6</ele><time>2025-09-19T16:07:44Z</time></trkpt><trkpt lat="37.441359" lon="-83.652757"><ele>294.9</ele><time>2025-09-19T16:07:52Z</time></trkpt><trkpt lat="37.441324" lon="-83.652786"><ele>295.5</ele><time>2025-09-19T16:07:53Z</time></trkpt><trkpt lat="37.44124" lon="-83.652829"><ele>296.8</ele><time>2025-09-19T16:07:55Z</time></trkpt><trkpt lat="37.441038" lon="-83.652914"><ele>300.2</ele><time>2025-09-19T16:07:59Z</time></trkpt><trkpt lat="37.440864" lon="-83.653066"><ele>301.0</ele><time>2025-09-19T16:08:03Z</time></trkpt><trkpt lat="37.440698" lon="-83.653235"><ele>300.0</ele><time>2025-09-19T16:08:09Z</time></trkpt><trkpt lat="37.440501" lon="-83.653456"><ele>302.9</ele><time>2025-09-19T16:08:19Z</time></trkpt><trkpt lat="37.440391" lon="-83.653559"><ele>304.9</ele><time>2025-09-19T16:08:23Z</time></trkpt><trkpt lat="37.440309" lon="-83.653671"><ele>306.0</ele><time>2025-09-19T16:08:29Z</time></trkpt><trkpt lat="37.440263" lon="-83.65382"><ele>307.1</ele><time>2025-09-19T16:08:33Z</time></trkpt><trkpt lat="37.440214" lon="-83.654081"><ele>308.1</ele><time>2025-09-19T16:08:37Z</time></trkpt><trkpt lat="37.440155" lon="-83.654246"><ele>312.0</ele><time>2025-09-19T16:08:41Z</time></trkpt><trkpt lat="37.440131" lon="-83.654287"><ele>313.1</ele><time>2025-09-19T16:08:42Z</time></trkpt><trkpt lat="37.440066" lon="-83.654348"><ele>314.9</ele><time>2025-09-19T16:08:44Z</time></trkpt><trkpt lat="37.439939" lon="-83.654424"><ele>312.0</ele><time>2025-09-19T16:11:44Z</time></trkpt><trkpt lat="37.439836" lon="-83.654547"><ele>316.3</ele><time>2025-09-19T16:14:15Z</time></trkpt><trkpt lat="37.439666" lon="-83.65496"><ele>316.9</ele><time>2025-09-19T16:14:23Z</time></trkpt><trkpt lat="37.439596" lon="-83.655063"><ele>317.4</ele><time>2025-09-19T16:14:26Z</time></trkpt><trkpt lat="37.439501" lon="-83.655161"><ele>317.3</ele><time>2025-09-19T16:14:29Z</time></trkpt><trkpt lat="37.439243" lon="-83.655268"><ele>319.0</ele><time>2025-09-19T16:14:39Z</time></trkpt><trkpt lat="37.439139" lon="-83.655334"><ele>322.7</ele><time>2025-09-19T16:14:44Z</time></trkpt><trkpt lat="37.438987" lon="-83.655524"><ele>325.0</ele><time>2025-09-19T16:14:51Z</time></trkpt><trkpt lat="37.438765" lon="-83.65572"><ele>322.2</ele><time>2025-09-19T16:14:57Z</time></trkpt><trkpt lat="37.438587" lon="-83.655939"><ele>318.0</ele><time>2025-09-19T16:15:04Z</time></trkpt><trkpt lat="37.438346" lon="-83.656183"><ele>321.9</ele><time>2025-09-19T16:15:15Z</time></trkpt><trkpt lat="37.438282" lon="-83.656297"><ele>323.8</ele><time>2025-09-19T16:15:18Z</time></trkpt><trkpt lat="37.43819" lon="-83.656637"><ele>325.7</ele><time>2025-09-19T16:15:25Z</time></trkpt><trkpt lat="37.438173" lon="-83.656672"><ele>324.0</ele><time>2025-09-19T16:15:26Z</time></trkpt><trkpt lat="37.438072" lon="-83.656791"><ele>325.5</ele><time>2025-09-19T16:15:30Z</time></trkpt><trkpt lat="37.437812" lon="-83.656982"><ele>325.1</ele><time>2025-09-19T16:15:36Z</time></trkpt><trkpt lat="37.437779" lon="-83.657017"><ele>324.9</ele><time>2025-09-19T16:15:37Z</time></trkpt><trkpt lat="37.437729" lon="-83.657102"><ele>324.2</ele><time>2025-09-19T16:15:39Z</time></trkpt><trkpt lat="37.437695" lon="-83.657194"><ele>323.2</ele><time>2025-09-19T16:15:41Z</time></trkpt><trkpt lat="37.437643" lon="-83.657394"><ele>323.5</ele><time>2025-09-19T16:15:46Z</time></trkpt><trkpt lat="37.437588" lon="-83.657488"><ele>324.4</ele><time>2025-09-19T16:15:49Z</time></trkpt><trkpt lat="37.43753" lon="-83.657537"><ele>324.0</ele><time>2025-09-19T16:15:51Z</time></trkpt><trkpt lat="37.437404" lon="-83.657607"><ele>324.0</ele><time>2025-09-19T16:15:58Z</time></trkpt><trkpt lat="37.437328" lon="-83.657677"><ele>324.3</ele><time>2025-09-19T16:16:02Z</time></trkpt><trkpt lat="37.437178" lon="-83.658011"><ele>324.0</ele><time>2025-09-19T16:16:13Z</time></trkpt><trkpt lat="37.437119" lon="-83.658072"><ele>325.0</ele><time>2025-09-19T16:16:17Z</time></trkpt><trkpt lat="37.436987" lon="-83.658153"><ele>323.6</ele><time>2025-09-19T16:16:21Z</time></trkpt><trkpt lat="37.436953" lon="-83.658184"><ele>323.2</ele><time>2025-09-19T16:16:22Z</time></trkpt><trkpt lat="37.436715" lon="-83.6585"><ele>323.9</ele><time>2025-09-19T16:16:32Z</time></trkpt><trkpt lat="37.436628" lon="-83.658597"><ele>323.8</ele><time>2025-09-19T16:16:35Z</time></trkpt><trkpt lat="37.436082" lon="-83.658999"><ele>320.1</ele><time>2025-09-19T16:16:49Z</time></trkpt><trkpt lat="37.436045" lon="-83.659044"><ele>320.0</ele><time>2025-09-19T16:16:50Z</time></trkpt><trkpt lat="37.435958" lon="-83.659216"><ele>320.0</ele><time>2025-09-19T16:16:53Z</time></trkpt><trkpt lat="37.435924" lon="-83.659264"><ele>319.5</ele><time>2025-09-19T16:16:54Z</time></trkpt><trkpt lat="37.435891" lon="-83.659293"><ele>318.6</ele><time>2025-09-19T16:16:55Z</time></trkpt><trkpt lat="37.435777" lon="-83.659354"><ele>319.7</ele><time>2025-09-19T16:16:58Z</time></trkpt><trkpt lat="37.435696" lon="-83.659437"><ele>320.2</ele><time>2025-09-19T16:17:00Z</time></trkpt><trkpt lat="37.435673" lon="-83.659502"><ele>320.8</ele><time>2025-09-19T16:17:01Z</time></trkpt><trkpt lat="37.435577" lon="-83.659689"><ele>322.9</ele><time>2025-09-19T16:17:05Z</time></trkpt><trkpt lat="37.435467" lon="-83.659835"><ele>323.7</ele><time>2025-09-19T16:17:08Z</time></trkpt><trkpt lat="37.435382" lon="-83.660038"><ele>324.0</ele><time>2025-09-19T16:17:11Z</time></trkpt><trkpt lat="37.435341" lon="-83.660259"><ele>323.2</ele><time>2025-09-19T16:17:14Z</time></trkpt><trkpt lat="37.435341" lon="-83.660326"><ele>323.3</ele><time>2025-09-19T16:17:15Z</time></trkpt><trkpt lat="37.435378" lon="-83.660538"><ele>324.0</ele><time>2025-09-19T16:17:21Z</time></trkpt><trkpt lat="37.435372" lon="-83.661235"><ele>332.5</ele><time>2025-09-19T16:17:37Z</time></trkpt><trkpt lat="37.435369" lon="-83.661287"><ele>333.0</ele><time>2025-09-19T16:17:38Z</time></trkpt><trkpt lat="37.435336" lon="-83.661375"><ele>334.0</ele><time>2025-09-19T16:17:40Z</time></trkpt><trkpt lat="37.435281" lon="-83.661439"><ele>334.9</ele><time>2025-09-19T16:17:44Z</time></trkpt><trkpt lat="37.435181" lon="-83.661479"><ele>336.0</ele><time>2025-09-19T16:17:47Z</time></trkpt><trkpt lat="37.435141" lon="-83.66148"><ele>336.1</ele><time>2025-09-19T16:17:48Z</time></trkpt><trkpt lat="37.435047" lon="-83.661454"><ele>336.6</ele><time>2025-09-19T16:17:50Z</time></trkpt><trkpt lat="37.434994" lon="-83.661461"><ele>337.7</ele><time>2025-09-19T16:17:51Z</time></trkpt><trkpt lat="37.43483" lon="-83.661451"><ele>339.2</ele><time>2025-09-19T16:17:54Z</time></trkpt><trkpt lat="37.434742" lon="-83.661473"><ele>339.0</ele><time>2025-09-19T16:17:56Z</time></trkpt><trkpt lat="37.434653" lon="-83.661525"><ele>338.0</ele><time>2025-09-19T16:17:58Z</time></trkpt><trkpt lat="37.434587" lon="-83.661636"><ele>336.9</ele><time>2025-09-19T16:18:00Z</time></trkpt><trkpt lat="37.4345" lon="-83.661908"><ele>335.5</ele><time>2025-09-19T16:18:04Z</time></trkpt><trkpt lat="37.434484" lon="-83.662054"><ele>336.1</ele><time>2025-09-19T16:18:06Z</time></trkpt><trkpt lat="37.434487" lon="-83.662211"><ele>335.2</ele><time>2025-09-19T16:18:08Z</time></trkpt><trkpt lat="37.434462" lon="-83.662434"><ele>334.0</ele><time>2025-09-19T16:18:11Z</time></trkpt><trkpt lat="37.434447" lon="-83.662506"><ele>333.6</ele><time>2025-09-19T16:18:12Z</time></trkpt><trkpt lat="37.434399" lon="-83.662647"><ele>333.1</ele><time>2025-09-19T16:18:14Z</time></trkpt><trkpt lat="37.434333" lon="-83.662766"><ele>332.7</ele><time>2025-09-19T16:18:16Z</time></trkpt><trkpt lat="37.434292" lon="-83.662812"><ele>332.7</ele><time>2025-09-19T16:18:17Z</time></trkpt><trkpt lat="37.434192" lon="-83.662888"><ele>331.4</ele><time>2025-09-19T16:18:19Z</time></trkpt><trkpt lat="37.434025" lon="-83.662969"><ele>330.4</ele><time>2025-09-19T16:18:22Z</time></trkpt><trkpt lat="37.433922" lon="-83.662994"><ele>329.2</ele><time>2025-09-19T16:18:24Z</time></trkpt><trkpt lat="37.433813" lon="-83.663003"><ele>328.7</ele><time>2025-09-19T16:18:26Z</time></trkpt><trkpt lat="37.43375" lon="-83.662992"><ele>328.6</ele><time>2025-09-19T16:18:27Z</time></trkpt><trkpt lat="37.433531" lon="-83.66292"><ele>328.9</ele><time>2025-09-19T16:18:30Z</time></trkpt><trkpt lat="37.432992" lon="-83.662652"><ele>333.7</ele><time>2025-09-19T16:18:38Z</time></trkpt><trkpt lat="37.432731" lon="-83.662608"><ele>331.9</ele><time>2025-09-19T16:18:43Z</time></trkpt><trkpt lat="37.43264" lon="-83.662579"><ele>330.9</ele><time>2025-09-19T16:18:45Z</time></trkpt><trkpt lat="37.43247" lon="-83.662503"><ele>328.4</ele><time>2025-09-19T16:18:49Z</time></trkpt><trkpt lat="37.432371" lon="-83.662427"><ele>328.0</ele><time>2025-09-19T16:18:51Z</time></trkpt><trkpt lat="37.432129" lon="-83.662177"><ele>331.5</ele><time>2025-09-19T16:18:57Z</time></trkpt><trkpt lat="37.431985" lon="-83.662044"><ele>333.7</ele><time>2025-09-19T16:19:01Z</time></trkpt><trkpt lat="37.431556" lon="-83.661729"><ele>326.3</ele><time>2025-09-19T16:19:14Z</time></trkpt><trkpt lat="37.431367" lon="-83.661664"><ele>322.0</ele><time>2025-09-19T16:19:21Z</time></trkpt><trkpt lat="37.431215" lon="-83.661596"><ele>318.9</ele><time>2025-09-19T16:19:29Z</time></trkpt><trkpt lat="37.431171" lon="-83.661586"><ele>317.5</ele><time>2025-09-19T16:19:30Z</time></trkpt><trkpt lat="37.431055" lon="-83.661587"><ele>314.9</ele><time>2025-09-19T16:19:33Z</time></trkpt><trkpt lat="37.431007" lon="-83.661578"><ele>314.2</ele><time>2025-09-19T16:19:34Z</time></trkpt><trkpt lat="37.430756" lon="-83.661589"><ele>310.5</ele><time>2025-09-19T16:19:39Z</time></trkpt><trkpt lat="37.430595" lon="-83.661613"><ele>308.2</ele><time>2025-09-19T16:19:43Z</time></trkpt><trkpt lat="37.430537" lon="-83.661638"><ele>307.2</ele><time>2025-09-19T16:19:45Z</time></trkpt><trkpt lat="37.430436" lon="-83.661709"><ele>304.0</ele><time>2025-09-19T16:19:49Z</time></trkpt><trkpt lat="37.430377" lon="-83.661787"><ele>301.9</ele><time>2025-09-19T16:19:51Z</time></trkpt><trkpt lat="37.430338" lon="-83.661821"><ele>300.9</ele><time>2025-09-19T16:19:52Z</time></trkpt><trkpt lat="37.430213" lon="-83.661988"><ele>297.7</ele><time>2025-09-19T16:19:56Z</time></trkpt><trkpt lat="37.430115" lon="-83.66215"><ele>296.0</ele><time>2025-09-19T16:19:59Z</time></trkpt><trkpt lat="37.430002" lon="-83.662287"><ele>294.4</ele><time>2025-09-19T16:20:02Z</time></trkpt><trkpt lat="37.429873" lon="-83.662372"><ele>291.9</ele><time>2025-09-19T16:20:05Z</time></trkpt><trkpt lat="37.429822" lon="-83.662379"><ele>291.0</ele><time>2025-09-19T16:20:06Z</time></trkpt><trkpt lat="37.429767" lon="-83.662374"><ele>290.9</ele><time>2025-09-19T16:20:07Z</time></trkpt><trkpt lat="37.429648" lon="-83.662345"><ele>290.1</ele><time>2025-09-19T16:20:09Z</time></trkpt><trkpt lat="37.429499" lon="-83.662293"><ele>288.1</ele><time>2025-09-19T16:20:12Z</time></trkpt><trkpt lat="37.429257" lon="-83.662199"><ele>288.0</ele><time>2025-09-19T16:20:16Z</time></trkpt><trkpt lat="37.429136" lon="-83.662165"><ele>288.2</ele><time>2025-09-19T16:20:18Z</time></trkpt><trkpt lat="37.428958" lon="-83.662091"><ele>286.8</ele><time>2025-09-19T16:20:21Z</time></trkpt><trkpt lat="37.428662" lon="-83.661958"><ele>281.9</ele><time>2025-09-19T16:20:25Z</time></trkpt><trkpt lat="37.428138" lon="-83.661686"><ele>276.3</ele><time>2025-09-19T16:20:31Z</time></trkpt><trkpt lat="37.427862" lon="-83.661585"><ele>274.6</ele><time>2025-09-19T16:20:34Z</time></trkpt><trkpt lat="37.427378" lon="-83.661327"><ele>272.0</ele><time>2025-09-19T16:20:51Z</time></trkpt><trkpt lat="37.427154" lon="-83.661226"><ele>271.9</ele><time>2025-09-19T16:20:59Z</time></trkpt><trkpt lat="37.426856" lon="-83.661146"><ele>271.0</ele><time>2025-09-19T16:21:05Z</time></trkpt><trkpt lat="37.426653" lon="-83.66107"><ele>272.1</ele><time>2025-09-19T16:21:10Z</time></trkpt><trkpt lat="37.426541" lon="-83.660995"><ele>273.1</ele><time>2025-09-19T16:21:13Z</time></trkpt><trkpt lat="37.426469" lon="-83.660928"><ele>273.7</ele><time>2025-09-19T16:21:15Z</time></trkpt><trkpt lat="37.426349" lon="-83.66077"><ele>274.0</ele><time>2025-09-19T16:21:18Z</time></trkpt><trkpt lat="37.426259" lon="-83.660678"><ele>274.2</ele><time>2025-09-19T16:21:20Z</time></trkpt><trkpt lat="37.426209" lon="-83.660642"><ele>274.6</ele><time>2025-09-19T16:21:21Z</time></trkpt><trkpt lat="37.426096" lon="-83.660619"><ele>274.5</ele><time>2025-09-19T16:21:23Z</time></trkpt><trkpt lat="37.426037" lon="-83.660631"><ele>274.4</ele><time>2025-09-19T16:21:24Z</time></trkpt><trkpt lat="37.425981" lon="-83.660664"><ele>274.0</ele><time>2025-09-19T16:21:25Z</time></trkpt><trkpt lat="37.425697" lon="-83.660888"><ele>272.4</ele><time>2025-09-19T16:21:31Z</time></trkpt><trkpt lat="37.425545" lon="-83.660976"><ele>270.8</ele><time>2025-09-19T16:21:34Z</time></trkpt><trkpt lat="37.425427" lon="-83.660983"><ele>269.7</ele><time>2025-09-19T16:21:36Z</time></trkpt><trkpt lat="37.425373" lon="-83.660968"><ele>268.8</ele><time>2025-09-19T16:21:37Z</time></trkpt><trkpt lat="37.425268" lon="-83.660903"><ele>267.1</ele><time>2025-09-19T16:21:39Z</time></trkpt><trkpt lat="37.425057" lon="-83.660724"><ele>261.3</ele><time>2025-09-19T16:21:44Z</time></trkpt><trkpt lat="37.424945" lon="-83.660655"><ele>259.3</ele><time>2025-09-19T16:21:47Z</time></trkpt><trkpt lat="37.424787" lon="-83.660586"><ele>257.9</ele><time>2025-09-19T16:21:50Z</time></trkpt><trkpt lat="37.424733" lon="-83.660553"><ele>257.7</ele><time>2025-09-19T16:21:51Z</time></trkpt><trkpt lat="37.424514" lon="-83.660365"><ele>253.2</ele><time>2025-09-19T16:21:57Z</time></trkpt><trkpt lat="37.424408" lon="-83.660301"><ele>250.0</ele><time>2025-09-19T16:22:00Z</time></trkpt><trkpt lat="37.424118" lon="-83.660093"><ele>245.3</ele><time>2025-09-19T16:22:10Z</time></trkpt><trkpt lat="37.42399" lon="-83.660043"><ele>244.4</ele><time>2025-09-19T16:22:13Z</time></trkpt><trkpt lat="37.423905" lon="-83.659991"><ele>243.2</ele><time>2025-09-19T16:22:15Z</time></trkpt><trkpt lat="37.423817" lon="-83.659953"><ele>242.4</ele><time>2025-09-19T16:22:17Z</time></trkpt><trkpt lat="37.423716" lon="-83.659929"><ele>240.9</ele><time>2025-09-19T16:22:19Z</time></trkpt><trkpt lat="37.423539" lon="-83.659909"><ele>240.7</ele><time>2025-09-19T16:22:22Z</time></trkpt><trkpt lat="37.423272" lon="-83.659813"><ele>240.5</ele><time>2025-09-19T16:22:26Z</time></trkpt><trkpt lat="37.423026" lon="-83.659694"><ele>239.5</ele><time>2025-09-19T16:22:30Z</time></trkpt><trkpt lat="37.422913" lon="-83.659607"><ele>239.2</ele><time>2025-09-19T16:22:32Z</time></trkpt><trkpt lat="37.422818" lon="-83.659505"><ele>238.4</ele><time>2025-09-19T16:22:34Z</time></trkpt><trkpt lat="37.422637" lon="-83.659254"><ele>235.3</ele><time>2025-09-19T16:22:42Z</time></trkpt><trkpt lat="37.422563" lon="-83.65912"><ele>233.5</ele><time>2025-09-19T16:22:46Z</time></trkpt><trkpt lat="37.422478" lon="-83.658923"><ele>232.0</ele><time>2025-09-19T16:22:50Z</time></trkpt><trkpt lat="37.422303" lon="-83.658162"><ele>224.5</ele><time>2025-09-19T16:23:04Z</time></trkpt><trkpt lat="37.42228" lon="-83.658128"><ele>224.0</ele><time>2025-09-19T16:23:05Z</time></trkpt><trkpt lat="37.422215" lon="-83.658113"><ele>223.1</ele><time>2025-09-19T16:23:07Z</time></trkpt><trkpt lat="37.422169" lon="-83.658124"><ele>222.8</ele><time>2025-09-19T16:23:08Z</time></trkpt><trkpt lat="37.421723" lon="-83.658358"><ele>218.6</ele><time>2025-09-19T16:23:18Z</time></trkpt><trkpt lat="37.421503" lon="-83.658453"><ele>216.8</ele><time>2025-09-19T16:23:22Z</time></trkpt><trkpt lat="37.421337" lon="-83.658547"><ele>215.9</ele><time>2025-09-19T16:23:25Z</time></trkpt><trkpt lat="37.421143" lon="-83.658638"><ele>215.3</ele><time>2025-09-19T16:23:28Z</time></trkpt><trkpt lat="37.421002" lon="-83.658736"><ele>215.9</ele><time>2025-09-19T16:23:30Z</time></trkpt><trkpt lat="37.420725" lon="-83.658971"><ele>218.1</ele><time>2025-09-19T16:23:34Z</time></trkpt><trkpt lat="37.420657" lon="-83.659018"><ele>219.3</ele><time>2025-09-19T16:23:35Z</time></trkpt><trkpt lat="37.420311" lon="-83.659181"><ele>221.1</ele><time>2025-09-19T16:23:40Z</time></trkpt><trkpt lat="37.419787" lon="-83.659613"><ele>219.1</ele><time>2025-09-19T16:23:48Z</time></trkpt><trkpt lat="37.419477" lon="-83.659851"><ele>221.5</ele><time>2025-09-19T16:23:57Z</time></trkpt><trkpt lat="37.419417" lon="-83.659913"><ele>221.4</ele><time>2025-09-19T16:23:59Z</time></trkpt><trkpt lat="37.419349" lon="-83.660019"><ele>221.2</ele><time>2025-09-19T16:24:01Z</time></trkpt><trkpt lat="37.419213" lon="-83.660395"><ele>220.1</ele><time>2025-09-19T16:24:06Z</time></trkpt><trkpt lat="37.419045" lon="-83.660793"><ele>217.2</ele><time>2025-09-19T16:24:12Z</time></trkpt><trkpt lat="37.418995" lon="-83.660843"><ele>217.0</ele><time>2025-09-19T16:24:13Z</time></trkpt><trkpt lat="37.418938" lon="-83.660879"><ele>216.5</ele><time>2025-09-19T16:24:14Z</time></trkpt><trkpt lat="37.418876" lon="-83.660892"><ele>215.5</ele><time>2025-09-19T16:24:15Z</time></trkpt><trkpt lat="37.418529" lon="-83.660886"><ele>213.3</ele><time>2025-09-19T16:24:20Z</time></trkpt><trkpt lat="37.418363" lon="-83.660911"><ele>212.8</ele><time>2025-09-19T16:24:22Z</time></trkpt><trkpt lat="37.418279" lon="-83.66091"><ele>212.9</ele><time>2025-09-19T16:24:23Z</time></trkpt><trkpt lat="37.4182" lon="-83.660883"><ele>213.2</ele><time>2025-09-19T16:24:24Z</time></trkpt><trkpt lat="37.417817" lon="-83.660668"><ele>215.6</ele><time>2025-09-19T16:24:29Z</time></trkpt><trkpt lat="37.417637" lon="-83.660593"><ele>216.9</ele><time>2025-09-19T16:24:32Z</time></trkpt><trkpt lat="37.417512" lon="-83.660577"><ele>218.7</ele><time>2025-09-19T16:24:34Z</time></trkpt><trkpt lat="37.417263" lon="-83.66057"><ele>220.5</ele><time>2025-09-19T16:24:38Z</time></trkpt><trkpt lat="37.417227" lon="-83.660564"><ele>221.2</ele><time>2025-09-19T16:24:39Z</time></trkpt><trkpt lat="37.41715" lon="-83.660527"><ele>222.0</ele><time>2025-09-19T16:24:42Z</time></trkpt><trkpt lat="37.417113" lon="-83.660524"><ele>224.0</ele><time>2025-09-19T16:24:44Z</time></trkpt><trkpt lat="37.417081" lon="-83.660549"><ele>224.5</ele><time>2025-09-19T16:24:46Z</time></trkpt><trkpt lat="37.41707" lon="-83.660585"><ele>224.4</ele><time>2025-09-19T16:24:47Z</time></trkpt><trkpt lat="37.417072" lon="-83.66062"><ele>224.2</ele><time>2025-09-19T16:24:48Z</time></trkpt><trkpt lat="37.41709" lon="-83.660658"><ele>224.5</ele><time>2025-09-19T16:24:49Z</time></trkpt><trkpt lat="37.41713" lon="-83.660689"><ele>224.4</ele><time>2025-09-19T16:24:50Z</time></trkpt><trkpt lat="37.417269" lon="-83.660703"><ele>224.5</ele><time>2025-09-19T16:24:52Z</time></trkpt><trkpt lat="37.417449" lon="-83.660747"><ele>224.7</ele><time>2025-09-19T16:24:54Z</time></trkpt><trkpt lat="37.417554" lon="-83.660783"><ele>224.7</ele><time>2025-09-19T16:24:55Z</time></trkpt><trkpt lat="37.417773" lon="-83.660881"><ele>224.7</ele><time>2025-09-19T16:24:57Z</time></trkpt><trkpt lat="37.417978" lon="-83.660995"><ele>224.3</ele><time>2025-09-19T16:24:59Z</time></trkpt><trkpt lat="37.418178" lon="-83.661136"><ele>224.4</ele><time>2025-09-19T16:25:01Z</time></trkpt><trkpt lat="37.418364" lon="-83.661294"><ele>225.0</ele><time>2025-09-19T16:25:03Z</time></trkpt><trkpt lat="37.418447" lon="-83.661378"><ele>225.5</ele><time>2025-09-19T16:25:04Z</time></trkpt><trkpt lat="37.418597" lon="-83.661557"><ele>226.1</ele><time>2025-09-19T16:25:06Z</time></trkpt><trkpt lat="37.418795" lon="-83.661832"><ele>227.0</ele><time>2025-09-19T16:25:09Z</time></trkpt><trkpt lat="37.418918" lon="-83.66204"><ele>226.9</ele><time>2025-09-19T16:25:11Z</time></trkpt><trkpt lat="37.419034" lon="-83.662269"><ele>227.1</ele><time>2025-09-19T16:25:13Z</time></trkpt><trkpt lat="37.419139" lon="-83.662523"><ele>227.0</ele><time>2025-09-19T16:25:15Z</time></trkpt><trkpt lat="37.41943" lon="-83.663327"><ele>227.0</ele><time>2025-09-19T16:25:21Z</time></trkpt><trkpt lat="37.419551" lon="-83.663597"><ele>227.4</ele><time>2025-09-19T16:25:23Z</time></trkpt><trkpt lat="37.419706" lon="-83.663858"><ele>228.2</ele><time>2025-09-19T16:25:25Z</time></trkpt><trkpt lat="37.419797" lon="-83.663981"><ele>228.1</ele><time>2025-09-19T16:25:26Z</time></trkpt><trkpt lat="37.419899" lon="-83.664097"><ele>228.4</ele><time>2025-09-19T16:25:27Z</time></trkpt><trkpt lat="37.420122" lon="-83.664307"><ele>228.9</ele><time>2025-09-19T16:25:29Z</time></trkpt><trkpt lat="37.420703" lon="-83.664815"><ele>229.7</ele><time>2025-09-19T16:25:34Z</time></trkpt><trkpt lat="37.420973" lon="-83.665011"><ele>228.8</ele><time>2025-09-19T16:25:36Z</time></trkpt><trkpt lat="37.421274" lon="-83.665172"><ele>228.5</ele><time>2025-09-19T16:25:38Z</time></trkpt><trkpt lat="37.422751" lon="-83.66574"><ele>231.4</ele><time>2025-09-19T16:25:47Z</time></trkpt><trkpt lat="37.423056" lon="-83.665881"><ele>233.0</ele><time>2025-09-19T16:25:49Z</time></trkpt><trkpt lat="37.423341" lon="-83.666063"><ele>233.9</ele><time>2025-09-19T16:25:51Z</time></trkpt><trkpt lat="37.423474" lon="-83.666175"><ele>234.9</ele><time>2025-09-19T16:25:52Z</time></trkpt><trkpt lat="37.423603" lon="-83.666301"><ele>236.0</ele><time>2025-09-19T16:25:53Z</time></trkpt><trkpt lat="37.423724" lon="-83.666441"><ele>236.9</ele><time>2025-09-19T16:25:54Z</time></trkpt><trkpt lat="37.423941" lon="-83.666752"><ele>238.1</ele><time>2025-09-19T16:25:56Z</time></trkpt><trkpt lat="37.424039" lon="-83.666915"><ele>238.6</ele><time>2025-09-19T16:25:57Z</time></trkpt><trkpt lat="37.424393" lon="-83.667586"><ele>240.1</ele><time>2025-09-19T16:26:00Z</time></trkpt><trkpt lat="37.42467" lon="-83.668071"><ele>241.9</ele><time>2025-09-19T16:26:03Z</time></trkpt><trkpt lat="37.425508" lon="-83.669375"><ele>246.3</ele><time>2025-09-19T16:26:11Z</time></trkpt><trkpt lat="37.426277" lon="-83.670537"><ele>250.7</ele><time>2025-09-19T16:26:19Z</time></trkpt><trkpt lat="37.426595" lon="-83.671057"><ele>253.0</ele><time>2025-09-19T16:26:22Z</time></trkpt><trkpt lat="37.426795" lon="-83.67142"><ele>255.0</ele><time>2025-09-19T16:26:24Z</time></trkpt><trkpt lat="37.426976" lon="-83.671794"><ele>257.4</ele><time>2025-09-19T16:26:26Z</time></trkpt><trkpt lat="37.427215" lon="-83.67237"><ele>261.1</ele><time>2025-09-19T16:26:29Z</time></trkpt><trkpt lat="37.427395" lon="-83.672747"><ele>261.9</ele><time>2025-09-19T16:26:31Z</time></trkpt><trkpt lat="37.427499" lon="-83.672927"><ele>262.1</ele><time>2025-09-19T16:26:32Z</time></trkpt><trkpt lat="37.427616" lon="-83.6731"><ele>262.1</ele><time>2025-09-19T16:26:33Z</time></trkpt><trkpt lat="37.427745" lon="-83.673265"><ele>262.5</ele><time>2025-09-19T16:26:34Z</time></trkpt><trkpt lat="37.42831" lon="-83.673885"><ele>266.8</ele><time>2025-09-19T16:26:38Z</time></trkpt><trkpt lat="37.428449" lon="-83.674047"><ele>267.9</ele><time>2025-09-19T16:26:39Z</time></trkpt><trkpt lat="37.428579" lon="-83.674219"><ele>268.8</ele><time>2025-09-19T16:26:40Z</time></trkpt><trkpt lat="37.429057" lon="-83.674948"><ele>272.6</ele><time>2025-09-19T16:26:44Z</time></trkpt><trkpt lat="37.429997" lon="-83.676453"><ele>279.9</ele><time>2025-09-19T16:26:53Z</time></trkpt><trkpt lat="37.430206" lon="-83.676748"><ele>279.4</ele><time>2025-09-19T16:26:55Z</time></trkpt><trkpt lat="37.430452" lon="-83.677036"><ele>278.2</ele><time>2025-09-19T16:26:57Z</time></trkpt><trkpt lat="37.430735" lon="-83.677298"><ele>276.5</ele><time>2025-09-19T16:26:59Z</time></trkpt><trkpt lat="37.430885" lon="-83.677418"><ele>275.9</ele><time>2025-09-19T16:27:00Z</time></trkpt><trkpt lat="37.431202" lon="-83.677623"><ele>274.4</ele><time>2025-09-19T16:27:02Z</time></trkpt><trkpt lat="37.431543" lon="-83.677785"><ele>273.5</ele><time>2025-09-19T16:27:04Z</time></trkpt><trkpt lat="37.432579" lon="-83.678201"><ele>268.1</ele><time>2025-09-19T16:27:10Z</time></trkpt><trkpt lat="37.432732" lon="-83.678255"><ele>267.8</ele><time>2025-09-19T16:27:11Z</time></trkpt><trkpt lat="37.432885" lon="-83.678294"><ele>267.0</ele><time>2025-09-19T16:27:12Z</time></trkpt><trkpt lat="37.433041" lon="-83.678314"><ele>266.3</ele><time>2025-09-19T16:27:13Z</time></trkpt><trkpt lat="37.433196" lon="-83.678313"><ele>265.8</ele><time>2025-09-19T16:27:14Z</time></trkpt><trkpt lat="37.43335" lon="-83.678293"><ele>264.8</ele><time>2025-09-19T16:27:15Z</time></trkpt><trkpt lat="37.433502" lon="-83.678252"><ele>264.2</ele><time>2025-09-19T16:27:16Z</time></trkpt><trkpt lat="37.433647" lon="-83.678186"><ele>263.5</ele><time>2025-09-19T16:27:17Z</time></trkpt><trkpt lat="37.433925" lon="-83.678025"><ele>261.9</ele><time>2025-09-19T16:27:19Z</time></trkpt><trkpt lat="37.434204" lon="-83.677879"><ele>260.7</ele><time>2025-09-19T16:27:21Z</time></trkpt><trkpt lat="37.434346" lon="-83.677816"><ele>260.2</ele><time>2025-09-19T16:27:22Z</time></trkpt><trkpt lat="37.434644" lon="-83.677717"><ele>259.1</ele><time>2025-09-19T16:27:24Z</time></trkpt><trkpt lat="37.4348" lon="-83.677684"><ele>258.5</ele><time>2025-09-19T16:27:25Z</time></trkpt><trkpt lat="37.435269" lon="-83.677632"><ele>256.2</ele><time>2025-09-19T16:27:28Z</time></trkpt><trkpt lat="37.435566" lon="-83.677614"><ele>254.7</ele><time>2025-09-19T16:27:30Z</time></trkpt><trkpt lat="37.435829" lon="-83.677616"><ele>254.2</ele><time>2025-09-19T16:27:32Z</time></trkpt><trkpt lat="37.435952" lon="-83.677643"><ele>253.9</ele><time>2025-09-19T16:27:33Z</time></trkpt><trkpt lat="37.436072" lon="-83.677685"><ele>253.5</ele><time>2025-09-19T16:27:34Z</time></trkpt><trkpt lat="37.436186" lon="-83.677753"><ele>253.2</ele><time>2025-09-19T16:27:35Z</time></trkpt><trkpt lat="37.436291" lon="-83.677844"><ele>252.9</ele><time>2025-09-19T16:27:36Z</time></trkpt><trkpt lat="37.436385" lon="-83.677961"><ele>252.6</ele><time>2025-09-19T16:27:37Z</time></trkpt><trkpt lat="37.436647" lon="-83.678398"><ele>251.0</ele><time>2025-09-19T16:27:40Z</time></trkpt><trkpt lat="37.436824" lon="-83.678723"><ele>250.2</ele><time>2025-09-19T16:27:42Z</time></trkpt><trkpt lat="37.436931" lon="-83.678871"><ele>249.3</ele><time>2025-09-19T16:27:43Z</time></trkpt><trkpt lat="37.437057" lon="-83.678995"><ele>248.7</ele><time>2025-09-19T16:27:44Z</time></trkpt><trkpt lat="37.437194" lon="-83.679103"><ele>247.9</ele><time>2025-09-19T16:27:45Z</time></trkpt><trkpt lat="37.437624" lon="-83.679398"><ele>245.3</ele><time>2025-09-19T16:27:48Z</time></trkpt><trkpt lat="37.437753" lon="-83.679503"><ele>244.4</ele><time>2025-09-19T16:27:49Z</time></trkpt><trkpt lat="37.437873" lon="-83.679612"><ele>243.4</ele><time>2025-09-19T16:27:50Z</time></trkpt><trkpt lat="37.438223" lon="-83.679963"><ele>240.8</ele><time>2025-09-19T16:27:53Z</time></trkpt><trkpt lat="37.438476" lon="-83.680166"><ele>239.0</ele><time>2025-09-19T16:27:55Z</time></trkpt><trkpt lat="37.438609" lon="-83.680261"><ele>238.4</ele><time>2025-09-19T16:27:56Z</time></trkpt><trkpt lat="37.439329" lon="-83.680672"><ele>233.3</ele><time>2025-09-19T16:28:01Z</time></trkpt><trkpt lat="37.439584" lon="-83.680838"><ele>232.5</ele><time>2025-09-19T16:28:03Z</time></trkpt><trkpt lat="37.43979" lon="-83.681018"><ele>231.4</ele><time>2025-09-19T16:28:04Z</time></trkpt><trkpt lat="37.44022" lon="-83.68148"><ele>226.8</ele><time>2025-09-19T16:28:10Z</time></trkpt><trkpt lat="37.440395" lon="-83.681635"><ele>215.0</ele><time>2025-09-19T16:28:36Z</time></trkpt><trkpt lat="37.44046" lon="-83.681734"><ele>230.0</ele><time>2025-09-19T16:29:06Z</time></trkpt><trkpt lat="37.440467" lon="-83.681779"><ele>229.0</ele><time>2025-09-19T16:29:08Z</time></trkpt><trkpt lat="37.440454" lon="-83.681823"><ele>229.7</ele><time>2025-09-19T16:29:10Z</time></trkpt><trkpt lat="37.440344" lon="-83.682001"><ele>224.0</ele><time>2025-09-19T16:29:19Z</time></trkpt><trkpt lat="37.440245" lon="-83.682127"><ele>220.0</ele><time>2025-09-19T16:29:30Z</time></trkpt><trkpt lat="37.440221" lon="-83.68217"><ele>219.0</ele><time>2025-09-19T16:29:33Z</time></trkpt><trkpt lat="37.44018" lon="-83.682201"><ele>218.0</ele><time>2025-09-19T16:29:36Z</time></trkpt><trkpt lat="37.440071" lon="-83.682375"><ele>218.0</ele><time>2025-09-19T16:29:45Z</time></trkpt><trkpt lat="37.439965" lon="-83.682425"><ele>216.0</ele><time>2025-09-19T16:30:01Z</time></trkpt><trkpt lat="37.439937" lon="-83.682453"><ele>218.0</ele><time>2025-09-19T16:30:03Z</time></trkpt><trkpt lat="37.439918" lon="-83.682531"><ele>219.0</ele><time>2025-09-19T16:30:07Z</time></trkpt><trkpt lat="37.43985" lon="-83.682624"><ele>219.0</ele><time>2025-09-19T16:30:13Z</time></trkpt><trkpt lat="37.439764" lon="-83.682946"><ele>220.0</ele><time>2025-09-19T16:30:28Z</time></trkpt><trkpt lat="37.439483" lon="-83.68333"><ele>226.0</ele><time>2025-09-19T16:30:45Z</time></trkpt><trkpt lat="37.439309" lon="-83.683519"><ele>228.2</ele><time>2025-09-19T16:30:51Z</time></trkpt><trkpt lat="37.439205" lon="-83.683678"><ele>225.0</ele><time>2025-09-19T16:31:02Z</time></trkpt><trkpt lat="37.439175" lon="-83.683754"><ele>225.0</ele><time>2025-09-19T16:31:08Z</time></trkpt><trkpt lat="37.439169" lon="-83.683903"><ele>226.0</ele><time>2025-09-19T16:31:14Z</time></trkpt><trkpt lat="37.43915" lon="-83.68399"><ele>223.0</ele><time>2025-09-19T16:31:19Z</time></trkpt><trkpt lat="37.439095" lon="-83.684141"><ele>222.0</ele><time>2025-09-19T16:31:27Z</time></trkpt><trkpt lat="37.438978" lon="-83.684316"><ele>221.0</ele><time>2025-09-19T16:31:40Z</time></trkpt><trkpt lat="37.438924" lon="-83.68445"><ele>216.0</ele><time>2025-09-19T16:32:23Z</time></trkpt><trkpt lat="37.438631" lon="-83.684658"><ele>224.0</ele><time>2025-09-19T16:33:13Z</time></trkpt><trkpt lat="37.438557" lon="-83.684737"><ele>224.0</ele><time>2025-09-19T16:33:22Z</time></trkpt><trkpt lat="37.438459" lon="-83.685"><ele>222.0</ele><time>2025-09-19T16:33:34Z</time></trkpt><trkpt lat="37.438444" lon="-83.685171"><ele>221.3</ele><time>2025-09-19T16:33:42Z</time></trkpt><trkpt lat="37.438473" lon="-83.685261"><ele>220.0</ele><time>2025-09-19T16:33:45Z</time></trkpt><trkpt lat="37.438462" lon="-83.685308"><ele>220.0</ele><time>2025-09-19T16:33:47Z</time></trkpt><trkpt lat="37.438434" lon="-83.685348"><ele>220.0</ele><time>2025-09-19T16:33:49Z</time></trkpt><trkpt lat="37.438395" lon="-83.685367"><ele>220.0</ele><time>2025-09-19T16:33:51Z</time></trkpt><trkpt lat="37.438363" lon="-83.685369"><ele>220.0</ele><time>2025-09-19T16:33:55Z</time></trkpt><trkpt lat="37.4383" lon="-83.685344"><ele>222.0</ele><time>2025-09-19T16:34:03Z</time></trkpt><trkpt lat="37.43826" lon="-83.685303"><ele>222.9</ele><time>2025-09-19T16:34:09Z</time></trkpt><trkpt lat="37.438254" lon="-83.685203"><ele>222.0</ele><time>2025-09-19T16:34:17Z</time></trkpt><trkpt lat="37.438233" lon="-83.685179"><ele>222.0</ele><time>2025-09-19T16:34:20Z</time></trkpt><trkpt lat="37.438205" lon="-83.685165"><ele>222.0</ele><time>2025-09-19T16:34:23Z</time></trkpt><trkpt lat="37.438117" lon="-83.685157"><ele>221.0</ele><time>2025-09-19T16:34:29Z</time></trkpt><trkpt lat="37.438053" lon="-83.685176"><ele>220.0</ele><time>2025-09-19T16:34:33Z</time></trkpt><trkpt lat="37.437968" lon="-83.685221"><ele>220.0</ele><time>2025-09-19T16:34:41Z</time></trkpt><trkpt lat="37.437889" lon="-83.685243"><ele>223.0</ele><time>2025-09-19T16:34:47Z</time></trkpt><trkpt lat="37.437742" lon="-83.685321"><ele>226.3</ele><time>2025-09-19T16:34:56Z</time></trkpt><trkpt lat="37.437504" lon="-83.685401"><ele>228.0</ele><time>2025-09-19T16:35:10Z</time></trkpt><trkpt lat="37.437354" lon="-83.685421"><ele>229.3</ele><time>2025-09-19T16:35:16Z</time></trkpt><trkpt lat="37.437318" lon="-83.685441"><ele>229.2</ele><time>2025-09-19T16:35:17Z</time></trkpt><trkpt lat="37.437241" lon="-83.685514"><ele>230.0</ele><time>2025-09-19T16:35:20Z</time></trkpt><trkpt lat="37.437218" lon="-83.685558"><ele>230.0</ele><time>2025-09-19T16:35:22Z</time></trkpt><trkpt lat="37.437174" lon="-83.685702"><ele>230.0</ele><time>2025-09-19T16:35:30Z</time></trkpt><trkpt lat="37.437122" lon="-83.685779"><ele>225.0</ele><time>2025-09-19T16:35:38Z</time></trkpt><trkpt lat="37.437108" lon="-83.685769"><ele>223.0</ele><time>2025-09-19T16:50:20Z</time></trkpt><trkpt lat="37.43706" lon="-83.685814"><ele>236.0</ele><time>2025-09-19T17:23:09Z</time></trkpt><trkpt lat="37.436948" lon="-83.685881"><ele>236.0</ele><time>2025-09-19T17:23:25Z</time></trkpt><trkpt lat="37.436875" lon="-83.685901"><ele>239.0</ele><time>2025-09-19T17:23:30Z</time></trkpt><trkpt lat="37.436817" lon="-83.685904"><ele>238.0</ele><time>2025-09-19T17:23:36Z</time></trkpt><trkpt lat="37.436704" lon="-83.685952"><ele>240.0</ele><time>2025-09-19T17:23:42Z</time></trkpt><trkpt lat="37.436558" lon="-83.685967"><ele>236.0</ele><time>2025-09-19T17:23:50Z</time></trkpt><trkpt lat="37.436499" lon="-83.686024"><ele>232.0</ele><time>2025-09-19T17:23:59Z</time></trkpt><trkpt lat="37.436439" lon="-83.686132"><ele>235.0</ele><time>2025-09-19T17:24:13Z</time></trkpt><trkpt lat="37.436284" lon="-83.686129"><ele>237.0</ele><time>2025-09-19T17:24:24Z</time></trkpt><trkpt lat="37.436245" lon="-83.686136"><ele>237.0</ele><time>2025-09-19T17:24:27Z</time></trkpt><trkpt lat="37.435977" lon="-83.68623"><ele>238.0</ele><time>2025-09-19T17:24:43Z</time></trkpt><trkpt lat="37.435828" lon="-83.686298"><ele>237.0</ele><time>2025-09-19T17:24:54Z</time></trkpt><trkpt lat="37.435701" lon="-83.686471"><ele>235.0</ele><time>2025-09-19T17:25:17Z</time></trkpt><trkpt lat="37.435365" lon="-83.68686"><ele>237.0</ele><time>2025-09-19T17:26:09Z</time></trkpt><trkpt lat="37.435302" lon="-83.686895"><ele>236.0</ele><time>2025-09-19T17:26:14Z</time></trkpt><trkpt lat="37.43523" lon="-83.686898"><ele>234.0</ele><time>2025-09-19T17:26:19Z</time></trkpt><trkpt lat="37.435037" lon="-83.686835"><ele>232.0</ele><time>2025-09-19T17:26:29Z</time></trkpt><trkpt lat="37.434993" lon="-83.686826"><ele>233.8</ele><time>2025-09-19T17:26:32Z</time></trkpt><trkpt lat="37.434962" lon="-83.686833"><ele>232.0</ele><time>2025-09-19T17:26:33Z</time></trkpt><trkpt lat="37.434792" lon="-83.686897"><ele>232.0</ele><time>2025-09-19T17:26:41Z</time></trkpt><trkpt lat="37.434532" lon="-83.687066"><ele>235.3</ele><time>2025-09-19T17:26:50Z</time></trkpt><trkpt lat="37.434475" lon="-83.687127"><ele>236.1</ele><time>2025-09-19T17:26:51Z</time></trkpt><trkpt lat="37.434377" lon="-83.687205"><ele>237.2</ele><time>2025-09-19T17:26:54Z</time></trkpt><trkpt lat="37.434201" lon="-83.68745"><ele>237.8</ele><time>2025-09-19T17:27:00Z</time></trkpt><trkpt lat="37.43411" lon="-83.687606"><ele>238.9</ele><time>2025-09-19T17:27:04Z</time></trkpt><trkpt lat="37.434034" lon="-83.687765"><ele>240.2</ele><time>2025-09-19T17:27:08Z</time></trkpt><trkpt lat="37.433954" lon="-83.687838"><ele>241.8</ele><time>2025-09-19T17:27:11Z</time></trkpt><trkpt lat="37.433935" lon="-83.687868"><ele>242.8</ele><time>2025-09-19T17:27:12Z</time></trkpt><trkpt lat="37.433887" lon="-83.68804"><ele>244.0</ele><time>2025-09-19T17:27:19Z</time></trkpt><trkpt lat="37.433868" lon="-83.688248"><ele>246.0</ele><time>2025-09-19T17:27:32Z</time></trkpt><trkpt lat="37.433839" lon="-83.688348"><ele>246.0</ele><time>2025-09-19T17:27:38Z</time></trkpt><trkpt lat="37.433793" lon="-83.688413"><ele>248.0</ele><time>2025-09-19T17:27:43Z</time></trkpt><trkpt lat="37.433707" lon="-83.688498"><ele>250.6</ele><time>2025-09-19T17:27:48Z</time></trkpt><trkpt lat="37.433658" lon="-83.688573"><ele>251.0</ele><time>2025-09-19T17:27:51Z</time></trkpt><trkpt lat="37.433627" lon="-83.688644"><ele>251.0</ele><time>2025-09-19T17:27:55Z</time></trkpt><trkpt lat="37.433497" lon="-83.688801"><ele>254.0</ele><time>2025-09-19T17:28:05Z</time></trkpt><trkpt lat="37.433485" lon="-83.688867"><ele>254.0</ele><time>2025-09-19T17:28:09Z</time></trkpt><trkpt lat="37.433404" lon="-83.689017"><ele>254.0</ele><time>2025-09-19T17:28:17Z</time></trkpt><trkpt lat="37.433373" lon="-83.689185"><ele>253.3</ele><time>2025-09-19T17:28:23Z</time></trkpt><trkpt lat="37.43336" lon="-83.689481"><ele>248.0</ele><time>2025-09-19T17:28:35Z</time></trkpt><trkpt lat="37.433348" lon="-83.689552"><ele>248.0</ele><time>2025-09-19T17:28:39Z</time></trkpt><trkpt lat="37.433352" lon="-83.68964"><ele>248.0</ele><time>2025-09-19T17:28:43Z</time></trkpt><trkpt lat="37.433273" lon="-83.68999"><ele>246.0</ele><time>2025-09-19T17:28:58Z</time></trkpt><trkpt lat="37.433217" lon="-83.690158"><ele>244.0</ele><time>2025-09-19T17:29:07Z</time></trkpt><trkpt lat="37.433146" lon="-83.690221"><ele>242.0</ele><time>2025-09-19T17:29:11Z</time></trkpt><trkpt lat="37.43298" lon="-83.690309"><ele>242.0</ele><time>2025-09-19T17:29:21Z</time></trkpt><trkpt lat="37.432886" lon="-83.690421"><ele>244.0</ele><time>2025-09-19T17:29:29Z</time></trkpt><trkpt lat="37.432823" lon="-83.690454"><ele>240.0</ele><time>2025-09-19T17:29:34Z</time></trkpt><trkpt lat="37.432782" lon="-83.690505"><ele>243.0</ele><time>2025-09-19T17:29:41Z</time></trkpt><trkpt lat="37.43272" lon="-83.690657"><ele>243.0</ele><time>2025-09-19T17:29:49Z</time></trkpt><trkpt lat="37.432785" lon="-83.691102"><ele>242.0</ele><time>2025-09-19T17:30:14Z</time></trkpt><trkpt lat="37.432828" lon="-83.691168"><ele>240.0</ele><time>2025-09-19T17:30:20Z</time></trkpt><trkpt lat="37.432886" lon="-83.691205"><ele>240.0</ele><time>2025-09-19T17:30:26Z</time></trkpt><trkpt lat="37.432903" lon="-83.69125"><ele>242.0</ele><time>2025-09-19T17:30:39Z</time></trkpt><trkpt lat="37.43295" lon="-83.691305"><ele>243.0</ele><time>2025-09-19T17:31:11Z</time></trkpt><trkpt lat="37.432972" lon="-83.691379"><ele>243.0</ele><time>2025-09-19T17:31:16Z</time></trkpt><trkpt lat="37.432964" lon="-83.691476"><ele>245.3</ele><time>2025-09-19T17:31:20Z</time></trkpt><trkpt lat="37.432925" lon="-83.691567"><ele>246.0</ele><time>2025-09-19T17:31:29Z</time></trkpt><trkpt lat="37.432913" lon="-83.691632"><ele>246.0</ele><time>2025-09-19T17:31:36Z</time></trkpt><trkpt lat="37.432876" lon="-83.691653"><ele>244.0</ele><time>2025-09-19T17:32:52Z</time></trkpt><trkpt lat="37.432907" lon="-83.691819"><ele>240.0</ele><time>2025-09-19T17:33:38Z</time></trkpt><trkpt lat="37.432896" lon="-83.692122"><ele>246.0</ele><time>2025-09-19T17:34:10Z</time></trkpt><trkpt lat="37.43291" lon="-83.692251"><ele>246.0</ele><time>2025-09-19T17:34:19Z</time></trkpt><trkpt lat="37.432908" lon="-83.692358"><ele>246.0</ele><time>2025-09-19T17:34:28Z</time></trkpt><trkpt lat="37.432892" lon="-83.692432"><ele>246.0</ele><time>2025-09-19T17:34:32Z</time></trkpt><trkpt lat="37.432829" lon="-83.692522"><ele>246.0</ele><time>2025-09-19T17:34:38Z</time></trkpt><trkpt lat="37.432817" lon="-83.692567"><ele>244.0</ele><time>2025-09-19T17:34:40Z</time></trkpt><trkpt lat="37.432794" lon="-83.693248"><ele>250.0</ele><time>2025-09-19T17:35:09Z</time></trkpt><trkpt lat="37.432814" lon="-83.693399"><ele>250.7</ele><time>2025-09-19T17:35:15Z</time></trkpt><trkpt lat="37.432799" lon="-83.693562"><ele>250.0</ele><time>2025-09-19T17:35:20Z</time></trkpt><trkpt lat="37.432803" lon="-83.693897"><ele>250.0</ele><time>2025-09-19T17:35:32Z</time></trkpt><trkpt lat="37.432779" lon="-83.694086"><ele>252.0</ele><time>2025-09-19T17:35:40Z</time></trkpt><trkpt lat="37.43271" lon="-83.694315"><ele>252.0</ele><time>2025-09-19T17:35:50Z</time></trkpt><trkpt lat="37.432675" lon="-83.694639"><ele>254.0</ele><time>2025-09-19T17:36:03Z</time></trkpt><trkpt lat="37.432675" lon="-83.694746"><ele>254.4</ele><time>2025-09-19T17:36:07Z</time></trkpt><trkpt lat="37.432658" lon="-83.694847"><ele>254.7</ele><time>2025-09-19T17:36:10Z</time></trkpt><trkpt lat="37.432729" lon="-83.695169"><ele>258.0</ele><time>2025-09-19T17:36:19Z</time></trkpt><trkpt lat="37.432707" lon="-83.695346"><ele>259.3</ele><time>2025-09-19T17:36:25Z</time></trkpt><trkpt lat="37.432701" lon="-83.695523"><ele>260.5</ele><time>2025-09-19T17:36:31Z</time></trkpt><trkpt lat="37.432764" lon="-83.695828"><ele>261.4</ele><time>2025-09-19T17:36:41Z</time></trkpt><trkpt lat="37.432874" lon="-83.695986"><ele>261.0</ele><time>2025-09-19T17:36:50Z</time></trkpt><trkpt lat="37.432889" lon="-83.696032"><ele>260.0</ele><time>2025-09-19T17:36:52Z</time></trkpt><trkpt lat="37.432866" lon="-83.696204"><ele>260.0</ele><time>2025-09-19T17:37:00Z</time></trkpt><trkpt lat="37.432922" lon="-83.696487"><ele>261.0</ele><time>2025-09-19T17:37:15Z</time></trkpt><trkpt lat="37.432964" lon="-83.696943"><ele>264.0</ele><time>2025-09-19T17:37:43Z</time></trkpt><trkpt lat="37.433003" lon="-83.697127"><ele>264.0</ele><time>2025-09-19T17:37:51Z</time></trkpt><trkpt lat="37.433072" lon="-83.697273"><ele>264.0</ele><time>2025-09-19T17:38:00Z</time></trkpt><trkpt lat="37.433125" lon="-83.697488"><ele>264.0</ele><time>2025-09-19T17:38:14Z</time></trkpt><trkpt lat="37.433118" lon="-83.697705"><ele>264.0</ele><time>2025-09-19T17:38:27Z</time></trkpt><trkpt lat="37.433143" lon="-83.697965"><ele>266.0</ele><time>2025-09-19T17:38:44Z</time></trkpt><trkpt lat="37.433099" lon="-83.698072"><ele>264.0</ele><time>2025-09-19T17:38:53Z</time></trkpt><trkpt lat="37.433152" lon="-83.698262"><ele>266.0</ele><time>2025-09-19T17:39:06Z</time></trkpt><trkpt lat="37.433146" lon="-83.698357"><ele>266.0</ele><time>2025-09-19T17:39:10Z</time></trkpt><trkpt lat="37.433203" lon="-83.698569"><ele>268.0</ele><time>2025-09-19T17:39:19Z</time></trkpt><trkpt lat="37.433204" lon="-83.698658"><ele>268.0</ele><time>2025-09-19T17:39:23Z</time></trkpt><trkpt lat="37.43324" lon="-83.698733"><ele>268.0</ele><time>2025-09-19T17:39:27Z</time></trkpt><trkpt lat="37.433238" lon="-83.69877"><ele>268.0</ele><time>2025-09-19T17:39:29Z</time></trkpt><trkpt lat="37.433191" lon="-83.698868"><ele>268.0</ele><time>2025-09-19T17:39:36Z</time></trkpt><trkpt lat="37.433154" lon="-83.699116"><ele>270.0</ele><time>2025-09-19T17:40:26Z</time></trkpt><trkpt lat="37.433139" lon="-83.699146"><ele>272.0</ele><time>2025-09-19T17:40:29Z</time></trkpt><trkpt lat="37.433088" lon="-83.699189"><ele>270.0</ele><time>2025-09-19T17:40:39Z</time></trkpt><trkpt lat="37.433078" lon="-83.699224"><ele>273.0</ele><time>2025-09-19T17:40:43Z</time></trkpt><trkpt lat="37.433121" lon="-83.699329"><ele>274.1</ele><time>2025-09-19T17:40:54Z</time></trkpt><trkpt lat="37.433128" lon="-83.699418"><ele>270.0</ele><time>2025-09-19T17:41:01Z</time></trkpt><trkpt lat="37.433154" lon="-83.69949"><ele>270.0</ele><time>2025-09-19T17:41:06Z</time></trkpt><trkpt lat="37.433188" lon="-83.699521"><ele>268.0</ele><time>2025-09-19T17:41:09Z</time></trkpt><trkpt lat="37.433256" lon="-83.699529"><ele>269.0</ele><time>2025-09-19T17:41:18Z</time></trkpt><trkpt lat="37.433282" lon="-83.699549"><ele>268.0</ele><time>2025-09-19T17:41:22Z</time></trkpt><trkpt lat="37.433298" lon="-83.699586"><ele>268.0</ele><time>2025-09-19T17:41:25Z</time></trkpt><trkpt lat="37.433309" lon="-83.699658"><ele>270.0</ele><time>2025-09-19T17:41:30Z</time></trkpt><trkpt lat="37.433288" lon="-83.699848"><ele>271.0</ele><time>2025-09-19T17:41:40Z</time></trkpt><trkpt lat="37.433236" lon="-83.700113"><ele>270.0</ele><time>2025-09-19T17:41:55Z</time></trkpt><trkpt lat="37.433237" lon="-83.700152"><ele>270.0</ele><time>2025-09-19T17:41:57Z</time></trkpt><trkpt lat="37.433286" lon="-83.700388"><ele>272.0</ele><time>2025-09-19T17:42:30Z</time></trkpt><trkpt lat="37.433346" lon="-83.700753"><ele>274.0</ele><time>2025-09-19T17:42:55Z</time></trkpt><trkpt lat="37.433379" lon="-83.700831"><ele>274.0</ele><time>2025-09-19T17:42:59Z</time></trkpt><trkpt lat="37.433425" lon="-83.701002"><ele>276.0</ele><time>2025-09-19T17:43:09Z</time></trkpt><trkpt lat="37.433568" lon="-83.701297"><ele>276.7</ele><time>2025-09-19T17:43:24Z</time></trkpt><trkpt lat="37.433601" lon="-83.701461"><ele>277.0</ele><time>2025-09-19T17:43:31Z</time></trkpt><trkpt lat="37.433647" lon="-83.701594"><ele>278.0</ele><time>2025-09-19T17:43:42Z</time></trkpt><trkpt lat="37.433797" lon="-83.70191"><ele>279.0</ele><time>2025-09-19T17:44:17Z</time></trkpt><trkpt lat="37.433861" lon="-83.702129"><ele>279.0</ele><time>2025-09-19T17:44:31Z</time></trkpt><trkpt lat="37.433914" lon="-83.702236"><ele>278.0</ele><time>2025-09-19T17:44:38Z</time></trkpt><trkpt lat="37.433951" lon="-83.7024"><ele>278.0</ele><time>2025-09-19T17:44:46Z</time></trkpt><trkpt lat="37.433956" lon="-83.702596"><ele>278.0</ele><time>2025-09-19T17:44:54Z</time></trkpt><trkpt lat="37.433936" lon="-83.702732"><ele>280.0</ele><time>2025-09-19T17:45:00Z</time></trkpt><trkpt lat="37.433974" lon="-83.702919"><ele>280.0</ele><time>2025-09-19T17:45:07Z</time></trkpt><trkpt lat="37.433978" lon="-83.703119"><ele>281.0</ele><time>2025-09-19T17:45:15Z</time></trkpt><trkpt lat="37.434009" lon="-83.703204"><ele>282.0</ele><time>2025-09-19T17:45:19Z</time></trkpt><trkpt lat="37.434044" lon="-83.703346"><ele>284.0</ele><time>2025-09-19T17:45:25Z</time></trkpt><trkpt lat="37.43408" lon="-83.703633"><ele>282.0</ele><time>2025-09-19T17:45:40Z</time></trkpt><trkpt lat="37.434108" lon="-83.703738"><ele>269.0</ele><time>2025-09-19T17:46:28Z</time></trkpt><trkpt lat="37.434117" lon="-83.70393"><ele>276.0</ele><time>2025-09-19T17:47:00Z</time></trkpt><trkpt lat="37.43415" lon="-83.704039"><ele>279.0</ele><time>2025-09-19T17:47:20Z</time></trkpt><trkpt lat="37.434131" lon="-83.704228"><ele>284.0</ele><time>2025-09-19T17:48:32Z</time></trkpt><trkpt lat="37.434105" lon="-83.704359"><ele>284.0</ele><time>2025-09-19T17:48:50Z</time></trkpt><trkpt lat="37.434084" lon="-83.704792"><ele>284.0</ele><time>2025-09-19T17:49:40Z</time></trkpt><trkpt lat="37.434072" lon="-83.704889"><ele>285.0</ele><time>2025-09-19T17:49:50Z</time></trkpt><trkpt lat="37.434049" lon="-83.704956"><ele>280.0</ele><time>2025-09-19T17:49:59Z</time></trkpt><trkpt lat="37.434079" lon="-83.705062"><ele>280.0</ele><time>2025-09-19T17:51:22Z</time></trkpt><trkpt lat="37.434106" lon="-83.70509"><ele>280.0</ele><time>2025-09-19T17:52:23Z</time></trkpt><trkpt lat="37.434186" lon="-83.705231"><ele>282.0</ele><time>2025-09-19T17:52:50Z</time></trkpt><trkpt lat="37.43418" lon="-83.705309"><ele>282.0</ele><time>2025-09-19T17:52:57Z</time></trkpt><trkpt lat="37.434189" lon="-83.705417"><ele>285.0</ele><time>2025-09-19T17:53:04Z</time></trkpt><trkpt lat="37.434222" lon="-83.705473"><ele>285.0</ele><time>2025-09-19T17:53:11Z</time></trkpt><trkpt lat="37.4343" lon="-83.70556"><ele>284.0</ele><time>2025-09-19T17:53:30Z</time></trkpt><trkpt lat="37.4344" lon="-83.705711"><ele>284.0</ele><time>2025-09-19T17:53:42Z</time></trkpt><trkpt lat="37.43462" lon="-83.705979"><ele>288.0</ele><time>2025-09-19T17:53:58Z</time></trkpt><trkpt lat="37.434727" lon="-83.706197"><ele>288.0</ele><time>2025-09-19T17:54:14Z</time></trkpt><trkpt lat="37.434823" lon="-83.706349"><ele>288.0</ele><time>2025-09-19T17:54:26Z</time></trkpt><trkpt lat="37.434929" lon="-83.706454"><ele>287.0</ele><time>2025-09-19T17:54:52Z</time></trkpt><trkpt lat="37.434986" lon="-83.70655"><ele>288.0</ele><time>2025-09-19T17:55:03Z</time></trkpt><trkpt lat="37.435004" lon="-83.706651"><ele>286.0</ele><time>2025-09-19T17:55:08Z</time></trkpt><trkpt lat="37.435103" lon="-83.706852"><ele>285.0</ele><time>2025-09-19T17:55:21Z</time></trkpt><trkpt lat="37.43526" lon="-83.707067"><ele>286.0</ele><time>2025-09-19T17:55:41Z</time></trkpt><trkpt lat="37.435508" lon="-83.707235"><ele>290.0</ele><time>2025-09-19T17:56:54Z</time></trkpt><trkpt lat="37.435672" lon="-83.70736"><ele>294.0</ele><time>2025-09-19T17:58:42Z</time></trkpt><trkpt lat="37.435727" lon="-83.707391"><ele>292.0</ele><time>2025-09-19T18:01:59Z</time></trkpt><trkpt lat="37.435725" lon="-83.707442"><ele>297.0</ele><time>2025-09-19T18:02:32Z</time></trkpt><trkpt lat="37.435752" lon="-83.707466"><ele>297.0</ele><time>2025-09-19T18:02:45Z</time></trkpt><trkpt lat="37.435797" lon="-83.70746"><ele>285.0</ele><time>2025-09-19T18:02:56Z</time></trkpt><trkpt lat="37.435772" lon="-83.707423"><ele>292.0</ele><time>2025-09-19T18:03:34Z</time></trkpt><trkpt lat="37.435813" lon="-83.707421"><ele>294.0</ele><time>2025-09-19T18:04:04Z</time></trkpt><trkpt lat="37.435885" lon="-83.707436"><ele>292.0</ele><time>2025-09-19T18:04:09Z</time></trkpt><trkpt lat="37.436029" lon="-83.707531"><ele>301.0</ele><time>2025-09-19T18:05:10Z</time></trkpt><trkpt lat="37.436268" lon="-83.707719"><ele>298.0</ele><time>2025-09-19T18:05:26Z</time></trkpt><trkpt lat="37.436368" lon="-83.707818"><ele>298.0</ele><time>2025-09-19T18:05:32Z</time></trkpt><trkpt lat="37.436458" lon="-83.707929"><ele>298.0</ele><time>2025-09-19T18:05:38Z</time></trkpt><trkpt lat="37.436641" lon="-83.708099"><ele>296.0</ele><time>2025-09-19T18:05:53Z</time></trkpt><trkpt lat="37.43668" lon="-83.70816"><ele>298.0</ele><time>2025-09-19T18:05:59Z</time></trkpt><trkpt lat="37.436826" lon="-83.708675"><ele>298.0</ele><time>2025-09-19T18:06:28Z</time></trkpt><trkpt lat="37.436888" lon="-83.708847"><ele>298.0</ele><time>2025-09-19T18:06:36Z</time></trkpt><trkpt lat="37.436984" lon="-83.70935"><ele>298.0</ele><time>2025-09-19T18:06:55Z</time></trkpt><trkpt lat="37.437048" lon="-83.709496"><ele>298.0</ele><time>2025-09-19T18:07:01Z</time></trkpt><trkpt lat="37.437252" lon="-83.709821"><ele>302.0</ele><time>2025-09-19T18:07:23Z</time></trkpt><trkpt lat="37.437331" lon="-83.709995"><ele>303.7</ele><time>2025-09-19T18:07:32Z</time></trkpt><trkpt lat="37.437385" lon="-83.710072"><ele>304.0</ele><time>2025-09-19T18:07:35Z</time></trkpt><trkpt lat="37.437422" lon="-83.710114"><ele>306.0</ele><time>2025-09-19T18:07:37Z</time></trkpt><trkpt lat="37.437647" lon="-83.710266"><ele>308.0</ele><time>2025-09-19T18:07:46Z</time></trkpt><trkpt lat="37.437873" lon="-83.710519"><ele>308.0</ele><time>2025-09-19T18:08:00Z</time></trkpt><trkpt lat="37.438015" lon="-83.710718"><ele>309.7</ele><time>2025-09-19T18:08:11Z</time></trkpt><trkpt lat="37.43819" lon="-83.710894"><ele>306.0</ele><time>2025-09-19T18:08:27Z</time></trkpt><trkpt lat="37.438219" lon="-83.71092"><ele>304.0</ele><time>2025-09-19T18:08:31Z</time></trkpt><trkpt lat="37.438248" lon="-83.710931"><ele>306.0</ele><time>2025-09-19T18:08:48Z</time></trkpt><trkpt lat="37.438357" lon="-83.711084"><ele>306.0</ele><time>2025-09-19T18:09:11Z</time></trkpt><trkpt lat="37.438579" lon="-83.711325"><ele>304.0</ele><time>2025-09-19T18:10:01Z</time></trkpt><trkpt lat="37.43865" lon="-83.711356"><ele>304.0</ele><time>2025-09-19T18:10:11Z</time></trkpt><trkpt lat="37.438916" lon="-83.711527"><ele>303.0</ele><time>2025-09-19T18:10:37Z</time></trkpt><trkpt lat="37.438937" lon="-83.711576"><ele>303.0</ele><time>2025-09-19T18:10:42Z</time></trkpt><trkpt lat="37.43899" lon="-83.712292"><ele>304.2</ele><time>2025-09-19T18:11:18Z</time></trkpt><trkpt lat="37.438985" lon="-83.712454"><ele>302.0</ele><time>2025-09-19T18:11:23Z</time></trkpt><trkpt lat="37.438963" lon="-83.712541"><ele>302.0</ele><time>2025-09-19T18:11:27Z</time></trkpt><trkpt lat="37.438959" lon="-83.712629"><ele>302.0</ele><time>2025-09-19T18:11:30Z</time></trkpt><trkpt lat="37.438941" lon="-83.712724"><ele>302.0</ele><time>2025-09-19T18:11:34Z</time></trkpt><trkpt lat="37.438911" lon="-83.713284"><ele>302.1</ele><time>2025-09-19T18:11:52Z</time></trkpt><trkpt lat="37.43886" lon="-83.713409"><ele>300.9</ele><time>2025-09-19T18:11:56Z</time></trkpt><trkpt lat="37.4388" lon="-83.713484"><ele>300.0</ele><time>2025-09-19T18:11:59Z</time></trkpt><trkpt lat="37.438788" lon="-83.713527"><ele>300.0</ele><time>2025-09-19T18:12:01Z</time></trkpt><trkpt lat="37.438788" lon="-83.713721"><ele>298.0</ele><time>2025-09-19T18:12:11Z</time></trkpt><trkpt lat="37.438771" lon="-83.713913"><ele>296.0</ele><time>2025-09-19T18:12:19Z</time></trkpt><trkpt lat="37.43875" lon="-83.714014"><ele>296.0</ele><time>2025-09-19T18:12:23Z</time></trkpt><trkpt lat="37.438688" lon="-83.714189"><ele>298.0</ele><time>2025-09-19T18:12:31Z</time></trkpt><trkpt lat="37.43868" lon="-83.714303"><ele>297.0</ele><time>2025-09-19T18:12:37Z</time></trkpt><trkpt lat="37.438626" lon="-83.714615"><ele>300.0</ele><time>2025-09-19T18:12:51Z</time></trkpt><trkpt lat="37.438631" lon="-83.714929"><ele>300.0</ele><time>2025-09-19T18:13:03Z</time></trkpt><trkpt lat="37.438615" lon="-83.71518"><ele>300.0</ele><time>2025-09-19T18:13:15Z</time></trkpt><trkpt lat="37.438631" lon="-83.715432"><ele>299.0</ele><time>2025-09-19T18:13:26Z</time></trkpt><trkpt lat="37.43862" lon="-83.715584"><ele>299.3</ele><time>2025-09-19T18:13:32Z</time></trkpt><trkpt lat="37.438588" lon="-83.71577"><ele>298.0</ele><time>2025-09-19T18:13:38Z</time></trkpt><trkpt lat="37.438582" lon="-83.715884"><ele>296.0</ele><time>2025-09-19T18:13:42Z</time></trkpt><trkpt lat="37.438626" lon="-83.716109"><ele>295.6</ele><time>2025-09-19T18:13:51Z</time></trkpt><trkpt lat="37.438648" lon="-83.716278"><ele>294.0</ele><time>2025-09-19T18:13:56Z</time></trkpt><trkpt lat="37.438711" lon="-83.716403"><ele>295.7</ele><time>2025-09-19T18:14:01Z</time></trkpt><trkpt lat="37.438827" lon="-83.716511"><ele>295.5</ele><time>2025-09-19T18:14:06Z</time></trkpt><trkpt lat="37.438884" lon="-83.716546"><ele>295.0</ele><time>2025-09-19T18:14:08Z</time></trkpt><trkpt lat="37.438966" lon="-83.716615"><ele>294.8</ele><time>2025-09-19T18:14:11Z</time></trkpt><trkpt lat="37.438992" lon="-83.716644"><ele>294.6</ele><time>2025-09-19T18:14:12Z</time></trkpt><trkpt lat="37.439042" lon="-83.716747"><ele>294.4</ele><time>2025-09-19T18:14:15Z</time></trkpt><trkpt lat="37.439045" lon="-83.716864"><ele>294.8</ele><time>2025-09-19T18:14:18Z</time></trkpt><trkpt lat="37.439001" lon="-83.716992"><ele>295.8</ele><time>2025-09-19T18:14:21Z</time></trkpt><trkpt lat="37.438932" lon="-83.717097"><ele>296.1</ele><time>2025-09-19T18:14:24Z</time></trkpt><trkpt lat="37.438919" lon="-83.717174"><ele>296.6</ele><time>2025-09-19T18:14:26Z</time></trkpt><trkpt lat="37.438938" lon="-83.717603"><ele>294.1</ele><time>2025-09-19T18:14:38Z</time></trkpt><trkpt lat="37.438968" lon="-83.717725"><ele>292.0</ele><time>2025-09-19T18:14:42Z</time></trkpt><trkpt lat="37.439049" lon="-83.717899"><ele>292.0</ele><time>2025-09-19T18:14:49Z</time></trkpt><trkpt lat="37.439081" lon="-83.717941"><ele>294.0</ele><time>2025-09-19T18:14:51Z</time></trkpt><trkpt lat="37.439248" lon="-83.718103"><ele>294.0</ele><time>2025-09-19T18:15:01Z</time></trkpt><trkpt lat="37.439278" lon="-83.718143"><ele>293.2</ele><time>2025-09-19T18:15:04Z</time></trkpt><trkpt lat="37.439302" lon="-83.718203"><ele>292.0</ele><time>2025-09-19T18:15:06Z</time></trkpt><trkpt lat="37.439349" lon="-83.718392"><ele>294.0</ele><time>2025-09-19T18:15:14Z</time></trkpt><trkpt lat="37.439276" lon="-83.718594"><ele>296.0</ele><time>2025-09-19T18:15:21Z</time></trkpt><trkpt lat="37.439266" lon="-83.718652"><ele>296.0</ele><time>2025-09-19T18:15:23Z</time></trkpt><trkpt lat="37.439283" lon="-83.718763"><ele>296.0</ele><time>2025-09-19T18:15:27Z</time></trkpt><trkpt lat="37.439357" lon="-83.718953"><ele>295.3</ele><time>2025-09-19T18:15:34Z</time></trkpt><trkpt lat="37.4394" lon="-83.719006"><ele>295.6</ele><time>2025-09-19T18:15:36Z</time></trkpt><trkpt lat="37.439531" lon="-83.719118"><ele>294.0</ele><time>2025-09-19T18:15:41Z</time></trkpt><trkpt lat="37.439558" lon="-83.719162"><ele>294.0</ele><time>2025-09-19T18:15:43Z</time></trkpt><trkpt lat="37.439578" lon="-83.719319"><ele>296.0</ele><time>2025-09-19T18:15:49Z</time></trkpt><trkpt lat="37.439598" lon="-83.719385"><ele>296.0</ele><time>2025-09-19T18:15:51Z</time></trkpt><trkpt lat="37.439693" lon="-83.719654"><ele>294.0</ele><time>2025-09-19T18:15:59Z</time></trkpt><trkpt lat="37.43979" lon="-83.719867"><ele>294.5</ele><time>2025-09-19T18:16:06Z</time></trkpt><trkpt lat="37.439932" lon="-83.720128"><ele>291.0</ele><time>2025-09-19T18:16:16Z</time></trkpt><trkpt lat="37.439985" lon="-83.720192"><ele>290.5</ele><time>2025-09-19T18:16:19Z</time></trkpt><trkpt lat="37.440025" lon="-83.720212"><ele>288.0</ele><time>2025-09-19T18:16:20Z</time></trkpt><trkpt lat="37.440132" lon="-83.720218"><ele>286.0</ele><time>2025-09-19T18:16:24Z</time></trkpt><trkpt lat="37.440512" lon="-83.720092"><ele>282.0</ele><time>2025-09-19T18:16:37Z</time></trkpt><trkpt lat="37.440559" lon="-83.720102"><ele>282.5</ele><time>2025-09-19T18:16:39Z</time></trkpt><trkpt lat="37.44062" lon="-83.720178"><ele>280.9</ele><time>2025-09-19T18:16:42Z</time></trkpt><trkpt lat="37.440639" lon="-83.720247"><ele>280.0</ele><time>2025-09-19T18:16:45Z</time></trkpt><trkpt lat="37.440645" lon="-83.720334"><ele>282.0</ele><time>2025-09-19T18:16:49Z</time></trkpt><trkpt lat="37.440648" lon="-83.720436"><ele>282.0</ele><time>2025-09-19T18:16:53Z</time></trkpt><trkpt lat="37.440637" lon="-83.720569"><ele>283.4</ele><time>2025-09-19T18:16:58Z</time></trkpt><trkpt lat="37.440513" lon="-83.720879"><ele>285.3</ele><time>2025-09-19T18:17:08Z</time></trkpt><trkpt lat="37.440471" lon="-83.720935"><ele>283.4</ele><time>2025-09-19T18:17:10Z</time></trkpt><trkpt lat="37.440392" lon="-83.720988"><ele>281.0</ele><time>2025-09-19T18:17:13Z</time></trkpt><trkpt lat="37.440196" lon="-83.721009"><ele>278.0</ele><time>2025-09-19T18:17:31Z</time></trkpt><trkpt lat="37.440015" lon="-83.721069"><ele>276.0</ele><time>2025-09-19T18:17:45Z</time></trkpt><trkpt lat="37.439883" lon="-83.721205"><ele>274.0</ele><time>2025-09-19T18:17:57Z</time></trkpt><trkpt lat="37.439798" lon="-83.721315"><ele>276.0</ele><time>2025-09-19T18:18:03Z</time></trkpt><trkpt lat="37.439689" lon="-83.721391"><ele>276.1</ele><time>2025-09-19T18:18:09Z</time></trkpt><trkpt lat="37.439663" lon="-83.721421"><ele>276.3</ele><time>2025-09-19T18:18:10Z</time></trkpt><trkpt lat="37.439636" lon="-83.721499"><ele>277.4</ele><time>2025-09-19T18:18:12Z</time></trkpt><trkpt lat="37.439616" lon="-83.721642"><ele>276.0</ele><time>2025-09-19T18:18:21Z</time></trkpt><trkpt lat="37.439495" lon="-83.72203"><ele>276.7</ele><time>2025-09-19T18:18:30Z</time></trkpt><trkpt lat="37.439496" lon="-83.722077"><ele>276.3</ele><time>2025-09-19T18:18:31Z</time></trkpt><trkpt lat="37.439515" lon="-83.722125"><ele>276.3</ele><time>2025-09-19T18:18:32Z</time></trkpt><trkpt lat="37.439544" lon="-83.722158"><ele>276.1</ele><time>2025-09-19T18:18:33Z</time></trkpt><trkpt lat="37.43975" lon="-83.722266"><ele>275.2</ele><time>2025-09-19T18:18:38Z</time></trkpt><trkpt lat="37.439823" lon="-83.722341"><ele>275.1</ele><time>2025-09-19T18:18:41Z</time></trkpt><trkpt lat="37.43991" lon="-83.722463"><ele>275.8</ele><time>2025-09-19T18:18:45Z</time></trkpt><trkpt lat="37.439944" lon="-83.722489"><ele>275.9</ele><time>2025-09-19T18:18:46Z</time></trkpt><trkpt lat="37.440058" lon="-83.722524"><ele>276.2</ele><time>2025-09-19T18:18:49Z</time></trkpt><trkpt lat="37.440263" lon="-83.722565"><ele>276.8</ele><time>2025-09-19T18:18:54Z</time></trkpt><trkpt lat="37.44045" lon="-83.722629"><ele>277.1</ele><time>2025-09-19T18:18:58Z</time></trkpt><trkpt lat="37.440746" lon="-83.722763"><ele>277.1</ele><time>2025-09-19T18:19:04Z</time></trkpt><trkpt lat="37.441008" lon="-83.722924"><ele>276.8</ele><time>2025-09-19T18:19:09Z</time></trkpt><trkpt lat="37.441274" lon="-83.72315"><ele>275.5</ele><time>2025-09-19T18:19:14Z</time></trkpt><trkpt lat="37.441567" lon="-83.72345"><ele>274.5</ele><time>2025-09-19T18:19:21Z</time></trkpt><trkpt lat="37.442035" lon="-83.723843"><ele>274.2</ele><time>2025-09-19T18:19:30Z</time></trkpt><trkpt lat="37.442085" lon="-83.723894"><ele>274.0</ele><time>2025-09-19T18:19:31Z</time></trkpt><trkpt lat="37.442173" lon="-83.724014"><ele>273.7</ele><time>2025-09-19T18:19:33Z</time></trkpt><trkpt lat="37.442233" lon="-83.724148"><ele>273.3</ele><time>2025-09-19T18:19:35Z</time></trkpt><trkpt lat="37.442253" lon="-83.724216"><ele>273.4</ele><time>2025-09-19T18:19:36Z</time></trkpt><trkpt lat="37.442276" lon="-83.724355"><ele>273.5</ele><time>2025-09-19T18:19:38Z</time></trkpt><trkpt lat="37.442298" lon="-83.725073"><ele>272.7</ele><time>2025-09-19T18:19:48Z</time></trkpt><trkpt lat="37.442336" lon="-83.725179"><ele>273.1</ele><time>2025-09-19T18:19:50Z</time></trkpt><trkpt lat="37.442362" lon="-83.725223"><ele>273.1</ele><time>2025-09-19T18:19:51Z</time></trkpt><trkpt lat="37.44242" lon="-83.725313"><ele>272.9</ele><time>2025-09-19T18:19:53Z</time></trkpt><trkpt lat="37.442537" lon="-83.725456"><ele>272.0</ele><time>2025-09-19T18:19:57Z</time></trkpt><trkpt lat="37.442554" lon="-83.725497"><ele>273.8</ele><time>2025-09-19T18:19:59Z</time></trkpt><trkpt lat="37.442547" lon="-83.725557"><ele>273.8</ele><time>2025-09-19T18:20:00Z</time></trkpt><trkpt lat="37.442378" lon="-83.725827"><ele>272.8</ele><time>2025-09-19T18:20:04Z</time></trkpt><trkpt lat="37.442336" lon="-83.725918"><ele>272.9</ele><time>2025-09-19T18:20:05Z</time></trkpt><trkpt lat="37.44204" lon="-83.726734"><ele>273.7</ele><time>2025-09-19T18:20:12Z</time></trkpt><trkpt lat="37.441975" lon="-83.726987"><ele>274.0</ele><time>2025-09-19T18:20:14Z</time></trkpt><trkpt lat="37.441876" lon="-83.727458"><ele>274.4</ele><time>2025-09-19T18:20:18Z</time></trkpt><trkpt lat="37.441778" lon="-83.727765"><ele>274.9</ele><time>2025-09-19T18:20:21Z</time></trkpt><trkpt lat="37.441469" lon="-83.728362"><ele>274.7</ele><time>2025-09-19T18:20:27Z</time></trkpt><trkpt lat="37.441226" lon="-83.728984"><ele>274.9</ele><time>2025-09-19T18:20:32Z</time></trkpt><trkpt lat="37.44117" lon="-83.729103"><ele>275.1</ele><time>2025-09-19T18:20:33Z</time></trkpt><trkpt lat="37.440783" lon="-83.72981"><ele>276.2</ele><time>2025-09-19T18:20:40Z</time></trkpt><trkpt lat="37.440651" lon="-83.730096"><ele>276.7</ele><time>2025-09-19T18:20:43Z</time></trkpt><trkpt lat="37.44052" lon="-83.73056"><ele>277.3</ele><time>2025-09-19T18:20:47Z</time></trkpt><trkpt lat="37.440384" lon="-83.731119"><ele>278.0</ele><time>2025-09-19T18:20:51Z</time></trkpt><trkpt lat="37.440209" lon="-83.731903"><ele>280.2</ele><time>2025-09-19T18:20:56Z</time></trkpt><trkpt lat="37.440182" lon="-83.732062"><ele>280.6</ele><time>2025-09-19T18:20:57Z</time></trkpt><trkpt lat="37.440138" lon="-83.732721"><ele>280.8</ele><time>2025-09-19T18:21:01Z</time></trkpt><trkpt lat="37.440041" lon="-83.733531"><ele>281.9</ele><time>2025-09-19T18:21:06Z</time></trkpt><trkpt lat="37.440031" lon="-83.733856"><ele>282.3</ele><time>2025-09-19T18:21:08Z</time></trkpt><trkpt lat="37.440064" lon="-83.734353"><ele>282.8</ele><time>2025-09-19T18:21:11Z</time></trkpt><trkpt lat="37.440074" lon="-83.734689"><ele>283.2</ele><time>2025-09-19T18:21:13Z</time></trkpt><trkpt lat="37.440063" lon="-83.734856"><ele>283.5</ele><time>2025-09-19T18:21:14Z</time></trkpt><trkpt lat="37.440036" lon="-83.735019"><ele>283.6</ele><time>2025-09-19T18:21:15Z</time></trkpt><trkpt lat="37.439948" lon="-83.735333"><ele>284.4</ele><time>2025-09-19T18:21:17Z</time></trkpt><trkpt lat="37.439838" lon="-83.73563"><ele>285.6</ele><time>2025-09-19T18:21:19Z</time></trkpt><trkpt lat="37.439341" lon="-83.736689"><ele>290.7</ele><time>2025-09-19T18:21:27Z</time></trkpt><trkpt lat="37.439075" lon="-83.737293"><ele>291.7</ele><time>2025-09-19T18:21:30Z</time></trkpt><trkpt lat="37.439018" lon="-83.73746"><ele>291.7</ele><time>2025-09-19T18:21:31Z</time></trkpt><trkpt lat="37.43892" lon="-83.737816"><ele>292.5</ele><time>2025-09-19T18:21:33Z</time></trkpt><trkpt lat="37.438801" lon="-83.738324"><ele>293.9</ele><time>2025-09-19T18:21:36Z</time></trkpt><trkpt lat="37.438742" lon="-83.738471"><ele>294.2</ele><time>2025-09-19T18:21:37Z</time></trkpt><trkpt lat="37.438668" lon="-83.7386"><ele>294.5</ele><time>2025-09-19T18:21:38Z</time></trkpt><trkpt lat="37.43858" lon="-83.738712"><ele>294.9</ele><time>2025-09-19T18:21:39Z</time></trkpt><trkpt lat="37.438483" lon="-83.738814"><ele>295.0</ele><time>2025-09-19T18:21:40Z</time></trkpt><trkpt lat="37.438159" lon="-83.739092"><ele>295.4</ele><time>2025-09-19T18:21:43Z</time></trkpt><trkpt lat="37.437626" lon="-83.739507"><ele>296.6</ele><time>2025-09-19T18:21:49Z</time></trkpt><trkpt lat="37.437223" lon="-83.739922"><ele>298.2</ele><time>2025-09-19T18:21:53Z</time></trkpt><trkpt lat="37.436992" lon="-83.740129"><ele>299.4</ele><time>2025-09-19T18:21:55Z</time></trkpt><trkpt lat="37.436593" lon="-83.740408"><ele>299.9</ele><time>2025-09-19T18:21:58Z</time></trkpt><trkpt lat="37.435687" lon="-83.740972"><ele>303.1</ele><time>2025-09-19T18:22:05Z</time></trkpt><trkpt lat="37.435579" lon="-83.74105"><ele>303.4</ele><time>2025-09-19T18:22:06Z</time></trkpt><trkpt lat="37.435479" lon="-83.741137"><ele>303.6</ele><time>2025-09-19T18:22:07Z</time></trkpt><trkpt lat="37.435386" lon="-83.741232"><ele>304.6</ele><time>2025-09-19T18:22:08Z</time></trkpt><trkpt lat="37.435214" lon="-83.741441"><ele>305.8</ele><time>2025-09-19T18:22:10Z</time></trkpt><trkpt lat="37.434824" lon="-83.74203"><ele>308.2</ele><time>2025-09-19T18:22:15Z</time></trkpt><trkpt lat="37.434564" lon="-83.742385"><ele>310.0</ele><time>2025-09-19T18:22:18Z</time></trkpt><trkpt lat="37.434469" lon="-83.742497"><ele>310.8</ele><time>2025-09-19T18:22:19Z</time></trkpt><trkpt lat="37.434264" lon="-83.742702"><ele>312.9</ele><time>2025-09-19T18:22:21Z</time></trkpt><trkpt lat="37.433712" lon="-83.743192"><ele>315.1</ele><time>2025-09-19T18:22:26Z</time></trkpt><trkpt lat="37.432603" lon="-83.744098"><ele>307.0</ele><time>2025-09-19T18:22:35Z</time></trkpt><trkpt lat="37.432511" lon="-83.744183"><ele>306.7</ele><time>2025-09-19T18:22:36Z</time></trkpt><trkpt lat="37.43243" lon="-83.744279"><ele>306.2</ele><time>2025-09-19T18:22:37Z</time></trkpt><trkpt lat="37.432368" lon="-83.744399"><ele>305.5</ele><time>2025-09-19T18:22:38Z</time></trkpt><trkpt lat="37.432328" lon="-83.744538"><ele>304.8</ele><time>2025-09-19T18:22:39Z</time></trkpt><trkpt lat="37.4323" lon="-83.744694"><ele>303.5</ele><time>2025-09-19T18:22:40Z</time></trkpt><trkpt lat="37.432206" lon="-83.745427"><ele>300.0</ele><time>2025-09-19T18:22:44Z</time></trkpt><trkpt lat="37.432174" lon="-83.745804"><ele>299.3</ele><time>2025-09-19T18:22:46Z</time></trkpt><trkpt lat="37.432145" lon="-83.746534"><ele>298.7</ele><time>2025-09-19T18:22:50Z</time></trkpt><trkpt lat="37.432116" lon="-83.746706"><ele>298.4</ele><time>2025-09-19T18:22:51Z</time></trkpt><trkpt lat="37.432063" lon="-83.746864"><ele>298.4</ele><time>2025-09-19T18:22:52Z</time></trkpt><trkpt lat="37.431926" lon="-83.74714"><ele>297.7</ele><time>2025-09-19T18:22:54Z</time></trkpt><trkpt lat="37.431878" lon="-83.747277"><ele>297.6</ele><time>2025-09-19T18:22:55Z</time></trkpt><trkpt lat="37.431737" lon="-83.747807"><ele>297.2</ele><time>2025-09-19T18:22:59Z</time></trkpt><trkpt lat="37.431566" lon="-83.748571"><ele>296.5</ele><time>2025-09-19T18:23:04Z</time></trkpt><trkpt lat="37.431474" lon="-83.748887"><ele>295.9</ele><time>2025-09-19T18:23:06Z</time></trkpt><trkpt lat="37.43141" lon="-83.749036"><ele>295.4</ele><time>2025-09-19T18:23:07Z</time></trkpt><trkpt lat="37.431331" lon="-83.749175"><ele>294.9</ele><time>2025-09-19T18:23:08Z</time></trkpt><trkpt lat="37.431152" lon="-83.749424"><ele>294.5</ele><time>2025-09-19T18:23:10Z</time></trkpt><trkpt lat="37.430967" lon="-83.749653"><ele>293.7</ele><time>2025-09-19T18:23:12Z</time></trkpt><trkpt lat="37.430801" lon="-83.749896"><ele>293.2</ele><time>2025-09-19T18:23:14Z</time></trkpt><trkpt lat="37.43073" lon="-83.750029"><ele>293.0</ele><time>2025-09-19T18:23:15Z</time></trkpt><trkpt lat="37.430672" lon="-83.750172"><ele>292.8</ele><time>2025-09-19T18:23:16Z</time></trkpt><trkpt lat="37.430629" lon="-83.750322"><ele>292.7</ele><time>2025-09-19T18:23:17Z</time></trkpt><trkpt lat="37.430611" lon="-83.750479"><ele>292.6</ele><time>2025-09-19T18:23:18Z</time></trkpt><trkpt lat="37.430616" lon="-83.750634"><ele>292.7</ele><time>2025-09-19T18:23:19Z</time></trkpt><trkpt lat="37.430644" lon="-83.750792"><ele>292.0</ele><time>2025-09-19T18:23:20Z</time></trkpt><trkpt lat="37.430912" lon="-83.751801"><ele>289.4</ele><time>2025-09-19T18:23:26Z</time></trkpt><trkpt lat="37.430945" lon="-83.751968"><ele>289.6</ele><time>2025-09-19T18:23:27Z</time></trkpt><trkpt lat="37.430963" lon="-83.752139"><ele>289.5</ele><time>2025-09-19T18:23:28Z</time></trkpt><trkpt lat="37.43096" lon="-83.752483"><ele>288.9</ele><time>2025-09-19T18:23:30Z</time></trkpt><trkpt lat="37.430861" lon="-83.753942"><ele>286.6</ele><time>2025-09-19T18:23:37Z</time></trkpt><trkpt lat="37.430823" lon="-83.754324"><ele>286.3</ele><time>2025-09-19T18:23:39Z</time></trkpt><trkpt lat="37.43079" lon="-83.754514"><ele>286.4</ele><time>2025-09-19T18:23:40Z</time></trkpt><trkpt lat="37.430743" lon="-83.754702"><ele>286.1</ele><time>2025-09-19T18:23:41Z</time></trkpt><trkpt lat="37.430627" lon="-83.755083"><ele>285.9</ele><time>2025-09-19T18:23:43Z</time></trkpt><trkpt lat="37.430314" lon="-83.755993"><ele>284.9</ele><time>2025-09-19T18:23:48Z</time></trkpt><trkpt lat="37.430146" lon="-83.756526"><ele>284.2</ele><time>2025-09-19T18:23:51Z</time></trkpt><trkpt lat="37.430013" lon="-83.756868"><ele>284.3</ele><time>2025-09-19T18:23:53Z</time></trkpt><trkpt lat="37.429932" lon="-83.757027"><ele>284.6</ele><time>2025-09-19T18:23:54Z</time></trkpt><trkpt lat="37.429755" lon="-83.757323"><ele>284.1</ele><time>2025-09-19T18:23:56Z</time></trkpt><trkpt lat="37.429656" lon="-83.757459"><ele>284.2</ele><time>2025-09-19T18:23:57Z</time></trkpt><trkpt lat="37.429376" lon="-83.757799"><ele>286.2</ele><time>2025-09-19T18:24:01Z</time></trkpt><trkpt lat="37.429315" lon="-83.757906"><ele>286.8</ele><time>2025-09-19T18:24:02Z</time></trkpt><trkpt lat="37.429278" lon="-83.758023"><ele>287.7</ele><time>2025-09-19T18:24:03Z</time></trkpt><trkpt lat="37.429258" lon="-83.758143"><ele>288.4</ele><time>2025-09-19T18:24:04Z</time></trkpt><trkpt lat="37.429263" lon="-83.758267"><ele>288.8</ele><time>2025-09-19T18:24:05Z</time></trkpt><trkpt lat="37.42929" lon="-83.758387"><ele>289.0</ele><time>2025-09-19T18:24:06Z</time></trkpt><trkpt lat="37.429338" lon="-83.7585"><ele>289.1</ele><time>2025-09-19T18:24:07Z</time></trkpt><trkpt lat="37.429594" lon="-83.758943"><ele>291.0</ele><time>2025-09-19T18:24:11Z</time></trkpt><trkpt lat="37.429668" lon="-83.759065"><ele>291.5</ele><time>2025-09-19T18:24:12Z</time></trkpt><trkpt lat="37.429842" lon="-83.759309"><ele>292.0</ele><time>2025-09-19T18:24:14Z</time></trkpt><trkpt lat="37.429943" lon="-83.759421"><ele>291.6</ele><time>2025-09-19T18:24:15Z</time></trkpt><trkpt lat="37.430138" lon="-83.759604"><ele>290.8</ele><time>2025-09-19T18:24:17Z</time></trkpt><trkpt lat="37.430651" lon="-83.760004"><ele>286.8</ele><time>2025-09-19T18:24:24Z</time></trkpt><trkpt lat="37.430859" lon="-83.760186"><ele>285.0</ele><time>2025-09-19T18:24:27Z</time></trkpt><trkpt lat="37.430998" lon="-83.760332"><ele>284.2</ele><time>2025-09-19T18:24:29Z</time></trkpt><trkpt lat="37.431061" lon="-83.760418"><ele>284.0</ele><time>2025-09-19T18:24:30Z</time></trkpt><trkpt lat="37.431113" lon="-83.760516"><ele>283.5</ele><time>2025-09-19T18:24:31Z</time></trkpt><trkpt lat="37.431156" lon="-83.76063"><ele>282.9</ele><time>2025-09-19T18:24:32Z</time></trkpt><trkpt lat="37.431219" lon="-83.76089"><ele>282.1</ele><time>2025-09-19T18:24:34Z</time></trkpt><trkpt lat="37.431312" lon="-83.761191"><ele>280.8</ele><time>2025-09-19T18:24:36Z</time></trkpt><trkpt lat="37.431439" lon="-83.761513"><ele>279.8</ele><time>2025-09-19T18:24:38Z</time></trkpt><trkpt lat="37.431517" lon="-83.761675"><ele>279.7</ele><time>2025-09-19T18:24:39Z</time></trkpt><trkpt lat="37.431965" lon="-83.76247"><ele>278.2</ele><time>2025-09-19T18:24:44Z</time></trkpt><trkpt lat="37.432116" lon="-83.762805"><ele>277.8</ele><time>2025-09-19T18:24:46Z</time></trkpt><trkpt lat="37.432238" lon="-83.763165"><ele>277.2</ele><time>2025-09-19T18:24:48Z</time></trkpt><trkpt lat="37.43287" lon="-83.765251"><ele>274.1</ele><time>2025-09-19T18:25:00Z</time></trkpt><trkpt lat="37.432928" lon="-83.765377"><ele>274.0</ele><time>2025-09-19T18:25:01Z</time></trkpt><trkpt lat="37.433001" lon="-83.765495"><ele>274.3</ele><time>2025-09-19T18:25:02Z</time></trkpt><trkpt lat="37.433174" lon="-83.765704"><ele>274.7</ele><time>2025-09-19T18:25:04Z</time></trkpt><trkpt lat="37.433274" lon="-83.765792"><ele>274.7</ele><time>2025-09-19T18:25:05Z</time></trkpt><trkpt lat="37.433384" lon="-83.765869"><ele>275.0</ele><time>2025-09-19T18:25:06Z</time></trkpt><trkpt lat="37.433499" lon="-83.765927"><ele>275.1</ele><time>2025-09-19T18:25:07Z</time></trkpt><trkpt lat="37.433618" lon="-83.765971"><ele>275.1</ele><time>2025-09-19T18:25:08Z</time></trkpt><trkpt lat="37.433973" lon="-83.766074"><ele>275.7</ele><time>2025-09-19T18:25:11Z</time></trkpt><trkpt lat="37.434085" lon="-83.766122"><ele>275.7</ele><time>2025-09-19T18:25:12Z</time></trkpt><trkpt lat="37.434195" lon="-83.766184"><ele>276.0</ele><time>2025-09-19T18:25:13Z</time></trkpt><trkpt lat="37.434303" lon="-83.766262"><ele>276.4</ele><time>2025-09-19T18:25:14Z</time></trkpt><trkpt lat="37.434599" lon="-83.76655"><ele>277.3</ele><time>2025-09-19T18:25:17Z</time></trkpt><trkpt lat="37.434904" lon="-83.766889"><ele>278.9</ele><time>2025-09-19T18:25:20Z</time></trkpt><trkpt lat="37.435121" lon="-83.767113"><ele>279.7</ele><time>2025-09-19T18:25:22Z</time></trkpt><trkpt lat="37.435355" lon="-83.767286"><ele>279.8</ele><time>2025-09-19T18:25:24Z</time></trkpt><trkpt lat="37.435827" lon="-83.767588"><ele>279.1</ele><time>2025-09-19T18:25:28Z</time></trkpt><trkpt lat="37.436171" lon="-83.767853"><ele>278.7</ele><time>2025-09-19T18:25:31Z</time></trkpt><trkpt lat="37.437306" lon="-83.768852"><ele>275.8</ele><time>2025-09-19T18:25:39Z</time></trkpt><trkpt lat="37.439242" lon="-83.770654"><ele>276.8</ele><time>2025-09-19T18:25:54Z</time></trkpt><trkpt lat="37.439505" lon="-83.77088"><ele>278.2</ele><time>2025-09-19T18:25:56Z</time></trkpt><trkpt lat="37.439768" lon="-83.771065"><ele>278.8</ele><time>2025-09-19T18:25:58Z</time></trkpt><trkpt lat="37.440315" lon="-83.771387"><ele>275.4</ele><time>2025-09-19T18:26:02Z</time></trkpt><trkpt lat="37.440454" lon="-83.771491"><ele>273.8</ele><time>2025-09-19T18:26:03Z</time></trkpt><trkpt lat="37.440589" lon="-83.77161"><ele>272.9</ele><time>2025-09-19T18:26:04Z</time></trkpt><trkpt lat="37.440979" lon="-83.771997"><ele>271.9</ele><time>2025-09-19T18:26:08Z</time></trkpt><trkpt lat="37.441104" lon="-83.772134"><ele>272.4</ele><time>2025-09-19T18:26:09Z</time></trkpt><trkpt lat="37.441453" lon="-83.772555"><ele>275.2</ele><time>2025-09-19T18:26:12Z</time></trkpt><trkpt lat="37.443298" lon="-83.774708"><ele>275.6</ele><time>2025-09-19T18:26:27Z</time></trkpt><trkpt lat="37.443432" lon="-83.774848"><ele>274.9</ele><time>2025-09-19T18:26:28Z</time></trkpt><trkpt lat="37.443571" lon="-83.774973"><ele>273.9</ele><time>2025-09-19T18:26:29Z</time></trkpt><trkpt lat="37.443858" lon="-83.775183"><ele>272.0</ele><time>2025-09-19T18:26:31Z</time></trkpt><trkpt lat="37.443999" lon="-83.775298"><ele>271.6</ele><time>2025-09-19T18:26:32Z</time></trkpt><trkpt lat="37.444135" lon="-83.775427"><ele>271.0</ele><time>2025-09-19T18:26:33Z</time></trkpt><trkpt lat="37.444356" lon="-83.775692"><ele>270.8</ele><time>2025-09-19T18:26:35Z</time></trkpt><trkpt lat="37.444443" lon="-83.775825"><ele>271.0</ele><time>2025-09-19T18:26:36Z</time></trkpt><trkpt lat="37.444509" lon="-83.775969"><ele>271.3</ele><time>2025-09-19T18:26:37Z</time></trkpt><trkpt lat="37.444552" lon="-83.776123"><ele>271.7</ele><time>2025-09-19T18:26:38Z</time></trkpt><trkpt lat="37.444615" lon="-83.776625"><ele>270.7</ele><time>2025-09-19T18:26:41Z</time></trkpt><trkpt lat="37.444675" lon="-83.776975"><ele>270.4</ele><time>2025-09-19T18:26:43Z</time></trkpt><trkpt lat="37.444773" lon="-83.777323"><ele>269.7</ele><time>2025-09-19T18:26:45Z</time></trkpt><trkpt lat="37.444898" lon="-83.777663"><ele>269.3</ele><time>2025-09-19T18:26:47Z</time></trkpt><trkpt lat="37.445045" lon="-83.777987"><ele>269.6</ele><time>2025-09-19T18:26:49Z</time></trkpt><trkpt lat="37.445719" lon="-83.779299"><ele>270.5</ele><time>2025-09-19T18:26:59Z</time></trkpt><trkpt lat="37.445878" lon="-83.779528"><ele>270.3</ele><time>2025-09-19T18:27:01Z</time></trkpt><trkpt lat="37.44614" lon="-83.779846"><ele>270.4</ele><time>2025-09-19T18:27:04Z</time></trkpt><trkpt lat="37.446219" lon="-83.779962"><ele>270.6</ele><time>2025-09-19T18:27:05Z</time></trkpt><trkpt lat="37.446289" lon="-83.780091"><ele>270.9</ele><time>2025-09-19T18:27:06Z</time></trkpt><trkpt lat="37.446344" lon="-83.780229"><ele>271.6</ele><time>2025-09-19T18:27:07Z</time></trkpt><trkpt lat="37.446501" lon="-83.780852"><ele>273.5</ele><time>2025-09-19T18:27:11Z</time></trkpt><trkpt lat="37.446696" lon="-83.781723"><ele>273.3</ele><time>2025-09-19T18:27:16Z</time></trkpt><trkpt lat="37.447032" lon="-83.782964"><ele>268.5</ele><time>2025-09-19T18:27:23Z</time></trkpt><trkpt lat="37.447069" lon="-83.783154"><ele>267.7</ele><time>2025-09-19T18:27:24Z</time></trkpt><trkpt lat="37.447091" lon="-83.783351"><ele>266.9</ele><time>2025-09-19T18:27:25Z</time></trkpt><trkpt lat="37.447165" lon="-83.784646"><ele>264.6</ele><time>2025-09-19T18:27:31Z</time></trkpt><trkpt lat="37.447265" lon="-83.786109"><ele>264.0</ele><time>2025-09-19T18:27:38Z</time></trkpt><trkpt lat="37.447301" lon="-83.786453"><ele>263.4</ele><time>2025-09-19T18:27:40Z</time></trkpt><trkpt lat="37.447334" lon="-83.786609"><ele>262.9</ele><time>2025-09-19T18:27:41Z</time></trkpt><trkpt lat="37.447378" lon="-83.786744"><ele>262.6</ele><time>2025-09-19T18:27:42Z</time></trkpt><trkpt lat="37.447438" lon="-83.786859"><ele>262.1</ele><time>2025-09-19T18:27:43Z</time></trkpt><trkpt lat="37.447512" lon="-83.786958"><ele>261.8</ele><time>2025-09-19T18:27:44Z</time></trkpt><trkpt lat="37.4476" lon="-83.787044"><ele>261.4</ele><time>2025-09-19T18:27:45Z</time></trkpt><trkpt lat="37.447698" lon="-83.787118"><ele>260.9</ele><time>2025-09-19T18:27:45Z</time></trkpt><trkpt lat="37.448297" lon="-83.787487"><ele>259.6</ele><time>2025-09-19T18:27:51Z</time></trkpt><trkpt lat="37.448798" lon="-83.787781"><ele>260.1</ele><time>2025-09-19T18:27:56Z</time></trkpt><trkpt lat="37.448998" lon="-83.787876"><ele>261.0</ele><time>2025-09-19T18:27:58Z</time></trkpt><trkpt lat="37.449539" lon="-83.788015"><ele>262.9</ele><time>2025-09-19T18:28:06Z</time></trkpt><trkpt lat="37.449652" lon="-83.788073"><ele>262.9</ele><time>2025-09-19T18:28:09Z</time></trkpt><trkpt lat="37.449731" lon="-83.788131"><ele>263.4</ele><time>2025-09-19T18:28:11Z</time></trkpt><trkpt lat="37.449769" lon="-83.788182"><ele>263.5</ele><time>2025-09-19T18:28:12Z</time></trkpt><trkpt lat="37.449786" lon="-83.788251"><ele>263.5</ele><time>2025-09-19T18:28:13Z</time></trkpt><trkpt lat="37.449788" lon="-83.788324"><ele>263.7</ele><time>2025-09-19T18:28:14Z</time></trkpt><trkpt lat="37.449749" lon="-83.788385"><ele>263.5</ele><time>2025-09-19T18:28:15Z</time></trkpt><trkpt lat="37.449643" lon="-83.788488"><ele>263.8</ele><time>2025-09-19T18:28:17Z</time></trkpt><trkpt lat="37.449397" lon="-83.788772"><ele>263.8</ele><time>2025-09-19T18:28:22Z</time></trkpt><trkpt lat="37.449077" lon="-83.789157"><ele>264.1</ele><time>2025-09-19T18:28:27Z</time></trkpt><trkpt lat="37.448847" lon="-83.789467"><ele>264.0</ele><time>2025-09-19T18:28:31Z</time></trkpt><trkpt lat="37.448683" lon="-83.789656"><ele>264.3</ele><time>2025-09-19T18:28:35Z</time></trkpt><trkpt lat="37.448656" lon="-83.789704"><ele>264.3</ele><time>2025-09-19T18:28:36Z</time></trkpt><trkpt lat="37.448643" lon="-83.78976"><ele>264.3</ele><time>2025-09-19T18:28:37Z</time></trkpt><trkpt lat="37.448649" lon="-83.789821"><ele>264.3</ele><time>2025-09-19T18:28:38Z</time></trkpt><trkpt lat="37.448676" lon="-83.789882"><ele>264.3</ele><time>2025-09-19T18:28:39Z</time></trkpt><trkpt lat="37.448723" lon="-83.789933"><ele>264.0</ele><time>2025-09-19T18:28:40Z</time></trkpt><trkpt lat="37.448789" lon="-83.789962"><ele>264.1</ele><time>2025-09-19T18:28:41Z</time></trkpt><trkpt lat="37.448864" lon="-83.789958"><ele>264.0</ele><time>2025-09-19T18:28:42Z</time></trkpt><trkpt lat="37.448935" lon="-83.789921"><ele>264.0</ele><time>2025-09-19T18:28:43Z</time></trkpt><trkpt lat="37.449151" lon="-83.789716"><ele>263.1</ele><time>2025-09-19T18:28:46Z</time></trkpt><trkpt lat="37.449243" lon="-83.78966"><ele>262.7</ele><time>2025-09-19T18:28:47Z</time></trkpt><trkpt lat="37.449345" lon="-83.78962"><ele>262.4</ele><time>2025-09-19T18:28:48Z</time></trkpt><trkpt lat="37.449455" lon="-83.789598"><ele>262.1</ele><time>2025-09-19T18:28:49Z</time></trkpt><trkpt lat="37.449782" lon="-83.789599"><ele>262.4</ele><time>2025-09-19T18:28:52Z</time></trkpt><trkpt lat="37.450096" lon="-83.789579"><ele>263.1</ele><time>2025-09-19T18:28:55Z</time></trkpt><trkpt lat="37.450529" lon="-83.789524"><ele>261.7</ele><time>2025-09-19T18:28:59Z</time></trkpt><trkpt lat="37.450755" lon="-83.789466"><ele>261.3</ele><time>2025-09-19T18:29:01Z</time></trkpt><trkpt lat="37.450869" lon="-83.789412"><ele>261.6</ele><time>2025-09-19T18:29:02Z</time></trkpt><trkpt lat="37.451081" lon="-83.789274"><ele>261.4</ele><time>2025-09-19T18:29:04Z</time></trkpt><trkpt lat="37.451189" lon="-83.789216"><ele>260.8</ele><time>2025-09-19T18:29:05Z</time></trkpt><trkpt lat="37.45182" lon="-83.788962"><ele>258.0</ele><time>2025-09-19T18:29:11Z</time></trkpt><trkpt lat="37.452287" lon="-83.788742"><ele>256.3</ele><time>2025-09-19T18:29:16Z</time></trkpt><trkpt lat="37.452488" lon="-83.788667"><ele>255.7</ele><time>2025-09-19T18:29:18Z</time></trkpt><trkpt lat="37.452709" lon="-83.78862"><ele>255.8</ele><time>2025-09-19T18:29:20Z</time></trkpt><trkpt lat="37.45295" lon="-83.788606"><ele>255.6</ele><time>2025-09-19T18:29:22Z</time></trkpt><trkpt lat="37.453934" lon="-83.788647"><ele>255.6</ele><time>2025-09-19T18:29:30Z</time></trkpt><trkpt lat="37.454415" lon="-83.788695"><ele>255.2</ele><time>2025-09-19T18:29:34Z</time></trkpt><trkpt lat="37.454882" lon="-83.788783"><ele>254.2</ele><time>2025-09-19T18:29:38Z</time></trkpt><trkpt lat="37.45558" lon="-83.788865"><ele>253.5</ele><time>2025-09-19T18:29:44Z</time></trkpt><trkpt lat="37.455811" lon="-83.788913"><ele>253.7</ele><time>2025-09-19T18:29:46Z</time></trkpt><trkpt lat="37.455923" lon="-83.788961"><ele>253.9</ele><time>2025-09-19T18:29:47Z</time></trkpt><trkpt lat="37.456027" lon="-83.789032"><ele>253.8</ele><time>2025-09-19T18:29:48Z</time></trkpt><trkpt lat="37.456123" lon="-83.78912"><ele>253.9</ele><time>2025-09-19T18:29:49Z</time></trkpt><trkpt lat="37.456298" lon="-83.789328"><ele>253.7</ele><time>2025-09-19T18:29:51Z</time></trkpt><trkpt lat="37.45645" lon="-83.789588"><ele>254.3</ele><time>2025-09-19T18:29:52Z</time></trkpt><trkpt lat="37.456512" lon="-83.789736"><ele>254.1</ele><time>2025-09-19T18:29:54Z</time></trkpt><trkpt lat="37.456611" lon="-83.790064"><ele>254.0</ele><time>2025-09-19T18:29:56Z</time></trkpt><trkpt lat="37.456722" lon="-83.790578"><ele>254.0</ele><time>2025-09-19T18:29:59Z</time></trkpt><trkpt lat="37.456751" lon="-83.790746"><ele>253.9</ele><time>2025-09-19T18:30:00Z</time></trkpt><trkpt lat="37.456766" lon="-83.79091"><ele>253.8</ele><time>2025-09-19T18:30:01Z</time></trkpt><trkpt lat="37.456758" lon="-83.791074"><ele>253.8</ele><time>2025-09-19T18:30:02Z</time></trkpt><trkpt lat="37.456725" lon="-83.791232"><ele>254.2</ele><time>2025-09-19T18:30:03Z</time></trkpt><trkpt lat="37.456575" lon="-83.791663"><ele>254.2</ele><time>2025-09-19T18:30:06Z</time></trkpt><trkpt lat="37.456539" lon="-83.791808"><ele>253.8</ele><time>2025-09-19T18:30:07Z</time></trkpt><trkpt lat="37.456521" lon="-83.791956"><ele>253.2</ele><time>2025-09-19T18:30:08Z</time></trkpt><trkpt lat="37.45652" lon="-83.792107"><ele>252.6</ele><time>2025-09-19T18:30:09Z</time></trkpt><trkpt lat="37.45656" lon="-83.792401"><ele>251.7</ele><time>2025-09-19T18:30:11Z</time></trkpt><trkpt lat="37.456684" lon="-83.792978"><ele>251.1</ele><time>2025-09-19T18:30:15Z</time></trkpt><trkpt lat="37.456753" lon="-83.793382"><ele>251.3</ele><time>2025-09-19T18:30:18Z</time></trkpt><trkpt lat="37.456822" lon="-83.793624"><ele>252.3</ele><time>2025-09-19T18:30:20Z</time></trkpt><trkpt lat="37.456874" lon="-83.793728"><ele>252.3</ele><time>2025-09-19T18:30:21Z</time></trkpt><trkpt lat="37.456943" lon="-83.793819"><ele>251.6</ele><time>2025-09-19T18:30:22Z</time></trkpt><trkpt lat="37.457029" lon="-83.793891"><ele>251.5</ele><time>2025-09-19T18:30:23Z</time></trkpt><trkpt lat="37.457318" lon="-83.794055"><ele>251.0</ele><time>2025-09-19T18:30:26Z</time></trkpt><trkpt lat="37.45751" lon="-83.794187"><ele>250.5</ele><time>2025-09-19T18:30:28Z</time></trkpt><trkpt lat="37.457597" lon="-83.794268"><ele>250.7</ele><time>2025-09-19T18:30:29Z</time></trkpt><trkpt lat="37.457841" lon="-83.794539"><ele>250.5</ele><time>2025-09-19T18:30:32Z</time></trkpt><trkpt lat="37.457932" lon="-83.79462"><ele>250.2</ele><time>2025-09-19T18:30:33Z</time></trkpt><trkpt lat="37.458032" lon="-83.794687"><ele>250.1</ele><time>2025-09-19T18:30:34Z</time></trkpt><trkpt lat="37.458137" lon="-83.794736"><ele>250.0</ele><time>2025-09-19T18:30:35Z</time></trkpt><trkpt lat="37.45825" lon="-83.794768"><ele>249.9</ele><time>2025-09-19T18:30:36Z</time></trkpt><trkpt lat="37.458725" lon="-83.794795"><ele>249.4</ele><time>2025-09-19T18:30:40Z</time></trkpt><trkpt lat="37.458848" lon="-83.794817"><ele>249.1</ele><time>2025-09-19T18:30:41Z</time></trkpt><trkpt lat="37.459103" lon="-83.794885"><ele>248.2</ele><time>2025-09-19T18:30:43Z</time></trkpt><trkpt lat="37.459351" lon="-83.794976"><ele>247.8</ele><time>2025-09-19T18:30:45Z</time></trkpt><trkpt lat="37.45959" lon="-83.795082"><ele>247.3</ele><time>2025-09-19T18:30:47Z</time></trkpt><trkpt lat="37.459807" lon="-83.795199"><ele>247.3</ele><time>2025-09-19T18:30:49Z</time></trkpt><trkpt lat="37.46004" lon="-83.795354"><ele>247.5</ele><time>2025-09-19T18:30:52Z</time></trkpt><trkpt lat="37.4602" lon="-83.795441"><ele>247.9</ele><time>2025-09-19T18:30:56Z</time></trkpt><trkpt lat="37.460235" lon="-83.79545"><ele>248.0</ele><time>2025-09-19T18:30:57Z</time></trkpt><trkpt lat="37.460275" lon="-83.795446"><ele>247.8</ele><time>2025-09-19T18:30:58Z</time></trkpt><trkpt lat="37.460315" lon="-83.795426"><ele>248.1</ele><time>2025-09-19T18:30:59Z</time></trkpt><trkpt lat="37.460354" lon="-83.795385"><ele>248.1</ele><time>2025-09-19T18:31:00Z</time></trkpt><trkpt lat="37.460445" lon="-83.795183"><ele>248.1</ele><time>2025-09-19T18:31:03Z</time></trkpt><trkpt lat="37.460538" lon="-83.795054"><ele>247.7</ele><time>2025-09-19T18:31:05Z</time></trkpt><trkpt lat="37.460594" lon="-83.795"><ele>247.7</ele><time>2025-09-19T18:31:06Z</time></trkpt><trkpt lat="37.460868" lon="-83.794809"><ele>246.5</ele><time>2025-09-19T18:31:10Z</time></trkpt><trkpt lat="37.461016" lon="-83.794724"><ele>245.9</ele><time>2025-09-19T18:31:12Z</time></trkpt><trkpt lat="37.461092" lon="-83.794696"><ele>245.6</ele><time>2025-09-19T18:31:13Z</time></trkpt><trkpt lat="37.461222" lon="-83.794667"><ele>245.5</ele><time>2025-09-19T18:31:15Z</time></trkpt><trkpt lat="37.461736" lon="-83.794601"><ele>245.1</ele><time>2025-09-19T18:31:24Z</time></trkpt><trkpt lat="37.461994" lon="-83.794597"><ele>245.5</ele><time>2025-09-19T18:31:28Z</time></trkpt><trkpt lat="37.46218" lon="-83.794627"><ele>245.0</ele><time>2025-09-19T18:31:31Z</time></trkpt><trkpt lat="37.462297" lon="-83.794667"><ele>244.7</ele><time>2025-09-19T18:31:33Z</time></trkpt><trkpt lat="37.462432" lon="-83.794728"><ele>244.4</ele><time>2025-09-19T18:31:35Z</time></trkpt><trkpt lat="37.462573" lon="-83.794815"><ele>244.8</ele><time>2025-09-19T18:31:37Z</time></trkpt><trkpt lat="37.4627" lon="-83.794925"><ele>245.7</ele><time>2025-09-19T18:31:39Z</time></trkpt><trkpt lat="37.462942" lon="-83.79519"><ele>249.8</ele><time>2025-09-19T18:31:44Z</time></trkpt><trkpt lat="37.463203" lon="-83.79543"><ele>249.9</ele><time>2025-09-19T18:31:48Z</time></trkpt><trkpt lat="37.463404" lon="-83.795591"><ele>249.8</ele><time>2025-09-19T18:31:51Z</time></trkpt><trkpt lat="37.463552" lon="-83.795678"><ele>249.4</ele><time>2025-09-19T18:31:53Z</time></trkpt><trkpt lat="37.463726" lon="-83.795733"><ele>248.5</ele><time>2025-09-19T18:31:55Z</time></trkpt><trkpt lat="37.464479" lon="-83.795883"><ele>246.5</ele><time>2025-09-19T18:32:03Z</time></trkpt><trkpt lat="37.464574" lon="-83.79591"><ele>246.5</ele><time>2025-09-19T18:32:04Z</time></trkpt><trkpt lat="37.464752" lon="-83.795975"><ele>246.4</ele><time>2025-09-19T18:32:06Z</time></trkpt><trkpt lat="37.465021" lon="-83.7961"><ele>244.9</ele><time>2025-09-19T18:32:09Z</time></trkpt><trkpt lat="37.46522" lon="-83.796171"><ele>242.7</ele><time>2025-09-19T18:32:11Z</time></trkpt><trkpt lat="37.466528" lon="-83.79653"><ele>241.3</ele><time>2025-09-19T18:32:23Z</time></trkpt><trkpt lat="37.466739" lon="-83.796621"><ele>241.3</ele><time>2025-09-19T18:32:25Z</time></trkpt><trkpt lat="37.467047" lon="-83.796773"><ele>241.0</ele><time>2025-09-19T18:32:28Z</time></trkpt><trkpt lat="37.467365" lon="-83.796945"><ele>240.6</ele><time>2025-09-19T18:32:31Z</time></trkpt><trkpt lat="37.467568" lon="-83.797073"><ele>240.6</ele><time>2025-09-19T18:32:33Z</time></trkpt><trkpt lat="37.467746" lon="-83.797212"><ele>241.2</ele><time>2025-09-19T18:32:35Z</time></trkpt><trkpt lat="37.468333" lon="-83.797731"><ele>242.0</ele><time>2025-09-19T18:32:42Z</time></trkpt><trkpt lat="37.468903" lon="-83.798176"><ele>242.5</ele><time>2025-09-19T18:32:48Z</time></trkpt><trkpt lat="37.469463" lon="-83.798667"><ele>242.3</ele><time>2025-09-19T18:32:54Z</time></trkpt><trkpt lat="37.469839" lon="-83.79902"><ele>243.7</ele><time>2025-09-19T18:32:58Z</time></trkpt><trkpt lat="37.469935" lon="-83.79908"><ele>243.9</ele><time>2025-09-19T18:32:59Z</time></trkpt><trkpt lat="37.470035" lon="-83.799117"><ele>244.1</ele><time>2025-09-19T18:33:00Z</time></trkpt><trkpt lat="37.470139" lon="-83.799131"><ele>244.0</ele><time>2025-09-19T18:33:01Z</time></trkpt><trkpt lat="37.470247" lon="-83.79913"><ele>244.1</ele><time>2025-09-19T18:33:02Z</time></trkpt><trkpt lat="37.470538" lon="-83.799075"><ele>244.1</ele><time>2025-09-19T18:33:05Z</time></trkpt><trkpt lat="37.470639" lon="-83.799075"><ele>243.9</ele><time>2025-09-19T18:33:06Z</time></trkpt><trkpt lat="37.470737" lon="-83.799121"><ele>243.3</ele><time>2025-09-19T18:33:07Z</time></trkpt><trkpt lat="37.470996" lon="-83.799307"><ele>243.0</ele><time>2025-09-19T18:33:10Z</time></trkpt><trkpt lat="37.471957" lon="-83.799908"><ele>244.3</ele><time>2025-09-19T18:33:21Z</time></trkpt><trkpt lat="37.472053" lon="-83.799976"><ele>244.3</ele><time>2025-09-19T18:33:22Z</time></trkpt><trkpt lat="37.472539" lon="-83.800404"><ele>243.3</ele><time>2025-09-19T18:33:27Z</time></trkpt><trkpt lat="37.47264" lon="-83.800483"><ele>243.4</ele><time>2025-09-19T18:33:28Z</time></trkpt><trkpt lat="37.472749" lon="-83.80055"><ele>243.6</ele><time>2025-09-19T18:33:29Z</time></trkpt><trkpt lat="37.473098" lon="-83.800671"><ele>245.6</ele><time>2025-09-19T18:33:32Z</time></trkpt><trkpt lat="37.473199" lon="-83.800723"><ele>245.9</ele><time>2025-09-19T18:33:33Z</time></trkpt><trkpt lat="37.473403" lon="-83.800865"><ele>246.0</ele><time>2025-09-19T18:33:35Z</time></trkpt><trkpt lat="37.473789" lon="-83.801179"><ele>245.8</ele><time>2025-09-19T18:33:39Z</time></trkpt><trkpt lat="37.474221" lon="-83.801495"><ele>244.9</ele><time>2025-09-19T18:33:44Z</time></trkpt><trkpt lat="37.474291" lon="-83.801559"><ele>244.1</ele><time>2025-09-19T18:33:45Z</time></trkpt><trkpt lat="37.474352" lon="-83.801645"><ele>243.7</ele><time>2025-09-19T18:33:46Z</time></trkpt><trkpt lat="37.474397" lon="-83.801745"><ele>243.3</ele><time>2025-09-19T18:33:47Z</time></trkpt><trkpt lat="37.474426" lon="-83.801856"><ele>243.8</ele><time>2025-09-19T18:33:48Z</time></trkpt><trkpt lat="37.474492" lon="-83.802597"><ele>245.2</ele><time>2025-09-19T18:33:54Z</time></trkpt><trkpt lat="37.474502" lon="-83.802879"><ele>245.4</ele><time>2025-09-19T18:33:56Z</time></trkpt><trkpt lat="37.474493" lon="-83.803027"><ele>246.1</ele><time>2025-09-19T18:33:57Z</time></trkpt><trkpt lat="37.474448" lon="-83.803323"><ele>247.5</ele><time>2025-09-19T18:33:59Z</time></trkpt><trkpt lat="37.47422" lon="-83.804599"><ele>246.1</ele><time>2025-09-19T18:34:08Z</time></trkpt><trkpt lat="37.474209" lon="-83.80475"><ele>246.1</ele><time>2025-09-19T18:34:09Z</time></trkpt><trkpt lat="37.474213" lon="-83.805055"><ele>245.6</ele><time>2025-09-19T18:34:11Z</time></trkpt><trkpt lat="37.474263" lon="-83.805494"><ele>245.0</ele><time>2025-09-19T18:34:14Z</time></trkpt><trkpt lat="37.474295" lon="-83.805631"><ele>244.9</ele><time>2025-09-19T18:34:15Z</time></trkpt><trkpt lat="37.474342" lon="-83.805757"><ele>244.2</ele><time>2025-09-19T18:34:16Z</time></trkpt><trkpt lat="37.474467" lon="-83.806003"><ele>242.6</ele><time>2025-09-19T18:34:18Z</time></trkpt><trkpt lat="37.474809" lon="-83.806597"><ele>244.7</ele><time>2025-09-19T18:34:23Z</time></trkpt><trkpt lat="37.474948" lon="-83.806896"><ele>247.0</ele><time>2025-09-19T18:34:26Z</time></trkpt><trkpt lat="37.475001" lon="-83.806973"><ele>247.2</ele><time>2025-09-19T18:34:27Z</time></trkpt><trkpt lat="37.475229" lon="-83.807163"><ele>246.5</ele><time>2025-09-19T18:34:30Z</time></trkpt><trkpt lat="37.475457" lon="-83.80741"><ele>246.1</ele><time>2025-09-19T18:34:33Z</time></trkpt><trkpt lat="37.475586" lon="-83.807589"><ele>246.2</ele><time>2025-09-19T18:34:35Z</time></trkpt><trkpt lat="37.475707" lon="-83.807784"><ele>245.7</ele><time>2025-09-19T18:34:37Z</time></trkpt><trkpt lat="37.475845" lon="-83.80805"><ele>243.1</ele><time>2025-09-19T18:34:40Z</time></trkpt><trkpt lat="37.475882" lon="-83.808142"><ele>241.9</ele><time>2025-09-19T18:34:41Z</time></trkpt><trkpt lat="37.475908" lon="-83.808243"><ele>241.3</ele><time>2025-09-19T18:34:42Z</time></trkpt><trkpt lat="37.475908" lon="-83.808354"><ele>241.2</ele><time>2025-09-19T18:34:43Z</time></trkpt><trkpt lat="37.475878" lon="-83.808662"><ele>241.7</ele><time>2025-09-19T18:34:46Z</time></trkpt><trkpt lat="37.475879" lon="-83.808756"><ele>242.1</ele><time>2025-09-19T18:34:47Z</time></trkpt><trkpt lat="37.475932" lon="-83.808933"><ele>242.1</ele><time>2025-09-19T18:34:49Z</time></trkpt><trkpt lat="37.47603" lon="-83.809119"><ele>241.7</ele><time>2025-09-19T18:34:51Z</time></trkpt><trkpt lat="37.476351" lon="-83.809626"><ele>239.4</ele><time>2025-09-19T18:34:56Z</time></trkpt><trkpt lat="37.476651" lon="-83.810138"><ele>238.6</ele><time>2025-09-19T18:35:01Z</time></trkpt><trkpt lat="37.47717" lon="-83.811079"><ele>241.9</ele><time>2025-09-19T18:35:11Z</time></trkpt><trkpt lat="37.477414" lon="-83.811414"><ele>243.8</ele><time>2025-09-19T18:35:17Z</time></trkpt><trkpt lat="37.477624" lon="-83.811779"><ele>243.8</ele><time>2025-09-19T18:35:24Z</time></trkpt><trkpt lat="37.477882" lon="-83.812138"><ele>237.7</ele><time>2025-09-19T18:35:34Z</time></trkpt><trkpt lat="37.477969" lon="-83.81228"><ele>236.7</ele><time>2025-09-19T18:35:38Z</time></trkpt><trkpt lat="37.478315" lon="-83.813106"><ele>234.0</ele><time>2025-09-19T18:35:57Z</time></trkpt><trkpt lat="37.478416" lon="-83.81322"><ele>233.0</ele><time>2025-09-19T18:36:03Z</time></trkpt><trkpt lat="37.478457" lon="-83.813253"><ele>232.0</ele><time>2025-09-19T18:36:05Z</time></trkpt><trkpt lat="37.478497" lon="-83.813266"><ele>232.0</ele><time>2025-09-19T18:36:07Z</time></trkpt><trkpt lat="37.478543" lon="-83.813257"><ele>233.0</ele><time>2025-09-19T18:36:09Z</time></trkpt><trkpt lat="37.478637" lon="-83.813208"><ele>233.1</ele><time>2025-09-19T18:36:12Z</time></trkpt><trkpt lat="37.47876" lon="-83.813178"><ele>232.0</ele><time>2025-09-19T18:36:16Z</time></trkpt><trkpt lat="37.478914" lon="-83.813119"><ele>231.1</ele><time>2025-09-19T18:36:23Z</time></trkpt><trkpt lat="37.479013" lon="-83.813076"><ele>231.3</ele><time>2025-09-19T18:36:26Z</time></trkpt><trkpt lat="37.479174" lon="-83.812983"><ele>231.4</ele><time>2025-09-19T18:36:31Z</time></trkpt><trkpt lat="37.479526" lon="-83.812867"><ele>230.0</ele><time>2025-09-19T18:36:51Z</time></trkpt><trkpt lat="37.479543" lon="-83.812836"><ele>231.0</ele><time>2025-09-19T18:36:54Z</time></trkpt><trkpt lat="37.479536" lon="-83.812788"><ele>229.0</ele><time>2025-09-19T18:37:06Z</time></trkpt><trkpt lat="37.479546" lon="-83.812813"><ele>230.0</ele><time>2025-09-19T18:37:31Z</time></trkpt><trkpt lat="37.47955" lon="-83.812765"><ele>228.0</ele><time>2025-09-19T18:37:50Z</time></trkpt><trkpt lat="37.47958" lon="-83.812734"><ele>230.0</ele><time>2025-09-19T18:37:55Z</time></trkpt><trkpt lat="37.47977" lon="-83.812678"><ele>230.3</ele><time>2025-09-19T18:38:01Z</time></trkpt><trkpt lat="37.479808" lon="-83.812677"><ele>230.0</ele><time>2025-09-19T18:38:02Z</time></trkpt><trkpt lat="37.47988" lon="-83.812718"><ele>231.0</ele><time>2025-09-19T18:38:06Z</time></trkpt><trkpt lat="37.479934" lon="-83.812722"><ele>232.0</ele><time>2025-09-19T18:38:08Z</time></trkpt><trkpt lat="37.480251" lon="-83.812596"><ele>232.3</ele><time>2025-09-19T18:38:14Z</time></trkpt><trkpt lat="37.480591" lon="-83.812426"><ele>232.7</ele><time>2025-09-19T18:38:24Z</time></trkpt><trkpt lat="37.480701" lon="-83.812385"><ele>232.8</ele><time>2025-09-19T18:38:27Z</time></trkpt><trkpt lat="37.480809" lon="-83.812369"><ele>232.0</ele><time>2025-09-19T18:38:30Z</time></trkpt><trkpt lat="37.480851" lon="-83.812384"><ele>232.0</ele><time>2025-09-19T18:38:32Z</time></trkpt><trkpt lat="37.481026" lon="-83.812508"><ele>234.5</ele><time>2025-09-19T18:38:39Z</time></trkpt><trkpt lat="37.481141" lon="-83.812556"><ele>235.4</ele><time>2025-09-19T18:38:42Z</time></trkpt><trkpt lat="37.481553" lon="-83.812658"><ele>235.6</ele><time>2025-09-19T18:38:51Z</time></trkpt><trkpt lat="37.481762" lon="-83.812693"><ele>235.5</ele><time>2025-09-19T18:38:55Z</time></trkpt><trkpt lat="37.482008" lon="-83.812781"><ele>236.0</ele><time>2025-09-19T18:38:59Z</time></trkpt><trkpt lat="37.482186" lon="-83.812896"><ele>235.5</ele><time>2025-09-19T18:39:02Z</time></trkpt><trkpt lat="37.482337" lon="-83.813068"><ele>235.1</ele><time>2025-09-19T18:39:05Z</time></trkpt><trkpt lat="37.482484" lon="-83.813288"><ele>234.9</ele><time>2025-09-19T18:39:08Z</time></trkpt><trkpt lat="37.482669" lon="-83.813609"><ele>235.2</ele><time>2025-09-19T18:39:12Z</time></trkpt><trkpt lat="37.482801" lon="-83.813936"><ele>234.9</ele><time>2025-09-19T18:39:16Z</time></trkpt><trkpt lat="37.482995" lon="-83.814516"><ele>234.3</ele><time>2025-09-19T18:39:23Z</time></trkpt><trkpt lat="37.483067" lon="-83.814807"><ele>234.6</ele><time>2025-09-19T18:39:26Z</time></trkpt><trkpt lat="37.483131" lon="-83.81532"><ele>234.4</ele><time>2025-09-19T18:39:31Z</time></trkpt><trkpt lat="37.483171" lon="-83.815539"><ele>234.3</ele><time>2025-09-19T18:39:33Z</time></trkpt><trkpt lat="37.48323" lon="-83.815737"><ele>234.3</ele><time>2025-09-19T18:39:35Z</time></trkpt><trkpt lat="37.483354" lon="-83.816086"><ele>233.9</ele><time>2025-09-19T18:39:39Z</time></trkpt><trkpt lat="37.483507" lon="-83.816754"><ele>233.6</ele><time>2025-09-19T18:39:47Z</time></trkpt><trkpt lat="37.483651" lon="-83.817273"><ele>233.3</ele><time>2025-09-19T18:39:54Z</time></trkpt><trkpt lat="37.483685" lon="-83.817474"><ele>233.7</ele><time>2025-09-19T18:39:59Z</time></trkpt><trkpt lat="37.483719" lon="-83.81756"><ele>233.2</ele><time>2025-09-19T18:40:02Z</time></trkpt><trkpt lat="37.483741" lon="-83.817592"><ele>233.1</ele><time>2025-09-19T18:40:03Z</time></trkpt><trkpt lat="37.483887" lon="-83.817702"><ele>232.9</ele><time>2025-09-19T18:40:07Z</time></trkpt><trkpt lat="37.483986" lon="-83.817804"><ele>232.9</ele><time>2025-09-19T18:40:10Z</time></trkpt><trkpt lat="37.48423" lon="-83.818128"><ele>231.2</ele><time>2025-09-19T18:40:17Z</time></trkpt><trkpt lat="37.484271" lon="-83.81817"><ele>230.6</ele><time>2025-09-19T18:40:18Z</time></trkpt><trkpt lat="37.484431" lon="-83.818285"><ele>230.3</ele><time>2025-09-19T18:40:21Z</time></trkpt><trkpt lat="37.484545" lon="-83.818336"><ele>230.4</ele><time>2025-09-19T18:40:23Z</time></trkpt><trkpt lat="37.484681" lon="-83.81836"><ele>231.8</ele><time>2025-09-19T18:40:26Z</time></trkpt><trkpt lat="37.48476" lon="-83.818357"><ele>233.6</ele><time>2025-09-19T18:40:28Z</time></trkpt><trkpt lat="37.48484" lon="-83.818326"><ele>233.7</ele><time>2025-09-19T18:40:30Z</time></trkpt><trkpt lat="37.484924" lon="-83.818265"><ele>234.1</ele><time>2025-09-19T18:40:32Z</time></trkpt><trkpt lat="37.485159" lon="-83.818129"><ele>233.9</ele><time>2025-09-19T18:40:37Z</time></trkpt><trkpt lat="37.485667" lon="-83.817717"><ele>235.1</ele><time>2025-09-19T18:40:53Z</time></trkpt><trkpt lat="37.485824" lon="-83.817634"><ele>235.0</ele><time>2025-09-19T18:40:57Z</time></trkpt><trkpt lat="37.485923" lon="-83.817609"><ele>235.4</ele><time>2025-09-19T18:40:59Z</time></trkpt><trkpt lat="37.486096" lon="-83.817617"><ele>235.2</ele><time>2025-09-19T18:41:03Z</time></trkpt><trkpt lat="37.4862" lon="-83.817645"><ele>235.1</ele><time>2025-09-19T18:41:06Z</time></trkpt><trkpt lat="37.486231" lon="-83.817667"><ele>235.4</ele><time>2025-09-19T18:41:07Z</time></trkpt><trkpt lat="37.486267" lon="-83.817742"><ele>236.9</ele><time>2025-09-19T18:41:09Z</time></trkpt><trkpt lat="37.486275" lon="-83.817794"><ele>237.1</ele><time>2025-09-19T18:41:10Z</time></trkpt><trkpt lat="37.486235" lon="-83.817998"><ele>236.1</ele><time>2025-09-19T18:41:13Z</time></trkpt><trkpt lat="37.486135" lon="-83.81825"><ele>238.5</ele><time>2025-09-19T18:41:17Z</time></trkpt><trkpt lat="37.485985" lon="-83.818736"><ele>239.0</ele><time>2025-09-19T18:41:24Z</time></trkpt><trkpt lat="37.485899" lon="-83.819086"><ele>238.7</ele><time>2025-09-19T18:41:29Z</time></trkpt><trkpt lat="37.485823" lon="-83.819496"><ele>238.6</ele><time>2025-09-19T18:41:35Z</time></trkpt><trkpt lat="37.485783" lon="-83.819881"><ele>234.7</ele><time>2025-09-19T18:41:43Z</time></trkpt><trkpt lat="37.485704" lon="-83.820184"><ele>232.4</ele><time>2025-09-19T18:41:47Z</time></trkpt><trkpt lat="37.485641" lon="-83.820535"><ele>232.0</ele><time>2025-09-19T18:41:55Z</time></trkpt><trkpt lat="37.485615" lon="-83.82078"><ele>232.9</ele><time>2025-09-19T18:42:05Z</time></trkpt><trkpt lat="37.485596" lon="-83.821185"><ele>233.3</ele><time>2025-09-19T18:42:19Z</time></trkpt><trkpt lat="37.485569" lon="-83.821393"><ele>234.0</ele><time>2025-09-19T18:42:25Z</time></trkpt><trkpt lat="37.485608" lon="-83.821715"><ele>234.0</ele><time>2025-09-19T18:42:37Z</time></trkpt><trkpt lat="37.485633" lon="-83.821791"><ele>234.0</ele><time>2025-09-19T18:42:42Z</time></trkpt><trkpt lat="37.485637" lon="-83.821863"><ele>234.0</ele><time>2025-09-19T18:42:45Z</time></trkpt><trkpt lat="37.485693" lon="-83.821996"><ele>234.0</ele><time>2025-09-19T18:42:52Z</time></trkpt><trkpt lat="37.485762" lon="-83.822353"><ele>233.7</ele><time>2025-09-19T18:43:06Z</time></trkpt><trkpt lat="37.485832" lon="-83.822587"><ele>233.7</ele><time>2025-09-19T18:43:15Z</time></trkpt><trkpt lat="37.485865" lon="-83.822756"><ele>233.1</ele><time>2025-09-19T18:43:19Z</time></trkpt><trkpt lat="37.485932" lon="-83.82293"><ele>233.5</ele><time>2025-09-19T18:43:23Z</time></trkpt><trkpt lat="37.48599" lon="-83.823145"><ele>233.3</ele><time>2025-09-19T18:43:29Z</time></trkpt><trkpt lat="37.486119" lon="-83.823481"><ele>233.8</ele><time>2025-09-19T18:43:38Z</time></trkpt><trkpt lat="37.486142" lon="-83.823581"><ele>234.7</ele><time>2025-09-19T18:43:41Z</time></trkpt><trkpt lat="37.486172" lon="-83.823606"><ele>234.5</ele><time>2025-09-19T18:43:42Z</time></trkpt><trkpt lat="37.486256" lon="-83.823742"><ele>235.0</ele><time>2025-09-19T18:43:46Z</time></trkpt><trkpt lat="37.486388" lon="-83.823908"><ele>234.7</ele><time>2025-09-19T18:43:50Z</time></trkpt><trkpt lat="37.486554" lon="-83.824058"><ele>233.8</ele><time>2025-09-19T18:43:54Z</time></trkpt><trkpt lat="37.48666" lon="-83.82411"><ele>233.7</ele><time>2025-09-19T18:43:57Z</time></trkpt><trkpt lat="37.486726" lon="-83.824129"><ele>232.0</ele><time>2025-09-19T18:43:59Z</time></trkpt><trkpt lat="37.486873" lon="-83.824141"><ele>234.0</ele><time>2025-09-19T18:44:05Z</time></trkpt><trkpt lat="37.486916" lon="-83.824125"><ele>233.8</ele><time>2025-09-19T18:44:07Z</time></trkpt><trkpt lat="37.487111" lon="-83.823946"><ele>230.0</ele><time>2025-09-19T18:44:14Z</time></trkpt><trkpt lat="37.487303" lon="-83.823814"><ele>228.7</ele><time>2025-09-19T18:44:23Z</time></trkpt><trkpt lat="37.487367" lon="-83.823814"><ele>228.0</ele><time>2025-09-19T18:44:25Z</time></trkpt><trkpt lat="37.487413" lon="-83.823842"><ele>228.0</ele><time>2025-09-19T18:44:27Z</time></trkpt><trkpt lat="37.487507" lon="-83.823871"><ele>230.9</ele><time>2025-09-19T18:44:31Z</time></trkpt><trkpt lat="37.487624" lon="-83.823878"><ele>231.4</ele><time>2025-09-19T18:44:34Z</time></trkpt><trkpt lat="37.487672" lon="-83.823876"><ele>230.8</ele><time>2025-09-19T18:44:35Z</time></trkpt><trkpt lat="37.487712" lon="-83.823855"><ele>231.2</ele><time>2025-09-19T18:44:36Z</time></trkpt><trkpt lat="37.487805" lon="-83.823848"><ele>231.4</ele><time>2025-09-19T18:44:38Z</time></trkpt><trkpt lat="37.487872" lon="-83.823822"><ele>231.9</ele><time>2025-09-19T18:44:40Z</time></trkpt><trkpt lat="37.487931" lon="-83.823787"><ele>233.4</ele><time>2025-09-19T18:44:42Z</time></trkpt><trkpt lat="37.487996" lon="-83.82372"><ele>233.2</ele><time>2025-09-19T18:44:44Z</time></trkpt><trkpt lat="37.488131" lon="-83.823535"><ele>234.1</ele><time>2025-09-19T18:44:48Z</time></trkpt><trkpt lat="37.488283" lon="-83.823438"><ele>234.5</ele><time>2025-09-19T18:44:51Z</time></trkpt><trkpt lat="37.488421" lon="-83.823384"><ele>234.5</ele><time>2025-09-19T18:44:54Z</time></trkpt><trkpt lat="37.488516" lon="-83.823393"><ele>234.7</ele><time>2025-09-19T18:44:57Z</time></trkpt><trkpt lat="37.488574" lon="-83.823435"><ele>230.0</ele><time>2025-09-19T18:45:08Z</time></trkpt><trkpt lat="37.488656" lon="-83.823463"><ele>233.0</ele><time>2025-09-19T18:45:16Z</time></trkpt><trkpt lat="37.488777" lon="-83.823459"><ele>236.0</ele><time>2025-09-19T18:45:26Z</time></trkpt><trkpt lat="37.488856" lon="-83.823522"><ele>239.0</ele><time>2025-09-19T18:45:33Z</time></trkpt><trkpt lat="37.488871" lon="-83.823569"><ele>243.0</ele><time>2025-09-19T18:45:38Z</time></trkpt><trkpt lat="37.48884" lon="-83.823718"><ele>249.0</ele><time>2025-09-19T18:45:53Z</time></trkpt><trkpt lat="37.488796" lon="-83.823844"><ele>252.0</ele><time>2025-09-19T18:46:03Z</time></trkpt><trkpt lat="37.488737" lon="-83.824125"><ele>254.0</ele><time>2025-09-19T18:46:17Z</time></trkpt><trkpt lat="37.488704" lon="-83.824207"><ele>256.0</ele><time>2025-09-19T18:46:21Z</time></trkpt><trkpt lat="37.488606" lon="-83.824384"><ele>260.0</ele><time>2025-09-19T18:46:32Z</time></trkpt><trkpt lat="37.488536" lon="-83.824591"><ele>262.0</ele><time>2025-09-19T18:46:43Z</time></trkpt><trkpt lat="37.488414" lon="-83.824805"><ele>265.2</ele><time>2025-09-19T18:46:51Z</time></trkpt><trkpt lat="37.488356" lon="-83.824953"><ele>266.4</ele><time>2025-09-19T18:46:55Z</time></trkpt><trkpt lat="37.488242" lon="-83.825137"><ele>268.6</ele><time>2025-09-19T18:47:00Z</time></trkpt><trkpt lat="37.488202" lon="-83.825232"><ele>269.7</ele><time>2025-09-19T18:47:02Z</time></trkpt><trkpt lat="37.488126" lon="-83.825362"><ele>271.0</ele><time>2025-09-19T18:47:08Z</time></trkpt><trkpt lat="37.488101" lon="-83.825385"><ele>270.0</ele><time>2025-09-19T18:47:11Z</time></trkpt><trkpt lat="37.488004" lon="-83.825532"><ele>274.0</ele><time>2025-09-19T18:47:19Z</time></trkpt><trkpt lat="37.487967" lon="-83.825669"><ele>276.0</ele><time>2025-09-19T18:47:24Z</time></trkpt><trkpt lat="37.487917" lon="-83.825751"><ele>278.0</ele><time>2025-09-19T18:47:29Z</time></trkpt><trkpt lat="37.487878" lon="-83.825847"><ele>280.0</ele><time>2025-09-19T18:47:36Z</time></trkpt><trkpt lat="37.487797" lon="-83.826298"><ele>284.8</ele><time>2025-09-19T18:48:19Z</time></trkpt><trkpt lat="37.487754" lon="-83.8264"><ele>286.0</ele><time>2025-09-19T18:48:27Z</time></trkpt><trkpt lat="37.487721" lon="-83.826524"><ele>288.0</ele><time>2025-09-19T18:48:33Z</time></trkpt><trkpt lat="37.487707" lon="-83.826684"><ele>288.0</ele><time>2025-09-19T18:48:41Z</time></trkpt><trkpt lat="37.487712" lon="-83.826993"><ele>290.0</ele><time>2025-09-19T18:48:57Z</time></trkpt><trkpt lat="37.487703" lon="-83.827106"><ele>290.0</ele><time>2025-09-19T18:49:04Z</time></trkpt><trkpt lat="37.487711" lon="-83.827313"><ele>291.0</ele><time>2025-09-19T18:49:20Z</time></trkpt><trkpt lat="37.487746" lon="-83.827635"><ele>295.0</ele><time>2025-09-19T18:49:43Z</time></trkpt><trkpt lat="37.487805" lon="-83.827737"><ele>296.0</ele><time>2025-09-19T18:49:51Z</time></trkpt><trkpt lat="37.487823" lon="-83.827821"><ele>298.0</ele><time>2025-09-19T18:49:54Z</time></trkpt><trkpt lat="37.487833" lon="-83.827923"><ele>298.0</ele><time>2025-09-19T18:50:00Z</time></trkpt><trkpt lat="37.487806" lon="-83.828091"><ele>302.0</ele><time>2025-09-19T18:50:10Z</time></trkpt><trkpt lat="37.48774" lon="-83.828259"><ele>306.0</ele><time>2025-09-19T18:50:22Z</time></trkpt><trkpt lat="37.487718" lon="-83.82828"><ele>306.0</ele><time>2025-09-19T18:50:25Z</time></trkpt><trkpt lat="37.487555" lon="-83.828323"><ele>308.0</ele><time>2025-09-19T18:50:33Z</time></trkpt><trkpt lat="37.487394" lon="-83.828411"><ele>310.0</ele><time>2025-09-19T18:50:44Z</time></trkpt><trkpt lat="37.487278" lon="-83.828458"><ele>312.0</ele><time>2025-09-19T18:50:50Z</time></trkpt><trkpt lat="37.487206" lon="-83.828504"><ele>314.0</ele><time>2025-09-19T18:50:54Z</time></trkpt><trkpt lat="37.487085" lon="-83.828543"><ele>316.0</ele><time>2025-09-19T18:51:00Z</time></trkpt><trkpt lat="37.486937" lon="-83.828642"><ele>315.0</ele><time>2025-09-19T18:51:11Z</time></trkpt><trkpt lat="37.486842" lon="-83.828742"><ele>317.0</ele><time>2025-09-19T18:51:17Z</time></trkpt><trkpt lat="37.486722" lon="-83.828932"><ele>320.1</ele><time>2025-09-19T18:51:27Z</time></trkpt><trkpt lat="37.486654" lon="-83.829084"><ele>322.0</ele><time>2025-09-19T18:51:34Z</time></trkpt><trkpt lat="37.486627" lon="-83.829174"><ele>324.0</ele><time>2025-09-19T18:51:39Z</time></trkpt><trkpt lat="37.486621" lon="-83.829394"><ele>328.0</ele><time>2025-09-19T18:51:49Z</time></trkpt><trkpt lat="37.486655" lon="-83.829568"><ele>327.5</ele><time>2025-09-19T18:51:55Z</time></trkpt><trkpt lat="37.486758" lon="-83.829835"><ele>328.0</ele><time>2025-09-19T18:52:04Z</time></trkpt><trkpt lat="37.486838" lon="-83.829969"><ele>330.0</ele><time>2025-09-19T18:52:10Z</time></trkpt><trkpt lat="37.486889" lon="-83.830105"><ele>330.0</ele><time>2025-09-19T18:52:16Z</time></trkpt><trkpt lat="37.486975" lon="-83.830286"><ele>331.0</ele><time>2025-09-19T18:52:24Z</time></trkpt><trkpt lat="37.487146" lon="-83.830694"><ele>334.0</ele><time>2025-09-19T18:52:38Z</time></trkpt><trkpt lat="37.487165" lon="-83.830726"><ele>335.0</ele><time>2025-09-19T18:52:40Z</time></trkpt><trkpt lat="37.487308" lon="-83.83085"><ele>336.1</ele><time>2025-09-19T18:52:47Z</time></trkpt><trkpt lat="37.487384" lon="-83.830898"><ele>334.0</ele><time>2025-09-19T18:52:50Z</time></trkpt><trkpt lat="37.487525" lon="-83.830951"><ele>334.0</ele><time>2025-09-19T18:52:56Z</time></trkpt><trkpt lat="37.487663" lon="-83.830975"><ele>334.0</ele><time>2025-09-19T18:53:02Z</time></trkpt><trkpt lat="37.48775" lon="-83.830974"><ele>334.0</ele><time>2025-09-19T18:53:06Z</time></trkpt><trkpt lat="37.48779" lon="-83.830985"><ele>333.0</ele><time>2025-09-19T18:53:08Z</time></trkpt><trkpt lat="37.487834" lon="-83.831015"><ele>332.0</ele><time>2025-09-19T18:53:10Z</time></trkpt><trkpt lat="37.487883" lon="-83.831028"><ele>332.0</ele><time>2025-09-19T18:53:12Z</time></trkpt><trkpt lat="37.487929" lon="-83.831015"><ele>332.0</ele><time>2025-09-19T18:53:14Z</time></trkpt><trkpt lat="37.488463" lon="-83.831094"><ele>335.3</ele><time>2025-09-19T18:53:32Z</time></trkpt><trkpt lat="37.488844" lon="-83.831218"><ele>335.4</ele><time>2025-09-19T18:53:42Z</time></trkpt><trkpt lat="37.489158" lon="-83.83138"><ele>337.9</ele><time>2025-09-19T18:53:51Z</time></trkpt><trkpt lat="37.489278" lon="-83.831512"><ele>338.0</ele><time>2025-09-19T18:53:58Z</time></trkpt><trkpt lat="37.489486" lon="-83.831689"><ele>342.0</ele><time>2025-09-19T18:54:11Z</time></trkpt><trkpt lat="37.489562" lon="-83.831782"><ele>344.0</ele><time>2025-09-19T18:54:17Z</time></trkpt><trkpt lat="37.489625" lon="-83.832038"><ele>346.4</ele><time>2025-09-19T18:54:27Z</time></trkpt><trkpt lat="37.489726" lon="-83.832296"><ele>347.2</ele><time>2025-09-19T18:54:36Z</time></trkpt><trkpt lat="37.490092" lon="-83.832774"><ele>352.0</ele><time>2025-09-19T18:55:02Z</time></trkpt><trkpt lat="37.490156" lon="-83.832818"><ele>351.0</ele><time>2025-09-19T18:55:09Z</time></trkpt><trkpt lat="37.490403" lon="-83.833163"><ele>356.0</ele><time>2025-09-19T18:55:27Z</time></trkpt><trkpt lat="37.490567" lon="-83.833419"><ele>356.0</ele><time>2025-09-19T18:55:45Z</time></trkpt><trkpt lat="37.490774" lon="-83.833667"><ele>352.0</ele><time>2025-09-19T18:55:55Z</time></trkpt><trkpt lat="37.490893" lon="-83.833945"><ele>354.0</ele><time>2025-09-19T18:56:09Z</time></trkpt><trkpt lat="37.491019" lon="-83.83411"><ele>352.2</ele><time>2025-09-19T18:56:16Z</time></trkpt><trkpt lat="37.491107" lon="-83.834261"><ele>351.3</ele><time>2025-09-19T18:56:21Z</time></trkpt><trkpt lat="37.491215" lon="-83.834391"><ele>349.1</ele><time>2025-09-19T18:56:26Z</time></trkpt><trkpt lat="37.491509" lon="-83.834872"><ele>341.3</ele><time>2025-09-19T18:56:53Z</time></trkpt><trkpt lat="37.491738" lon="-83.835176"><ele>338.9</ele><time>2025-09-19T18:57:03Z</time></trkpt><trkpt lat="37.491902" lon="-83.835374"><ele>336.9</ele><time>2025-09-19T18:57:11Z</time></trkpt><trkpt lat="37.491953" lon="-83.835725"><ele>335.9</ele><time>2025-09-19T18:57:19Z</time></trkpt><trkpt lat="37.492055" lon="-83.83607"><ele>335.0</ele><time>2025-09-19T18:57:25Z</time></trkpt><trkpt lat="37.492157" lon="-83.83663"><ele>335.0</ele><time>2025-09-19T18:57:35Z</time></trkpt><trkpt lat="37.492218" lon="-83.8369"><ele>335.2</ele><time>2025-09-19T18:57:40Z</time></trkpt><trkpt lat="37.492267" lon="-83.837046"><ele>335.8</ele><time>2025-09-19T18:57:43Z</time></trkpt><trkpt lat="37.492308" lon="-83.837225"><ele>337.6</ele><time>2025-09-19T18:57:47Z</time></trkpt><trkpt lat="37.49239" lon="-83.837374"><ele>339.4</ele><time>2025-09-19T18:57:51Z</time></trkpt><trkpt lat="37.492642" lon="-83.837772"><ele>340.9</ele><time>2025-09-19T18:58:00Z</time></trkpt><trkpt lat="37.492774" lon="-83.838044"><ele>341.2</ele><time>2025-09-19T18:58:06Z</time></trkpt><trkpt lat="37.492831" lon="-83.838217"><ele>341.3</ele><time>2025-09-19T18:58:10Z</time></trkpt><trkpt lat="37.492843" lon="-83.838313"><ele>341.3</ele><time>2025-09-19T18:58:12Z</time></trkpt><trkpt lat="37.49283" lon="-83.838446"><ele>341.3</ele><time>2025-09-19T18:58:15Z</time></trkpt><trkpt lat="37.492792" lon="-83.838588"><ele>343.8</ele><time>2025-09-19T18:58:18Z</time></trkpt><trkpt lat="37.49268" lon="-83.838784"><ele>347.0</ele><time>2025-09-19T18:58:23Z</time></trkpt><trkpt lat="37.492531" lon="-83.838963"><ele>350.3</ele><time>2025-09-19T18:58:28Z</time></trkpt><trkpt lat="37.492493" lon="-83.839139"><ele>351.5</ele><time>2025-09-19T18:58:33Z</time></trkpt><trkpt lat="37.492462" lon="-83.839226"><ele>351.5</ele><time>2025-09-19T18:58:35Z</time></trkpt><trkpt lat="37.492409" lon="-83.839305"><ele>351.0</ele><time>2025-09-19T18:58:37Z</time></trkpt><trkpt lat="37.492295" lon="-83.839418"><ele>350.0</ele><time>2025-09-19T18:58:41Z</time></trkpt><trkpt lat="37.492245" lon="-83.839483"><ele>349.1</ele><time>2025-09-19T18:58:43Z</time></trkpt><trkpt lat="37.492066" lon="-83.839732"><ele>347.3</ele><time>2025-09-19T18:58:49Z</time></trkpt><trkpt lat="37.492013" lon="-83.839831"><ele>347.6</ele><time>2025-09-19T18:58:51Z</time></trkpt><trkpt lat="37.491976" lon="-83.840031"><ele>348.4</ele><time>2025-09-19T18:58:54Z</time></trkpt><trkpt lat="37.49199" lon="-83.840169"><ele>348.0</ele><time>2025-09-19T18:58:56Z</time></trkpt><trkpt lat="37.492065" lon="-83.840536"><ele>348.1</ele><time>2025-09-19T18:59:01Z</time></trkpt><trkpt lat="37.492078" lon="-83.840771"><ele>348.8</ele><time>2025-09-19T18:59:04Z</time></trkpt><trkpt lat="37.492055" lon="-83.840982"><ele>349.0</ele><time>2025-09-19T18:59:07Z</time></trkpt><trkpt lat="37.491989" lon="-83.841306"><ele>350.1</ele><time>2025-09-19T18:59:13Z</time></trkpt><trkpt lat="37.491976" lon="-83.841445"><ele>352.3</ele><time>2025-09-19T18:59:15Z</time></trkpt><trkpt lat="37.491978" lon="-83.841634"><ele>354.6</ele><time>2025-09-19T18:59:19Z</time></trkpt><trkpt lat="37.492018" lon="-83.841816"><ele>355.0</ele><time>2025-09-19T18:59:22Z</time></trkpt><trkpt lat="37.492087" lon="-83.842011"><ele>355.6</ele><time>2025-09-19T18:59:25Z</time></trkpt><trkpt lat="37.492246" lon="-83.842367"><ele>355.3</ele><time>2025-09-19T18:59:32Z</time></trkpt><trkpt lat="37.492485" lon="-83.843058"><ele>354.0</ele><time>2025-09-19T18:59:43Z</time></trkpt><trkpt lat="37.492569" lon="-83.843248"><ele>354.5</ele><time>2025-09-19T18:59:46Z</time></trkpt><trkpt lat="37.492738" lon="-83.843588"><ele>355.3</ele><time>2025-09-19T18:59:51Z</time></trkpt><trkpt lat="37.493126" lon="-83.84416"><ele>356.6</ele><time>2025-09-19T19:00:01Z</time></trkpt><trkpt lat="37.493258" lon="-83.844296"><ele>357.8</ele><time>2025-09-19T19:00:04Z</time></trkpt><trkpt lat="37.493402" lon="-83.844404"><ele>358.7</ele><time>2025-09-19T19:00:07Z</time></trkpt><trkpt lat="37.493569" lon="-83.844494"><ele>360.0</ele><time>2025-09-19T19:00:10Z</time></trkpt><trkpt lat="37.493835" lon="-83.844587"><ele>360.9</ele><time>2025-09-19T19:00:14Z</time></trkpt><trkpt lat="37.494042" lon="-83.844686"><ele>361.3</ele><time>2025-09-19T19:00:18Z</time></trkpt><trkpt lat="37.494388" lon="-83.844889"><ele>361.5</ele><time>2025-09-19T19:00:33Z</time></trkpt><trkpt lat="37.494704" lon="-83.845061"><ele>361.1</ele><time>2025-09-19T19:00:38Z</time></trkpt><trkpt lat="37.495076" lon="-83.845284"><ele>361.6</ele><time>2025-09-19T19:00:44Z</time></trkpt><trkpt lat="37.495178" lon="-83.84537"><ele>361.9</ele><time>2025-09-19T19:00:46Z</time></trkpt><trkpt lat="37.495298" lon="-83.84553"><ele>363.5</ele><time>2025-09-19T19:00:49Z</time></trkpt><trkpt lat="37.495581" lon="-83.846043"><ele>361.6</ele><time>2025-09-19T19:00:58Z</time></trkpt><trkpt lat="37.495889" lon="-83.846679"><ele>363.1</ele><time>2025-09-19T19:01:08Z</time></trkpt><trkpt lat="37.495929" lon="-83.846826"><ele>363.2</ele><time>2025-09-19T19:01:10Z</time></trkpt><trkpt lat="37.495935" lon="-83.846905"><ele>363.4</ele><time>2025-09-19T19:01:11Z</time></trkpt><trkpt lat="37.495905" lon="-83.847133"><ele>363.9</ele><time>2025-09-19T19:01:14Z</time></trkpt><trkpt lat="37.495823" lon="-83.847416"><ele>363.9</ele><time>2025-09-19T19:01:18Z</time></trkpt><trkpt lat="37.495469" lon="-83.848413"><ele>363.0</ele><time>2025-09-19T19:01:27Z</time></trkpt><trkpt lat="37.495304" lon="-83.848824"><ele>362.5</ele><time>2025-09-19T19:01:31Z</time></trkpt><trkpt lat="37.49527" lon="-83.84901"><ele>362.4</ele><time>2025-09-19T19:01:33Z</time></trkpt><trkpt lat="37.495272" lon="-83.8491"><ele>362.4</ele><time>2025-09-19T19:01:34Z</time></trkpt><trkpt lat="37.495298" lon="-83.84918"><ele>362.0</ele><time>2025-09-19T19:01:35Z</time></trkpt><trkpt lat="37.4954" lon="-83.849368"><ele>361.4</ele><time>2025-09-19T19:01:38Z</time></trkpt><trkpt lat="37.495407" lon="-83.8495"><ele>359.9</ele><time>2025-09-19T19:01:40Z</time></trkpt><trkpt lat="37.495369" lon="-83.849633"><ele>358.1</ele><time>2025-09-19T19:01:42Z</time></trkpt><trkpt lat="37.495257" lon="-83.849895"><ele>353.4</ele><time>2025-09-19T19:01:45Z</time></trkpt><trkpt lat="37.495201" lon="-83.850122"><ele>352.8</ele><time>2025-09-19T19:01:47Z</time></trkpt><trkpt lat="37.495164" lon="-83.850359"><ele>352.2</ele><time>2025-09-19T19:01:49Z</time></trkpt><trkpt lat="37.495159" lon="-83.850478"><ele>352.1</ele><time>2025-09-19T19:01:50Z</time></trkpt><trkpt lat="37.495173" lon="-83.850716"><ele>352.1</ele><time>2025-09-19T19:01:52Z</time></trkpt><trkpt lat="37.495297" lon="-83.851311"><ele>351.7</ele><time>2025-09-19T19:01:58Z</time></trkpt><trkpt lat="37.495435" lon="-83.851769"><ele>353.3</ele><time>2025-09-19T19:02:05Z</time></trkpt><trkpt lat="37.495529" lon="-83.85197"><ele>354.9</ele><time>2025-09-19T19:02:09Z</time></trkpt><trkpt lat="37.495583" lon="-83.852061"><ele>356.0</ele><time>2025-09-19T19:02:13Z</time></trkpt><trkpt lat="37.495671" lon="-83.852168"><ele>357.0</ele><time>2025-09-19T19:02:19Z</time></trkpt><trkpt lat="37.495779" lon="-83.852244"><ele>359.6</ele><time>2025-09-19T19:02:24Z</time></trkpt><trkpt lat="37.495897" lon="-83.852298"><ele>360.0</ele><time>2025-09-19T19:02:28Z</time></trkpt><trkpt lat="37.496001" lon="-83.852329"><ele>362.8</ele><time>2025-09-19T19:02:32Z</time></trkpt><trkpt lat="37.496083" lon="-83.852337"><ele>362.0</ele><time>2025-09-19T19:02:34Z</time></trkpt><trkpt lat="37.496131" lon="-83.852328"><ele>363.6</ele><time>2025-09-19T19:02:36Z</time></trkpt><trkpt lat="37.496614" lon="-83.852095"><ele>362.8</ele><time>2025-09-19T19:02:45Z</time></trkpt><trkpt lat="37.496947" lon="-83.851919"><ele>362.8</ele><time>2025-09-19T19:02:50Z</time></trkpt><trkpt lat="37.497086" lon="-83.851864"><ele>362.7</ele><time>2025-09-19T19:02:52Z</time></trkpt><trkpt lat="37.497155" lon="-83.851847"><ele>362.4</ele><time>2025-09-19T19:02:53Z</time></trkpt><trkpt lat="37.497294" lon="-83.851845"><ele>362.2</ele><time>2025-09-19T19:02:55Z</time></trkpt><trkpt lat="37.497356" lon="-83.851874"><ele>362.4</ele><time>2025-09-19T19:02:56Z</time></trkpt><trkpt lat="37.497408" lon="-83.851918"><ele>362.7</ele><time>2025-09-19T19:02:57Z</time></trkpt><trkpt lat="37.497554" lon="-83.852175"><ele>364.7</ele><time>2025-09-19T19:03:02Z</time></trkpt><trkpt lat="37.497702" lon="-83.85231"><ele>366.4</ele><time>2025-09-19T19:03:06Z</time></trkpt><trkpt lat="37.497819" lon="-83.852439"><ele>368.1</ele><time>2025-09-19T19:03:09Z</time></trkpt><trkpt lat="37.497889" lon="-83.852555"><ele>368.7</ele><time>2025-09-19T19:03:11Z</time></trkpt><trkpt lat="37.49802" lon="-83.85286"><ele>368.6</ele><time>2025-09-19T19:03:15Z</time></trkpt><trkpt lat="37.498088" lon="-83.853121"><ele>367.1</ele><time>2025-09-19T19:03:18Z</time></trkpt><trkpt lat="37.498115" lon="-83.853319"><ele>366.8</ele><time>2025-09-19T19:03:20Z</time></trkpt><trkpt lat="37.498102" lon="-83.85352"><ele>366.7</ele><time>2025-09-19T19:03:22Z</time></trkpt><trkpt lat="37.498072" lon="-83.853597"><ele>366.8</ele><time>2025-09-19T19:03:23Z</time></trkpt><trkpt lat="37.498031" lon="-83.853663"><ele>367.3</ele><time>2025-09-19T19:03:24Z</time></trkpt><trkpt lat="37.497928" lon="-83.853761"><ele>366.8</ele><time>2025-09-19T19:03:26Z</time></trkpt><trkpt lat="37.497807" lon="-83.853846"><ele>366.9</ele><time>2025-09-19T19:03:27Z</time></trkpt><trkpt lat="37.497686" lon="-83.853911"><ele>366.9</ele><time>2025-09-19T19:03:29Z</time></trkpt><trkpt lat="37.497448" lon="-83.854018"><ele>368.1</ele><time>2025-09-19T19:03:33Z</time></trkpt><trkpt lat="37.497296" lon="-83.854128"><ele>369.4</ele><time>2025-09-19T19:03:36Z</time></trkpt><trkpt lat="37.497217" lon="-83.854215"><ele>370.7</ele><time>2025-09-19T19:03:38Z</time></trkpt><trkpt lat="37.497072" lon="-83.854437"><ele>372.3</ele><time>2025-09-19T19:03:42Z</time></trkpt><trkpt lat="37.496987" lon="-83.854537"><ele>372.2</ele><time>2025-09-19T19:03:44Z</time></trkpt><trkpt lat="37.49689" lon="-83.854636"><ele>371.0</ele><time>2025-09-19T19:03:46Z</time></trkpt><trkpt lat="37.496768" lon="-83.854727"><ele>370.0</ele><time>2025-09-19T19:03:48Z</time></trkpt><trkpt lat="37.496466" lon="-83.855023"><ele>369.6</ele><time>2025-09-19T19:03:53Z</time></trkpt><trkpt lat="37.496346" lon="-83.855122"><ele>369.0</ele><time>2025-09-19T19:03:55Z</time></trkpt><trkpt lat="37.496221" lon="-83.855204"><ele>368.5</ele><time>2025-09-19T19:03:57Z</time></trkpt><trkpt lat="37.496009" lon="-83.855298"><ele>368.1</ele><time>2025-09-19T19:04:00Z</time></trkpt><trkpt lat="37.495811" lon="-83.855359"><ele>367.3</ele><time>2025-09-19T19:04:04Z</time></trkpt><trkpt lat="37.495684" lon="-83.855382"><ele>366.8</ele><time>2025-09-19T19:04:06Z</time></trkpt><trkpt lat="37.495631" lon="-83.855408"><ele>366.5</ele><time>2025-09-19T19:04:07Z</time></trkpt><trkpt lat="37.495583" lon="-83.855461"><ele>366.2</ele><time>2025-09-19T19:04:08Z</time></trkpt><trkpt lat="37.495546" lon="-83.85553"><ele>365.9</ele><time>2025-09-19T19:04:09Z</time></trkpt><trkpt lat="37.495526" lon="-83.855614"><ele>366.3</ele><time>2025-09-19T19:04:10Z</time></trkpt><trkpt lat="37.495527" lon="-83.855703"><ele>366.4</ele><time>2025-09-19T19:04:11Z</time></trkpt><trkpt lat="37.495552" lon="-83.855865"><ele>366.7</ele><time>2025-09-19T19:04:13Z</time></trkpt><trkpt lat="37.495622" lon="-83.856066"><ele>367.7</ele><time>2025-09-19T19:04:16Z</time></trkpt><trkpt lat="37.495882" lon="-83.856555"><ele>365.2</ele><time>2025-09-19T19:04:23Z</time></trkpt><trkpt lat="37.496327" lon="-83.857535"><ele>367.1</ele><time>2025-09-19T19:04:36Z</time></trkpt><trkpt lat="37.496391" lon="-83.857712"><ele>367.9</ele><time>2025-09-19T19:04:38Z</time></trkpt><trkpt lat="37.496468" lon="-83.858036"><ele>370.9</ele><time>2025-09-19T19:04:42Z</time></trkpt><trkpt lat="37.49651" lon="-83.858171"><ele>372.6</ele><time>2025-09-19T19:04:44Z</time></trkpt><trkpt lat="37.496576" lon="-83.858283"><ele>373.6</ele><time>2025-09-19T19:04:46Z</time></trkpt><trkpt lat="37.496619" lon="-83.858332"><ele>373.8</ele><time>2025-09-19T19:04:47Z</time></trkpt><trkpt lat="37.496677" lon="-83.858375"><ele>373.8</ele><time>2025-09-19T19:04:48Z</time></trkpt><trkpt lat="37.496747" lon="-83.858406"><ele>373.9</ele><time>2025-09-19T19:04:49Z</time></trkpt><trkpt lat="37.497036" lon="-83.858496"><ele>373.7</ele><time>2025-09-19T19:04:53Z</time></trkpt><trkpt lat="37.4971" lon="-83.858538"><ele>373.3</ele><time>2025-09-19T19:04:54Z</time></trkpt><trkpt lat="37.497156" lon="-83.858594"><ele>373.3</ele><time>2025-09-19T19:04:55Z</time></trkpt><trkpt lat="37.497252" lon="-83.858728"><ele>372.7</ele><time>2025-09-19T19:04:57Z</time></trkpt><trkpt lat="37.497292" lon="-83.85881"><ele>372.4</ele><time>2025-09-19T19:04:58Z</time></trkpt><trkpt lat="37.497325" lon="-83.858898"><ele>372.4</ele><time>2025-09-19T19:04:59Z</time></trkpt><trkpt lat="37.49734" lon="-83.858984"><ele>372.4</ele><time>2025-09-19T19:05:00Z</time></trkpt><trkpt lat="37.497339" lon="-83.859075"><ele>372.5</ele><time>2025-09-19T19:05:01Z</time></trkpt><trkpt lat="37.49732" lon="-83.859163"><ele>372.6</ele><time>2025-09-19T19:05:02Z</time></trkpt><trkpt lat="37.497176" lon="-83.859523"><ele>373.9</ele><time>2025-09-19T19:05:06Z</time></trkpt><trkpt lat="37.497152" lon="-83.859625"><ele>374.5</ele><time>2025-09-19T19:05:07Z</time></trkpt><trkpt lat="37.497001" lon="-83.860638"><ele>375.9</ele><time>2025-09-19T19:05:18Z</time></trkpt><trkpt lat="37.496991" lon="-83.860938"><ele>375.5</ele><time>2025-09-19T19:05:21Z</time></trkpt><trkpt lat="37.497074" lon="-83.861668"><ele>375.4</ele><time>2025-09-19T19:05:29Z</time></trkpt><trkpt lat="37.497082" lon="-83.861956"><ele>376.3</ele><time>2025-09-19T19:05:32Z</time></trkpt><trkpt lat="37.497066" lon="-83.862167"><ele>377.4</ele><time>2025-09-19T19:05:33Z</time></trkpt><trkpt lat="37.497027" lon="-83.862379"><ele>377.7</ele><time>2025-09-19T19:05:35Z</time></trkpt><trkpt lat="37.496998" lon="-83.862611"><ele>377.4</ele><time>2025-09-19T19:05:37Z</time></trkpt><trkpt lat="37.496993" lon="-83.862728"><ele>376.9</ele><time>2025-09-19T19:05:38Z</time></trkpt><trkpt lat="37.497006" lon="-83.863073"><ele>376.2</ele><time>2025-09-19T19:05:41Z</time></trkpt><trkpt lat="37.496956" lon="-83.863632"><ele>377.8</ele><time>2025-09-19T19:05:47Z</time></trkpt><trkpt lat="37.496959" lon="-83.863822"><ele>377.9</ele><time>2025-09-19T19:05:49Z</time></trkpt><trkpt lat="37.496985" lon="-83.864028"><ele>377.7</ele><time>2025-09-19T19:05:51Z</time></trkpt><trkpt lat="37.496981" lon="-83.864242"><ele>377.9</ele><time>2025-09-19T19:05:53Z</time></trkpt><trkpt lat="37.496947" lon="-83.864457"><ele>377.5</ele><time>2025-09-19T19:05:55Z</time></trkpt><trkpt lat="37.496845" lon="-83.864895"><ele>378.3</ele><time>2025-09-19T19:05:59Z</time></trkpt><trkpt lat="37.496718" lon="-83.865654"><ele>379.2</ele><time>2025-09-19T19:06:06Z</time></trkpt><trkpt lat="37.496662" lon="-83.865845"><ele>379.8</ele><time>2025-09-19T19:06:09Z</time></trkpt><trkpt lat="37.496621" lon="-83.865929"><ele>380.2</ele><time>2025-09-19T19:06:10Z</time></trkpt><trkpt lat="37.496157" lon="-83.866724"><ele>379.4</ele><time>2025-09-19T19:06:18Z</time></trkpt><trkpt lat="37.496007" lon="-83.867037"><ele>378.9</ele><time>2025-09-19T19:06:21Z</time></trkpt><trkpt lat="37.495972" lon="-83.867146"><ele>378.6</ele><time>2025-09-19T19:06:22Z</time></trkpt><trkpt lat="37.495921" lon="-83.867373"><ele>378.4</ele><time>2025-09-19T19:06:24Z</time></trkpt><trkpt lat="37.495758" lon="-83.868571"><ele>378.4</ele><time>2025-09-19T19:06:35Z</time></trkpt><trkpt lat="37.495688" lon="-83.868886"><ele>378.5</ele><time>2025-09-19T19:06:38Z</time></trkpt><trkpt lat="37.495619" lon="-83.869102"><ele>379.0</ele><time>2025-09-19T19:06:40Z</time></trkpt><trkpt lat="37.495536" lon="-83.869305"><ele>380.2</ele><time>2025-09-19T19:06:42Z</time></trkpt><trkpt lat="37.495505" lon="-83.869406"><ele>381.1</ele><time>2025-09-19T19:06:43Z</time></trkpt><trkpt lat="37.495469" lon="-83.869628"><ele>381.9</ele><time>2025-09-19T19:06:45Z</time></trkpt><trkpt lat="37.495468" lon="-83.869964"><ele>382.9</ele><time>2025-09-19T19:06:48Z</time></trkpt><trkpt lat="37.495598" lon="-83.870922"><ele>384.9</ele><time>2025-09-19T19:06:56Z</time></trkpt><trkpt lat="37.495621" lon="-83.871144"><ele>385.6</ele><time>2025-09-19T19:06:58Z</time></trkpt><trkpt lat="37.495617" lon="-83.871346"><ele>387.0</ele><time>2025-09-19T19:07:00Z</time></trkpt><trkpt lat="37.495595" lon="-83.871441"><ele>387.8</ele><time>2025-09-19T19:07:01Z</time></trkpt><trkpt lat="37.495472" lon="-83.871696"><ele>388.9</ele><time>2025-09-19T19:07:04Z</time></trkpt><trkpt lat="37.495437" lon="-83.871792"><ele>389.0</ele><time>2025-09-19T19:07:05Z</time></trkpt><trkpt lat="37.495396" lon="-83.871996"><ele>389.7</ele><time>2025-09-19T19:07:07Z</time></trkpt><trkpt lat="37.495359" lon="-83.872427"><ele>391.0</ele><time>2025-09-19T19:07:11Z</time></trkpt><trkpt lat="37.495319" lon="-83.872644"><ele>390.8</ele><time>2025-09-19T19:07:13Z</time></trkpt><trkpt lat="37.495254" lon="-83.872858"><ele>390.5</ele><time>2025-09-19T19:07:15Z</time></trkpt><trkpt lat="37.495145" lon="-83.873142"><ele>388.7</ele><time>2025-09-19T19:07:18Z</time></trkpt><trkpt lat="37.49512" lon="-83.873345"><ele>387.5</ele><time>2025-09-19T19:07:20Z</time></trkpt><trkpt lat="37.495174" lon="-83.873947"><ele>384.4</ele><time>2025-09-19T19:07:25Z</time></trkpt><trkpt lat="37.495169" lon="-83.874075"><ele>384.0</ele><time>2025-09-19T19:07:26Z</time></trkpt><trkpt lat="37.495129" lon="-83.874448"><ele>383.4</ele><time>2025-09-19T19:07:29Z</time></trkpt><trkpt lat="37.495149" lon="-83.874687"><ele>383.5</ele><time>2025-09-19T19:07:31Z</time></trkpt><trkpt lat="37.495178" lon="-83.874797"><ele>383.5</ele><time>2025-09-19T19:07:32Z</time></trkpt><trkpt lat="37.495263" lon="-83.874993"><ele>383.8</ele><time>2025-09-19T19:07:34Z</time></trkpt><trkpt lat="37.495425" lon="-83.875258"><ele>382.9</ele><time>2025-09-19T19:07:37Z</time></trkpt><trkpt lat="37.495467" lon="-83.875353"><ele>382.9</ele><time>2025-09-19T19:07:38Z</time></trkpt><trkpt lat="37.495524" lon="-83.875545"><ele>382.6</ele><time>2025-09-19T19:07:39Z</time></trkpt><trkpt lat="37.495521" lon="-83.875633"><ele>382.3</ele><time>2025-09-19T19:07:40Z</time></trkpt><trkpt lat="37.495507" lon="-83.875707"><ele>382.3</ele><time>2025-09-19T19:07:41Z</time></trkpt><trkpt lat="37.495478" lon="-83.875774"><ele>382.8</ele><time>2025-09-19T19:07:42Z</time></trkpt><trkpt lat="37.495437" lon="-83.87583"><ele>383.3</ele><time>2025-09-19T19:07:43Z</time></trkpt><trkpt lat="37.495264" lon="-83.875996"><ele>383.5</ele><time>2025-09-19T19:07:46Z</time></trkpt><trkpt lat="37.495156" lon="-83.876137"><ele>383.7</ele><time>2025-09-19T19:07:49Z</time></trkpt><trkpt lat="37.495088" lon="-83.876305"><ele>384.2</ele><time>2025-09-19T19:07:51Z</time></trkpt><trkpt lat="37.494936" lon="-83.876822"><ele>382.1</ele><time>2025-09-19T19:07:56Z</time></trkpt><trkpt lat="37.494887" lon="-83.876925"><ele>381.6</ele><time>2025-09-19T19:07:57Z</time></trkpt><trkpt lat="37.494706" lon="-83.877211"><ele>381.6</ele><time>2025-09-19T19:08:00Z</time></trkpt><trkpt lat="37.494607" lon="-83.877408"><ele>381.6</ele><time>2025-09-19T19:08:02Z</time></trkpt><trkpt lat="37.494577" lon="-83.877514"><ele>382.0</ele><time>2025-09-19T19:08:03Z</time></trkpt><trkpt lat="37.494571" lon="-83.878003"><ele>384.7</ele><time>2025-09-19T19:08:08Z</time></trkpt><trkpt lat="37.494552" lon="-83.878295"><ele>384.2</ele><time>2025-09-19T19:08:11Z</time></trkpt><trkpt lat="37.494559" lon="-83.878391"><ele>384.0</ele><time>2025-09-19T19:08:12Z</time></trkpt><trkpt lat="37.494588" lon="-83.878551"><ele>383.8</ele><time>2025-09-19T19:08:14Z</time></trkpt><trkpt lat="37.494626" lon="-83.87869"><ele>382.8</ele><time>2025-09-19T19:08:16Z</time></trkpt><trkpt lat="37.49464" lon="-83.878831"><ele>381.8</ele><time>2025-09-19T19:08:18Z</time></trkpt><trkpt lat="37.494625" lon="-83.879115"><ele>378.0</ele><time>2025-09-19T19:08:22Z</time></trkpt><trkpt lat="37.494635" lon="-83.879186"><ele>377.4</ele><time>2025-09-19T19:08:23Z</time></trkpt><trkpt lat="37.494821" lon="-83.879645"><ele>372.4</ele><time>2025-09-19T19:08:29Z</time></trkpt><trkpt lat="37.49485" lon="-83.879738"><ele>371.9</ele><time>2025-09-19T19:08:30Z</time></trkpt><trkpt lat="37.494871" lon="-83.879833"><ele>371.8</ele><time>2025-09-19T19:08:31Z</time></trkpt><trkpt lat="37.494875" lon="-83.880025"><ele>371.5</ele><time>2025-09-19T19:08:33Z</time></trkpt><trkpt lat="37.494817" lon="-83.880209"><ele>371.7</ele><time>2025-09-19T19:08:35Z</time></trkpt><trkpt lat="37.494665" lon="-83.880473"><ele>372.3</ele><time>2025-09-19T19:08:38Z</time></trkpt><trkpt lat="37.494585" lon="-83.880643"><ele>372.9</ele><time>2025-09-19T19:08:40Z</time></trkpt><trkpt lat="37.49453" lon="-83.880807"><ele>373.4</ele><time>2025-09-19T19:08:42Z</time></trkpt><trkpt lat="37.494467" lon="-83.881086"><ele>374.1</ele><time>2025-09-19T19:08:45Z</time></trkpt><trkpt lat="37.49439" lon="-83.88153"><ele>375.1</ele><time>2025-09-19T19:08:49Z</time></trkpt><trkpt lat="37.494362" lon="-83.881772"><ele>375.7</ele><time>2025-09-19T19:08:51Z</time></trkpt><trkpt lat="37.494359" lon="-83.882009"><ele>376.7</ele><time>2025-09-19T19:08:53Z</time></trkpt><trkpt lat="37.494381" lon="-83.882466"><ele>379.6</ele><time>2025-09-19T19:08:59Z</time></trkpt><trkpt lat="37.494334" lon="-83.882984"><ele>384.2</ele><time>2025-09-19T19:09:07Z</time></trkpt><trkpt lat="37.494286" lon="-83.883224"><ele>385.5</ele><time>2025-09-19T19:09:10Z</time></trkpt><trkpt lat="37.494235" lon="-83.883373"><ele>386.4</ele><time>2025-09-19T19:09:12Z</time></trkpt><trkpt lat="37.494172" lon="-83.883501"><ele>387.1</ele><time>2025-09-19T19:09:14Z</time></trkpt><trkpt lat="37.494047" lon="-83.883675"><ele>388.2</ele><time>2025-09-19T19:09:17Z</time></trkpt><trkpt lat="37.493902" lon="-83.883838"><ele>389.7</ele><time>2025-09-19T19:09:20Z</time></trkpt><trkpt lat="37.493621" lon="-83.88407"><ele>393.7</ele><time>2025-09-19T19:09:25Z</time></trkpt><trkpt lat="37.493517" lon="-83.88417"><ele>395.3</ele><time>2025-09-19T19:09:27Z</time></trkpt><trkpt lat="37.493479" lon="-83.884221"><ele>395.9</ele><time>2025-09-19T19:09:28Z</time></trkpt><trkpt lat="37.493423" lon="-83.884335"><ele>396.8</ele><time>2025-09-19T19:09:30Z</time></trkpt><trkpt lat="37.493414" lon="-83.88441"><ele>397.1</ele><time>2025-09-19T19:09:31Z</time></trkpt><trkpt lat="37.493417" lon="-83.884495"><ele>397.4</ele><time>2025-09-19T19:09:32Z</time></trkpt><trkpt lat="37.493438" lon="-83.884582"><ele>397.6</ele><time>2025-09-19T19:09:33Z</time></trkpt><trkpt lat="37.493593" lon="-83.88494"><ele>396.8</ele><time>2025-09-19T19:09:37Z</time></trkpt><trkpt lat="37.493624" lon="-83.885041"><ele>396.3</ele><time>2025-09-19T19:09:38Z</time></trkpt><trkpt lat="37.493641" lon="-83.885149"><ele>395.6</ele><time>2025-09-19T19:09:39Z</time></trkpt><trkpt lat="37.493635" lon="-83.88526"><ele>395.2</ele><time>2025-09-19T19:09:40Z</time></trkpt><trkpt lat="37.49361" lon="-83.885364"><ele>394.7</ele><time>2025-09-19T19:09:41Z</time></trkpt><trkpt lat="37.493569" lon="-83.885462"><ele>394.4</ele><time>2025-09-19T19:09:42Z</time></trkpt><trkpt lat="37.493463" lon="-83.885633"><ele>394.0</ele><time>2025-09-19T19:09:44Z</time></trkpt><trkpt lat="37.493222" lon="-83.88591"><ele>395.2</ele><time>2025-09-19T19:09:48Z</time></trkpt><trkpt lat="37.492934" lon="-83.88618"><ele>398.3</ele><time>2025-09-19T19:09:54Z</time></trkpt><trkpt lat="37.492891" lon="-83.886213"><ele>399.0</ele><time>2025-09-19T19:09:55Z</time></trkpt><trkpt lat="37.4928" lon="-83.886259"><ele>400.3</ele><time>2025-09-19T19:09:57Z</time></trkpt><trkpt lat="37.492479" lon="-83.886311"><ele>404.2</ele><time>2025-09-19T19:10:06Z</time></trkpt><trkpt lat="37.492187" lon="-83.886396"><ele>405.6</ele><time>2025-09-19T19:10:14Z</time></trkpt><trkpt lat="37.492074" lon="-83.886448"><ele>405.9</ele><time>2025-09-19T19:10:17Z</time></trkpt><trkpt lat="37.49197" lon="-83.886536"><ele>405.5</ele><time>2025-09-19T19:10:20Z</time></trkpt><trkpt lat="37.49091" lon="-83.888129"><ele>398.5</ele><time>2025-09-19T19:10:39Z</time></trkpt><trkpt lat="37.49033" lon="-83.888962"><ele>395.9</ele><time>2025-09-19T19:10:47Z</time></trkpt><trkpt lat="37.490204" lon="-83.889118"><ele>396.4</ele><time>2025-09-19T19:10:49Z</time></trkpt><trkpt lat="37.489996" lon="-83.889323"><ele>397.2</ele><time>2025-09-19T19:10:52Z</time></trkpt><trkpt lat="37.489139" lon="-83.889911"><ele>396.7</ele><time>2025-09-19T19:11:01Z</time></trkpt><trkpt lat="37.489057" lon="-83.889952"><ele>397.3</ele><time>2025-09-19T19:11:02Z</time></trkpt><trkpt lat="37.488974" lon="-83.88997"><ele>397.7</ele><time>2025-09-19T19:11:03Z</time></trkpt><trkpt lat="37.488898" lon="-83.889972"><ele>397.9</ele><time>2025-09-19T19:11:04Z</time></trkpt><trkpt lat="37.488819" lon="-83.889959"><ele>397.7</ele><time>2025-09-19T19:11:05Z</time></trkpt><trkpt lat="37.488571" lon="-83.889862"><ele>394.9</ele><time>2025-09-19T19:11:08Z</time></trkpt><trkpt lat="37.488477" lon="-83.889835"><ele>394.0</ele><time>2025-09-19T19:11:09Z</time></trkpt><trkpt lat="37.488379" lon="-83.889828"><ele>393.2</ele><time>2025-09-19T19:11:10Z</time></trkpt><trkpt lat="37.48828" lon="-83.889853"><ele>392.9</ele><time>2025-09-19T19:11:11Z</time></trkpt><trkpt lat="37.488186" lon="-83.889897"><ele>392.4</ele><time>2025-09-19T19:11:12Z</time></trkpt><trkpt lat="37.488101" lon="-83.889964"><ele>391.9</ele><time>2025-09-19T19:11:13Z</time></trkpt><trkpt lat="37.488023" lon="-83.890044"><ele>391.7</ele><time>2025-09-19T19:11:14Z</time></trkpt><trkpt lat="37.487956" lon="-83.890131"><ele>391.7</ele><time>2025-09-19T19:11:15Z</time></trkpt><trkpt lat="37.487837" lon="-83.890328"><ele>392.1</ele><time>2025-09-19T19:11:17Z</time></trkpt><trkpt lat="37.487413" lon="-83.891103"><ele>388.7</ele><time>2025-09-19T19:11:25Z</time></trkpt><trkpt lat="37.48739" lon="-83.891182"><ele>388.3</ele><time>2025-09-19T19:11:26Z</time></trkpt><trkpt lat="37.487381" lon="-83.891264"><ele>388.2</ele><time>2025-09-19T19:11:27Z</time></trkpt><trkpt lat="37.487393" lon="-83.891346"><ele>388.1</ele><time>2025-09-19T19:11:28Z</time></trkpt><trkpt lat="37.487422" lon="-83.89142"><ele>388.1</ele><time>2025-09-19T19:11:29Z</time></trkpt><trkpt lat="37.48753" lon="-83.891606"><ele>388.1</ele><time>2025-09-19T19:11:32Z</time></trkpt><trkpt lat="37.487547" lon="-83.891688"><ele>387.2</ele><time>2025-09-19T19:11:33Z</time></trkpt><trkpt lat="37.487556" lon="-83.89187"><ele>385.4</ele><time>2025-09-19T19:11:35Z</time></trkpt><trkpt lat="37.487534" lon="-83.892202"><ele>383.4</ele><time>2025-09-19T19:11:39Z</time></trkpt><trkpt lat="37.487518" lon="-83.89228"><ele>383.3</ele><time>2025-09-19T19:11:40Z</time></trkpt><trkpt lat="37.487486" lon="-83.892359"><ele>382.9</ele><time>2025-09-19T19:11:41Z</time></trkpt><trkpt lat="37.487319" lon="-83.892622"><ele>382.0</ele><time>2025-09-19T19:11:44Z</time></trkpt><trkpt lat="37.487179" lon="-83.892794"><ele>381.3</ele><time>2025-09-19T19:11:46Z</time></trkpt><trkpt lat="37.487096" lon="-83.892862"><ele>381.1</ele><time>2025-09-19T19:11:47Z</time></trkpt><trkpt lat="37.487005" lon="-83.892912"><ele>380.8</ele><time>2025-09-19T19:11:48Z</time></trkpt><trkpt lat="37.486908" lon="-83.892945"><ele>380.6</ele><time>2025-09-19T19:11:49Z</time></trkpt><trkpt lat="37.486703" lon="-83.892993"><ele>379.1</ele><time>2025-09-19T19:11:51Z</time></trkpt><trkpt lat="37.486595" lon="-83.893032"><ele>377.9</ele><time>2025-09-19T19:11:52Z</time></trkpt><trkpt lat="37.48649" lon="-83.893104"><ele>377.3</ele><time>2025-09-19T19:11:53Z</time></trkpt><trkpt lat="37.486401" lon="-83.893207"><ele>377.1</ele><time>2025-09-19T19:11:54Z</time></trkpt><trkpt lat="37.486023" lon="-83.893805"><ele>375.4</ele><time>2025-09-19T19:11:59Z</time></trkpt><trkpt lat="37.485939" lon="-83.89392"><ele>375.6</ele><time>2025-09-19T19:12:00Z</time></trkpt><trkpt lat="37.485754" lon="-83.894132"><ele>376.8</ele><time>2025-09-19T19:12:02Z</time></trkpt><trkpt lat="37.485554" lon="-83.894313"><ele>377.6</ele><time>2025-09-19T19:12:04Z</time></trkpt><trkpt lat="37.485444" lon="-83.894383"><ele>377.5</ele><time>2025-09-19T19:12:05Z</time></trkpt><trkpt lat="37.485325" lon="-83.894441"><ele>377.3</ele><time>2025-09-19T19:12:06Z</time></trkpt><trkpt lat="37.484816" lon="-83.894616"><ele>375.3</ele><time>2025-09-19T19:12:10Z</time></trkpt><trkpt lat="37.484568" lon="-83.894719"><ele>374.6</ele><time>2025-09-19T19:12:12Z</time></trkpt><trkpt lat="37.484452" lon="-83.894787"><ele>374.8</ele><time>2025-09-19T19:12:13Z</time></trkpt><trkpt lat="37.484125" lon="-83.895037"><ele>373.7</ele><time>2025-09-19T19:12:16Z</time></trkpt><trkpt lat="37.483783" lon="-83.895347"><ele>369.8</ele><time>2025-09-19T19:12:19Z</time></trkpt><trkpt lat="37.483529" lon="-83.895615"><ele>366.9</ele><time>2025-09-19T19:12:21Z</time></trkpt><trkpt lat="37.483404" lon="-83.895766"><ele>365.7</ele><time>2025-09-19T19:12:22Z</time></trkpt><trkpt lat="37.483173" lon="-83.896096"><ele>366.2</ele><time>2025-09-19T19:12:24Z</time></trkpt><trkpt lat="37.482955" lon="-83.896429"><ele>367.6</ele><time>2025-09-19T19:12:26Z</time></trkpt><trkpt lat="37.482732" lon="-83.896721"><ele>369.0</ele><time>2025-09-19T19:12:28Z</time></trkpt><trkpt lat="37.482504" lon="-83.89696"><ele>370.2</ele><time>2025-09-19T19:12:30Z</time></trkpt><trkpt lat="37.482386" lon="-83.897061"><ele>370.8</ele><time>2025-09-19T19:12:31Z</time></trkpt><trkpt lat="37.482255" lon="-83.897136"><ele>371.1</ele><time>2025-09-19T19:12:32Z</time></trkpt><trkpt lat="37.482104" lon="-83.897178"><ele>371.9</ele><time>2025-09-19T19:12:33Z</time></trkpt><trkpt lat="37.481964" lon="-83.897176"><ele>372.4</ele><time>2025-09-19T19:12:34Z</time></trkpt><trkpt lat="37.481829" lon="-83.897151"><ele>372.8</ele><time>2025-09-19T19:12:35Z</time></trkpt><trkpt lat="37.481697" lon="-83.897095"><ele>373.1</ele><time>2025-09-19T19:12:36Z</time></trkpt><trkpt lat="37.481569" lon="-83.897017"><ele>373.3</ele><time>2025-09-19T19:12:37Z</time></trkpt><trkpt lat="37.481324" lon="-83.896827"><ele>373.2</ele><time>2025-09-19T19:12:39Z</time></trkpt><trkpt lat="37.481191" lon="-83.896765"><ele>372.9</ele><time>2025-09-19T19:12:40Z</time></trkpt><trkpt lat="37.481055" lon="-83.896745"><ele>372.7</ele><time>2025-09-19T19:12:41Z</time></trkpt><trkpt lat="37.480921" lon="-83.896753"><ele>373.0</ele><time>2025-09-19T19:12:42Z</time></trkpt><trkpt lat="37.480784" lon="-83.896787"><ele>373.6</ele><time>2025-09-19T19:12:43Z</time></trkpt><trkpt lat="37.479981" lon="-83.897093"><ele>379.9</ele><time>2025-09-19T19:12:49Z</time></trkpt><trkpt lat="37.479848" lon="-83.897124"><ele>381.0</ele><time>2025-09-19T19:12:50Z</time></trkpt><trkpt lat="37.479713" lon="-83.897132"><ele>381.5</ele><time>2025-09-19T19:12:51Z</time></trkpt><trkpt lat="37.479578" lon="-83.897101"><ele>382.0</ele><time>2025-09-19T19:12:52Z</time></trkpt><trkpt lat="37.479444" lon="-83.89705"><ele>382.0</ele><time>2025-09-19T19:12:53Z</time></trkpt><trkpt lat="37.479188" lon="-83.896929"><ele>381.2</ele><time>2025-09-19T19:12:55Z</time></trkpt><trkpt lat="37.478665" lon="-83.896705"><ele>381.0</ele><time>2025-09-19T19:13:01Z</time></trkpt><trkpt lat="37.478627" lon="-83.896696"><ele>381.2</ele><time>2025-09-19T19:13:02Z</time></trkpt><trkpt lat="37.478595" lon="-83.896709"><ele>381.3</ele><time>2025-09-19T19:13:03Z</time></trkpt><trkpt lat="37.478503" lon="-83.896823"><ele>382.0</ele><time>2025-09-19T19:13:06Z</time></trkpt><trkpt lat="37.477978" lon="-83.897177"><ele>383.2</ele><time>2025-09-19T19:13:14Z</time></trkpt><trkpt lat="37.477893" lon="-83.897243"><ele>382.1</ele><time>2025-09-19T19:13:15Z</time></trkpt><trkpt lat="37.477811" lon="-83.897319"><ele>381.0</ele><time>2025-09-19T19:13:16Z</time></trkpt><trkpt lat="37.477599" lon="-83.897554"><ele>379.5</ele><time>2025-09-19T19:13:19Z</time></trkpt><trkpt lat="37.477331" lon="-83.897892"><ele>377.4</ele><time>2025-09-19T19:13:23Z</time></trkpt><trkpt lat="37.477157" lon="-83.898176"><ele>376.5</ele><time>2025-09-19T19:13:26Z</time></trkpt><trkpt lat="37.477011" lon="-83.898487"><ele>375.3</ele><time>2025-09-19T19:13:29Z</time></trkpt><trkpt lat="37.476949" lon="-83.898586"><ele>374.7</ele><time>2025-09-19T19:13:30Z</time></trkpt><trkpt lat="37.476874" lon="-83.898679"><ele>373.8</ele><time>2025-09-19T19:13:31Z</time></trkpt><trkpt lat="37.47662" lon="-83.898934"><ele>371.8</ele><time>2025-09-19T19:13:34Z</time></trkpt><trkpt lat="37.47618" lon="-83.899345"><ele>372.4</ele><time>2025-09-19T19:13:39Z</time></trkpt><trkpt lat="37.475396" lon="-83.90005"><ele>384.1</ele><time>2025-09-19T19:13:49Z</time></trkpt><trkpt lat="37.475212" lon="-83.900262"><ele>384.6</ele><time>2025-09-19T19:13:52Z</time></trkpt><trkpt lat="37.475066" lon="-83.900373"><ele>384.8</ele><time>2025-09-19T19:13:54Z</time></trkpt><trkpt lat="37.474882" lon="-83.900597"><ele>384.3</ele><time>2025-09-19T19:13:57Z</time></trkpt><trkpt lat="37.474809" lon="-83.900665"><ele>383.5</ele><time>2025-09-19T19:13:58Z</time></trkpt><trkpt lat="37.474437" lon="-83.900967"><ele>377.8</ele><time>2025-09-19T19:14:02Z</time></trkpt><trkpt lat="37.474216" lon="-83.901103"><ele>376.8</ele><time>2025-09-19T19:14:04Z</time></trkpt><trkpt lat="37.474103" lon="-83.901161"><ele>376.6</ele><time>2025-09-19T19:14:05Z</time></trkpt><trkpt lat="37.47388" lon="-83.901261"><ele>376.8</ele><time>2025-09-19T19:14:07Z</time></trkpt><trkpt lat="37.473778" lon="-83.901289"><ele>377.0</ele><time>2025-09-19T19:14:08Z</time></trkpt><trkpt lat="37.473679" lon="-83.901294"><ele>377.2</ele><time>2025-09-19T19:14:09Z</time></trkpt><trkpt lat="37.473581" lon="-83.901281"><ele>377.0</ele><time>2025-09-19T19:14:10Z</time></trkpt><trkpt lat="37.473482" lon="-83.901253"><ele>376.9</ele><time>2025-09-19T19:14:11Z</time></trkpt><trkpt lat="37.473382" lon="-83.901213"><ele>376.5</ele><time>2025-09-19T19:14:12Z</time></trkpt><trkpt lat="37.473183" lon="-83.901109"><ele>375.9</ele><time>2025-09-19T19:14:14Z</time></trkpt><trkpt lat="37.473" lon="-83.900983"><ele>374.8</ele><time>2025-09-19T19:14:16Z</time></trkpt><trkpt lat="37.472922" lon="-83.900899"><ele>374.2</ele><time>2025-09-19T19:14:17Z</time></trkpt><trkpt lat="37.472856" lon="-83.900807"><ele>373.1</ele><time>2025-09-19T19:14:18Z</time></trkpt><trkpt lat="37.472554" lon="-83.900306"><ele>364.7</ele><time>2025-09-19T19:14:23Z</time></trkpt><trkpt lat="37.472448" lon="-83.90017"><ele>363.6</ele><time>2025-09-19T19:14:25Z</time></trkpt><trkpt lat="37.472402" lon="-83.900127"><ele>363.1</ele><time>2025-09-19T19:14:26Z</time></trkpt><trkpt lat="37.472357" lon="-83.900115"><ele>362.0</ele><time>2025-09-19T19:14:27Z</time></trkpt><trkpt lat="37.472309" lon="-83.900124"><ele>361.3</ele><time>2025-09-19T19:14:28Z</time></trkpt><trkpt lat="37.472274" lon="-83.900149"><ele>360.9</ele><time>2025-09-19T19:14:29Z</time></trkpt><trkpt lat="37.471992" lon="-83.900547"><ele>362.0</ele><time>2025-09-19T19:14:38Z</time></trkpt><trkpt lat="37.471874" lon="-83.900757"><ele>364.6</ele><time>2025-09-19T19:14:43Z</time></trkpt><trkpt lat="37.471809" lon="-83.900941"><ele>365.7</ele><time>2025-09-19T19:14:46Z</time></trkpt><trkpt lat="37.471801" lon="-83.90102"><ele>366.1</ele><time>2025-09-19T19:14:47Z</time></trkpt><trkpt lat="37.471806" lon="-83.901099"><ele>366.4</ele><time>2025-09-19T19:14:48Z</time></trkpt><trkpt lat="37.471839" lon="-83.90125"><ele>366.8</ele><time>2025-09-19T19:14:50Z</time></trkpt><trkpt lat="37.471908" lon="-83.901371"><ele>368.1</ele><time>2025-09-19T19:14:52Z</time></trkpt><trkpt lat="37.471993" lon="-83.901459"><ele>368.5</ele><time>2025-09-19T19:14:54Z</time></trkpt><trkpt lat="37.472246" lon="-83.901688"><ele>371.1</ele><time>2025-09-19T19:14:59Z</time></trkpt><trkpt lat="37.472508" lon="-83.901979"><ele>371.7</ele><time>2025-09-19T19:15:04Z</time></trkpt><trkpt lat="37.472551" lon="-83.90205"><ele>371.4</ele><time>2025-09-19T19:15:05Z</time></trkpt><trkpt lat="37.472584" lon="-83.90213"><ele>371.2</ele><time>2025-09-19T19:15:06Z</time></trkpt><trkpt lat="37.472633" lon="-83.902299"><ele>371.1</ele><time>2025-09-19T19:15:08Z</time></trkpt><trkpt lat="37.47266" lon="-83.902485"><ele>371.3</ele><time>2025-09-19T19:15:10Z</time></trkpt><trkpt lat="37.472658" lon="-83.90268"><ele>371.6</ele><time>2025-09-19T19:15:12Z</time></trkpt><trkpt lat="37.47261" lon="-83.903097"><ele>371.4</ele><time>2025-09-19T19:15:16Z</time></trkpt><trkpt lat="37.472506" lon="-83.903658"><ele>371.9</ele><time>2025-09-19T19:15:21Z</time></trkpt><trkpt lat="37.472475" lon="-83.90376"><ele>372.6</ele><time>2025-09-19T19:15:22Z</time></trkpt><trkpt lat="37.472437" lon="-83.903838"><ele>373.5</ele><time>2025-09-19T19:15:23Z</time></trkpt><trkpt lat="37.472393" lon="-83.903898"><ele>374.1</ele><time>2025-09-19T19:15:24Z</time></trkpt><trkpt lat="37.472231" lon="-83.904038"><ele>373.7</ele><time>2025-09-19T19:15:28Z</time></trkpt><trkpt lat="37.472164" lon="-83.904071"><ele>373.6</ele><time>2025-09-19T19:15:30Z</time></trkpt><trkpt lat="37.472117" lon="-83.904077"><ele>374.7</ele><time>2025-09-19T19:15:31Z</time></trkpt><trkpt lat="37.472066" lon="-83.904072"><ele>375.5</ele><time>2025-09-19T19:15:32Z</time></trkpt><trkpt lat="37.472015" lon="-83.904054"><ele>376.7</ele><time>2025-09-19T19:15:33Z</time></trkpt><trkpt lat="37.471966" lon="-83.904023"><ele>377.7</ele><time>2025-09-19T19:15:34Z</time></trkpt><trkpt lat="37.471593" lon="-83.903684"><ele>382.5</ele><time>2025-09-19T19:15:41Z</time></trkpt><trkpt lat="37.471544" lon="-83.903656"><ele>382.9</ele><time>2025-09-19T19:15:42Z</time></trkpt><trkpt lat="37.471444" lon="-83.903636"><ele>383.7</ele><time>2025-09-19T19:15:44Z</time></trkpt><trkpt lat="37.471356" lon="-83.903648"><ele>384.2</ele><time>2025-09-19T19:15:46Z</time></trkpt><trkpt lat="37.471161" lon="-83.903757"><ele>385.3</ele><time>2025-09-19T19:15:50Z</time></trkpt><trkpt lat="37.471051" lon="-83.903857"><ele>385.5</ele><time>2025-09-19T19:15:52Z</time></trkpt><trkpt lat="37.471003" lon="-83.903916"><ele>385.7</ele><time>2025-09-19T19:15:53Z</time></trkpt><trkpt lat="37.47088" lon="-83.904112"><ele>386.1</ele><time>2025-09-19T19:15:56Z</time></trkpt><trkpt lat="37.470668" lon="-83.904416"><ele>385.6</ele><time>2025-09-19T19:16:01Z</time></trkpt><trkpt lat="37.470557" lon="-83.90465"><ele>385.7</ele><time>2025-09-19T19:16:04Z</time></trkpt><trkpt lat="37.470444" lon="-83.904971"><ele>386.1</ele><time>2025-09-19T19:16:08Z</time></trkpt><trkpt lat="37.470273" lon="-83.905386"><ele>385.3</ele><time>2025-09-19T19:16:13Z</time></trkpt><trkpt lat="37.470208" lon="-83.905601"><ele>385.6</ele><time>2025-09-19T19:16:16Z</time></trkpt><trkpt lat="37.470122" lon="-83.905993"><ele>387.4</ele><time>2025-09-19T19:16:59Z</time></trkpt><trkpt lat="37.470061" lon="-83.906051"><ele>386.0</ele><time>2025-09-19T19:17:02Z</time></trkpt><trkpt lat="37.470019" lon="-83.905996"><ele>386.8</ele><time>2025-09-19T19:17:04Z</time></trkpt><trkpt lat="37.470007" lon="-83.905929"><ele>386.2</ele><time>2025-09-19T19:17:05Z</time></trkpt><trkpt lat="37.469985" lon="-83.90559"><ele>382.1</ele><time>2025-09-19T19:17:09Z</time></trkpt><trkpt lat="37.47001" lon="-83.905317"><ele>379.8</ele><time>2025-09-19T19:17:12Z</time></trkpt><trkpt lat="37.470083" lon="-83.904757"><ele>375.2</ele><time>2025-09-19T19:17:18Z</time></trkpt><trkpt lat="37.470155" lon="-83.904354"><ele>373.5</ele><time>2025-09-19T19:17:22Z</time></trkpt><trkpt lat="37.470223" lon="-83.904086"><ele>372.0</ele><time>2025-09-19T19:17:25Z</time></trkpt><trkpt lat="37.470368" lon="-83.903633"><ele>369.9</ele><time>2025-09-19T19:17:30Z</time></trkpt><trkpt lat="37.470695" lon="-83.902764"><ele>366.2</ele><time>2025-09-19T19:17:41Z</time></trkpt><trkpt lat="37.470812" lon="-83.902524"><ele>365.2</ele><time>2025-09-19T19:17:44Z</time></trkpt><trkpt lat="37.470909" lon="-83.902355"><ele>364.1</ele><time>2025-09-19T19:17:46Z</time></trkpt><trkpt lat="37.471165" lon="-83.901998"><ele>362.0</ele><time>2025-09-19T19:17:51Z</time></trkpt><trkpt lat="37.471235" lon="-83.901843"><ele>360.3</ele><time>2025-09-19T19:17:53Z</time></trkpt><trkpt lat="37.471365" lon="-83.901464"><ele>357.0</ele><time>2025-09-19T19:17:57Z</time></trkpt><trkpt lat="37.471492" lon="-83.901173"><ele>357.3</ele><time>2025-09-19T19:18:00Z</time></trkpt><trkpt lat="37.471611" lon="-83.900966"><ele>359.9</ele><time>2025-09-19T19:18:03Z</time></trkpt><trkpt lat="37.47182" lon="-83.900689"><ele>363.1</ele><time>2025-09-19T19:18:08Z</time></trkpt><trkpt lat="37.471933" lon="-83.900565"><ele>363.9</ele><time>2025-09-19T19:18:10Z</time></trkpt><trkpt lat="37.472135" lon="-83.900378"><ele>362.3</ele><time>2025-09-19T19:18:13Z</time></trkpt><trkpt lat="37.472195" lon="-83.900301"><ele>362.2</ele><time>2025-09-19T19:18:14Z</time></trkpt><trkpt lat="37.472272" lon="-83.900163"><ele>361.9</ele><time>2025-09-19T19:18:16Z</time></trkpt><trkpt lat="37.47228" lon="-83.900046"><ele>362.6</ele><time>2025-09-19T19:18:18Z</time></trkpt><trkpt lat="37.472257" lon="-83.899989"><ele>363.0</ele><time>2025-09-19T19:18:19Z</time></trkpt><trkpt lat="37.472157" lon="-83.899876"><ele>362.4</ele><time>2025-09-19T19:18:21Z</time></trkpt><trkpt lat="37.472038" lon="-83.899717"><ele>361.3</ele><time>2025-09-19T19:18:23Z</time></trkpt><trkpt lat="37.471942" lon="-83.899512"><ele>360.3</ele><time>2025-09-19T19:18:25Z</time></trkpt><trkpt lat="37.47188" lon="-83.899269"><ele>358.9</ele><time>2025-09-19T19:18:27Z</time></trkpt><trkpt lat="37.471852" lon="-83.898995"><ele>357.3</ele><time>2025-09-19T19:18:29Z</time></trkpt><trkpt lat="37.471829" lon="-83.89844"><ele>353.0</ele><time>2025-09-19T19:18:33Z</time></trkpt><trkpt lat="37.471845" lon="-83.897674"><ele>346.0</ele><time>2025-09-19T19:18:39Z</time></trkpt><trkpt lat="37.471839" lon="-83.897429"><ele>345.1</ele><time>2025-09-19T19:18:41Z</time></trkpt><trkpt lat="37.471815" lon="-83.897198"><ele>344.9</ele><time>2025-09-19T19:18:43Z</time></trkpt><trkpt lat="37.47179" lon="-83.897089"><ele>344.9</ele><time>2025-09-19T19:18:44Z</time></trkpt><trkpt lat="37.471725" lon="-83.896909"><ele>344.6</ele><time>2025-09-19T19:18:46Z</time></trkpt><trkpt lat="37.471579" lon="-83.896612"><ele>344.8</ele><time>2025-09-19T19:18:54Z</time></trkpt><trkpt lat="37.47152" lon="-83.896459"><ele>344.6</ele><time>2025-09-19T19:18:57Z</time></trkpt><trkpt lat="37.471475" lon="-83.896378"><ele>344.0</ele><time>2025-09-19T19:18:58Z</time></trkpt><trkpt lat="37.471327" lon="-83.896233"><ele>341.7</ele><time>2025-09-19T19:19:00Z</time></trkpt><trkpt lat="37.471238" lon="-83.896178"><ele>340.7</ele><time>2025-09-19T19:19:01Z</time></trkpt><trkpt lat="37.471051" lon="-83.896111"><ele>339.8</ele><time>2025-09-19T19:19:03Z</time></trkpt><trkpt lat="37.470894" lon="-83.896085"><ele>339.4</ele><time>2025-09-19T19:19:05Z</time></trkpt><trkpt lat="37.470821" lon="-83.896089"><ele>339.2</ele><time>2025-09-19T19:19:06Z</time></trkpt><trkpt lat="37.470684" lon="-83.896122"><ele>339.3</ele><time>2025-09-19T19:19:08Z</time></trkpt><trkpt lat="37.470556" lon="-83.896188"><ele>339.4</ele><time>2025-09-19T19:19:10Z</time></trkpt><trkpt lat="37.470249" lon="-83.896418"><ele>340.3</ele><time>2025-09-19T19:19:15Z</time></trkpt><trkpt lat="37.470163" lon="-83.896496"><ele>340.7</ele><time>2025-09-19T19:19:17Z</time></trkpt><trkpt lat="37.469857" lon="-83.896703"><ele>343.9</ele><time>2025-09-19T19:19:23Z</time></trkpt><trkpt lat="37.469632" lon="-83.89688"><ele>345.8</ele><time>2025-09-19T19:19:26Z</time></trkpt><trkpt lat="37.469457" lon="-83.897035"><ele>347.3</ele><time>2025-09-19T19:19:28Z</time></trkpt><trkpt lat="37.469272" lon="-83.897226"><ele>348.8</ele><time>2025-09-19T19:19:30Z</time></trkpt><trkpt lat="37.468707" lon="-83.897843"><ele>354.6</ele><time>2025-09-19T19:19:36Z</time></trkpt><trkpt lat="37.468513" lon="-83.898038"><ele>357.2</ele><time>2025-09-19T19:19:38Z</time></trkpt><trkpt lat="37.468211" lon="-83.898311"><ele>361.1</ele><time>2025-09-19T19:19:41Z</time></trkpt><trkpt lat="37.467993" lon="-83.898481"><ele>363.4</ele><time>2025-09-19T19:19:43Z</time></trkpt><trkpt lat="37.467748" lon="-83.898631"><ele>364.6</ele><time>2025-09-19T19:19:45Z</time></trkpt><trkpt lat="37.467477" lon="-83.898764"><ele>365.5</ele><time>2025-09-19T19:19:47Z</time></trkpt><trkpt lat="37.467185" lon="-83.898872"><ele>367.7</ele><time>2025-09-19T19:19:49Z</time></trkpt><trkpt lat="37.466915" lon="-83.898946"><ele>372.5</ele><time>2025-09-19T19:19:51Z</time></trkpt><trkpt lat="37.466789" lon="-83.898964"><ele>374.4</ele><time>2025-09-19T19:19:52Z</time></trkpt><trkpt lat="37.466549" lon="-83.898977"><ele>377.2</ele><time>2025-09-19T19:19:54Z</time></trkpt><trkpt lat="37.465832" lon="-83.898965"><ele>382.8</ele><time>2025-09-19T19:20:00Z</time></trkpt><trkpt lat="37.465724" lon="-83.898933"><ele>384.4</ele><time>2025-09-19T19:20:01Z</time></trkpt><trkpt lat="37.465621" lon="-83.898882"><ele>386.1</ele><time>2025-09-19T19:20:02Z</time></trkpt><trkpt lat="37.465522" lon="-83.898808"><ele>387.5</ele><time>2025-09-19T19:20:03Z</time></trkpt><trkpt lat="37.465433" lon="-83.898719"><ele>388.8</ele><time>2025-09-19T19:20:04Z</time></trkpt><trkpt lat="37.46535" lon="-83.898617"><ele>390.3</ele><time>2025-09-19T19:20:05Z</time></trkpt><trkpt lat="37.46519" lon="-83.898388"><ele>391.9</ele><time>2025-09-19T19:20:07Z</time></trkpt><trkpt lat="37.464636" lon="-83.897529"><ele>392.5</ele><time>2025-09-19T19:20:13Z</time></trkpt><trkpt lat="37.464437" lon="-83.89718"><ele>392.6</ele><time>2025-09-19T19:20:15Z</time></trkpt><trkpt lat="37.464255" lon="-83.896814"><ele>392.8</ele><time>2025-09-19T19:20:17Z</time></trkpt><trkpt lat="37.464083" lon="-83.89643"><ele>393.2</ele><time>2025-09-19T19:20:19Z</time></trkpt><trkpt lat="37.463931" lon="-83.896024"><ele>394.1</ele><time>2025-09-19T19:20:21Z</time></trkpt><trkpt lat="37.463795" lon="-83.895608"><ele>396.9</ele><time>2025-09-19T19:20:23Z</time></trkpt><trkpt lat="37.463682" lon="-83.895193"><ele>399.6</ele><time>2025-09-19T19:20:25Z</time></trkpt><trkpt lat="37.463601" lon="-83.894786"><ele>398.7</ele><time>2025-09-19T19:20:27Z</time></trkpt><trkpt lat="37.463527" lon="-83.893875"><ele>391.4</ele><time>2025-09-19T19:20:32Z</time></trkpt><trkpt lat="37.463503" lon="-83.893725"><ele>390.4</ele><time>2025-09-19T19:20:33Z</time></trkpt><trkpt lat="37.463452" lon="-83.893593"><ele>389.6</ele><time>2025-09-19T19:20:34Z</time></trkpt><trkpt lat="37.463375" lon="-83.893482"><ele>389.3</ele><time>2025-09-19T19:20:35Z</time></trkpt><trkpt lat="37.463274" lon="-83.893422"><ele>389.6</ele><time>2025-09-19T19:20:36Z</time></trkpt><trkpt lat="37.462165" lon="-83.893139"><ele>396.3</ele><time>2025-09-19T19:20:45Z</time></trkpt><trkpt lat="37.462058" lon="-83.893123"><ele>397.5</ele><time>2025-09-19T19:20:46Z</time></trkpt><trkpt lat="37.461956" lon="-83.89313"><ele>398.9</ele><time>2025-09-19T19:20:47Z</time></trkpt><trkpt lat="37.461862" lon="-83.893168"><ele>400.3</ele><time>2025-09-19T19:20:48Z</time></trkpt><trkpt lat="37.461777" lon="-83.893224"><ele>401.2</ele><time>2025-09-19T19:20:49Z</time></trkpt><trkpt lat="37.4617" lon="-83.893291"><ele>402.2</ele><time>2025-09-19T19:20:50Z</time></trkpt><trkpt lat="37.461288" lon="-83.893714"><ele>403.2</ele><time>2025-09-19T19:20:55Z</time></trkpt><trkpt lat="37.461095" lon="-83.893896"><ele>403.6</ele><time>2025-09-19T19:20:57Z</time></trkpt><trkpt lat="37.460896" lon="-83.89404"><ele>403.5</ele><time>2025-09-19T19:20:59Z</time></trkpt><trkpt lat="37.460679" lon="-83.894142"><ele>402.8</ele><time>2025-09-19T19:21:01Z</time></trkpt><trkpt lat="37.46056" lon="-83.894178"><ele>402.3</ele><time>2025-09-19T19:21:02Z</time></trkpt><trkpt lat="37.460311" lon="-83.894214"><ele>401.3</ele><time>2025-09-19T19:21:04Z</time></trkpt><trkpt lat="37.460055" lon="-83.894227"><ele>400.9</ele><time>2025-09-19T19:21:06Z</time></trkpt><trkpt lat="37.459653" lon="-83.894204"><ele>399.9</ele><time>2025-09-19T19:21:09Z</time></trkpt><trkpt lat="37.459409" lon="-83.894163"><ele>399.3</ele><time>2025-09-19T19:21:11Z</time></trkpt><trkpt lat="37.4592" lon="-83.894107"><ele>399.3</ele><time>2025-09-19T19:21:13Z</time></trkpt><trkpt lat="37.459011" lon="-83.894026"><ele>399.6</ele><time>2025-09-19T19:21:15Z</time></trkpt><trkpt lat="37.45879" lon="-83.893903"><ele>400.2</ele><time>2025-09-19T19:21:18Z</time></trkpt><trkpt lat="37.458727" lon="-83.893895"><ele>400.0</ele><time>2025-09-19T19:21:19Z</time></trkpt><trkpt lat="37.458662" lon="-83.893917"><ele>399.6</ele><time>2025-09-19T19:21:20Z</time></trkpt><trkpt lat="37.45845" lon="-83.894044"><ele>398.8</ele><time>2025-09-19T19:21:23Z</time></trkpt><trkpt lat="37.458374" lon="-83.894102"><ele>398.7</ele><time>2025-09-19T19:21:24Z</time></trkpt><trkpt lat="37.4583" lon="-83.894175"><ele>398.7</ele><time>2025-09-19T19:21:25Z</time></trkpt><trkpt lat="37.457575" lon="-83.895222"><ele>395.6</ele><time>2025-09-19T19:21:35Z</time></trkpt><trkpt lat="37.457325" lon="-83.895567"><ele>394.5</ele><time>2025-09-19T19:21:39Z</time></trkpt><trkpt lat="37.457199" lon="-83.895713"><ele>393.4</ele><time>2025-09-19T19:21:41Z</time></trkpt><trkpt lat="37.457057" lon="-83.895854"><ele>391.8</ele><time>2025-09-19T19:21:43Z</time></trkpt><trkpt lat="37.456664" lon="-83.896149"><ele>386.2</ele><time>2025-09-19T19:21:49Z</time></trkpt><trkpt lat="37.456324" lon="-83.896431"><ele>380.7</ele><time>2025-09-19T19:21:54Z</time></trkpt><trkpt lat="37.456027" lon="-83.896648"><ele>376.6</ele><time>2025-09-19T19:21:58Z</time></trkpt><trkpt lat="37.455592" lon="-83.896946"><ele>370.1</ele><time>2025-09-19T19:22:04Z</time></trkpt><trkpt lat="37.455288" lon="-83.897136"><ele>365.5</ele><time>2025-09-19T19:22:08Z</time></trkpt><trkpt lat="37.455108" lon="-83.897218"><ele>363.3</ele><time>2025-09-19T19:22:10Z</time></trkpt><trkpt lat="37.454918" lon="-83.897274"><ele>360.8</ele><time>2025-09-19T19:22:12Z</time></trkpt><trkpt lat="37.454724" lon="-83.897359"><ele>356.5</ele><time>2025-09-19T19:22:14Z</time></trkpt><trkpt lat="37.454552" lon="-83.897463"><ele>353.6</ele><time>2025-09-19T19:22:16Z</time></trkpt><trkpt lat="37.45411" lon="-83.897758"><ele>346.6</ele><time>2025-09-19T19:22:21Z</time></trkpt><trkpt lat="37.453729" lon="-83.897963"><ele>343.5</ele><time>2025-09-19T19:22:25Z</time></trkpt><trkpt lat="37.453582" lon="-83.898079"><ele>341.6</ele><time>2025-09-19T19:22:27Z</time></trkpt><trkpt lat="37.45352" lon="-83.898144"><ele>340.9</ele><time>2025-09-19T19:22:28Z</time></trkpt><trkpt lat="37.453465" lon="-83.898212"><ele>340.7</ele><time>2025-09-19T19:22:29Z</time></trkpt><trkpt lat="37.453422" lon="-83.898286"><ele>340.4</ele><time>2025-09-19T19:22:30Z</time></trkpt><trkpt lat="37.453392" lon="-83.898367"><ele>339.8</ele><time>2025-09-19T19:22:31Z</time></trkpt><trkpt lat="37.453375" lon="-83.898461"><ele>339.3</ele><time>2025-09-19T19:22:32Z</time></trkpt><trkpt lat="37.453371" lon="-83.898793"><ele>336.0</ele><time>2025-09-19T19:22:35Z</time></trkpt><trkpt lat="37.453389" lon="-83.899144"><ele>333.3</ele><time>2025-09-19T19:22:38Z</time></trkpt><trkpt lat="37.453422" lon="-83.899359"><ele>333.0</ele><time>2025-09-19T19:22:40Z</time></trkpt><trkpt lat="37.453448" lon="-83.899464"><ele>332.9</ele><time>2025-09-19T19:22:41Z</time></trkpt><trkpt lat="37.453583" lon="-83.899792"><ele>329.2</ele><time>2025-09-19T19:22:44Z</time></trkpt><trkpt lat="37.453622" lon="-83.899916"><ele>328.5</ele><time>2025-09-19T19:22:45Z</time></trkpt><trkpt lat="37.453671" lon="-83.900158"><ele>327.3</ele><time>2025-09-19T19:22:47Z</time></trkpt><trkpt lat="37.453735" lon="-83.900873"><ele>324.1</ele><time>2025-09-19T19:22:53Z</time></trkpt><trkpt lat="37.45379" lon="-83.901258"><ele>322.7</ele><time>2025-09-19T19:22:56Z</time></trkpt><trkpt lat="37.453861" lon="-83.901592"><ele>323.5</ele><time>2025-09-19T19:22:59Z</time></trkpt><trkpt lat="37.453946" lon="-83.901768"><ele>323.9</ele><time>2025-09-19T19:23:01Z</time></trkpt><trkpt lat="37.454059" lon="-83.901891"><ele>324.6</ele><time>2025-09-19T19:23:03Z</time></trkpt><trkpt lat="37.454345" lon="-83.902123"><ele>324.5</ele><time>2025-09-19T19:23:07Z</time></trkpt><trkpt lat="37.454493" lon="-83.902271"><ele>323.8</ele><time>2025-09-19T19:23:09Z</time></trkpt><trkpt lat="37.454552" lon="-83.902357"><ele>324.4</ele><time>2025-09-19T19:23:10Z</time></trkpt><trkpt lat="37.454811" lon="-83.902803"><ele>324.9</ele><time>2025-09-19T19:23:15Z</time></trkpt><trkpt lat="37.454941" lon="-83.902977"><ele>323.6</ele><time>2025-09-19T19:23:17Z</time></trkpt><trkpt lat="37.455391" lon="-83.903471"><ele>316.8</ele><time>2025-09-19T19:23:23Z</time></trkpt><trkpt lat="37.455876" lon="-83.903954"><ele>311.1</ele><time>2025-09-19T19:23:29Z</time></trkpt><trkpt lat="37.456209" lon="-83.904321"><ele>307.2</ele><time>2025-09-19T19:23:33Z</time></trkpt><trkpt lat="37.45662" lon="-83.904869"><ele>302.5</ele><time>2025-09-19T19:23:38Z</time></trkpt><trkpt lat="37.4569" lon="-83.905328"><ele>301.8</ele><time>2025-09-19T19:23:42Z</time></trkpt><trkpt lat="37.457117" lon="-83.905617"><ele>300.9</ele><time>2025-09-19T19:23:45Z</time></trkpt><trkpt lat="37.457364" lon="-83.905906"><ele>299.4</ele><time>2025-09-19T19:23:48Z</time></trkpt><trkpt lat="37.457701" lon="-83.906278"><ele>298.7</ele><time>2025-09-19T19:23:52Z</time></trkpt><trkpt lat="37.457862" lon="-83.906474"><ele>298.8</ele><time>2025-09-19T19:23:54Z</time></trkpt><trkpt lat="37.458402" lon="-83.90702"><ele>298.1</ele><time>2025-09-19T19:24:00Z</time></trkpt><trkpt lat="37.458744" lon="-83.907425"><ele>295.3</ele><time>2025-09-19T19:24:04Z</time></trkpt><trkpt lat="37.459121" lon="-83.908057"><ele>294.5</ele><time>2025-09-19T19:24:09Z</time></trkpt><trkpt lat="37.459375" lon="-83.908593"><ele>295.2</ele><time>2025-09-19T19:24:13Z</time></trkpt><trkpt lat="37.459472" lon="-83.908867"><ele>293.9</ele><time>2025-09-19T19:24:15Z</time></trkpt><trkpt lat="37.459638" lon="-83.909431"><ele>292.8</ele><time>2025-09-19T19:24:19Z</time></trkpt><trkpt lat="37.459708" lon="-83.909733"><ele>292.5</ele><time>2025-09-19T19:24:21Z</time></trkpt><trkpt lat="37.459754" lon="-83.910022"><ele>293.4</ele><time>2025-09-19T19:24:23Z</time></trkpt><trkpt lat="37.459796" lon="-83.910706"><ele>294.5</ele><time>2025-09-19T19:24:28Z</time></trkpt><trkpt lat="37.459828" lon="-83.910857"><ele>294.0</ele><time>2025-09-19T19:24:29Z</time></trkpt><trkpt lat="37.459931" lon="-83.911145"><ele>293.3</ele><time>2025-09-19T19:24:31Z</time></trkpt><trkpt lat="37.460001" lon="-83.911436"><ele>292.6</ele><time>2025-09-19T19:24:33Z</time></trkpt><trkpt lat="37.460016" lon="-83.911585"><ele>292.2</ele><time>2025-09-19T19:24:34Z</time></trkpt><trkpt lat="37.460038" lon="-83.912164"><ele>290.5</ele><time>2025-09-19T19:24:38Z</time></trkpt><trkpt lat="37.460053" lon="-83.912309"><ele>290.2</ele><time>2025-09-19T19:24:39Z</time></trkpt><trkpt lat="37.460081" lon="-83.912449"><ele>290.1</ele><time>2025-09-19T19:24:40Z</time></trkpt><trkpt lat="37.460124" lon="-83.912586"><ele>289.9</ele><time>2025-09-19T19:24:41Z</time></trkpt><trkpt lat="37.46018" lon="-83.91272"><ele>289.7</ele><time>2025-09-19T19:24:42Z</time></trkpt><trkpt lat="37.460252" lon="-83.912852"><ele>289.5</ele><time>2025-09-19T19:24:43Z</time></trkpt><trkpt lat="37.460407" lon="-83.913102"><ele>288.8</ele><time>2025-09-19T19:24:45Z</time></trkpt><trkpt lat="37.46067" lon="-83.913423"><ele>287.7</ele><time>2025-09-19T19:24:48Z</time></trkpt><trkpt lat="37.460817" lon="-83.91364"><ele>287.6</ele><time>2025-09-19T19:24:50Z</time></trkpt><trkpt lat="37.46088" lon="-83.913755"><ele>287.2</ele><time>2025-09-19T19:24:51Z</time></trkpt><trkpt lat="37.46122" lon="-83.914621"><ele>285.6</ele><time>2025-09-19T19:24:58Z</time></trkpt><trkpt lat="37.46135" lon="-83.915012"><ele>284.7</ele><time>2025-09-19T19:25:01Z</time></trkpt><trkpt lat="37.461581" lon="-83.915546"><ele>283.0</ele><time>2025-09-19T19:25:05Z</time></trkpt><trkpt lat="37.461711" lon="-83.915793"><ele>282.1</ele><time>2025-09-19T19:25:07Z</time></trkpt><trkpt lat="37.462019" lon="-83.916247"><ele>280.9</ele><time>2025-09-19T19:25:11Z</time></trkpt><trkpt lat="37.462101" lon="-83.916351"><ele>280.5</ele><time>2025-09-19T19:25:12Z</time></trkpt><trkpt lat="37.462271" lon="-83.916537"><ele>280.4</ele><time>2025-09-19T19:25:14Z</time></trkpt><trkpt lat="37.46274" lon="-83.916982"><ele>278.4</ele><time>2025-09-19T19:25:19Z</time></trkpt><trkpt lat="37.46341" lon="-83.917513"><ele>276.3</ele><time>2025-09-19T19:25:27Z</time></trkpt><trkpt lat="37.463842" lon="-83.917885"><ele>275.7</ele><time>2025-09-19T19:25:35Z</time></trkpt><trkpt lat="37.464036" lon="-83.918066"><ele>276.0</ele><time>2025-09-19T19:25:42Z</time></trkpt><trkpt lat="37.464071" lon="-83.918068"><ele>276.6</ele><time>2025-09-19T19:25:44Z</time></trkpt><trkpt lat="37.464104" lon="-83.918051"><ele>276.0</ele><time>2025-09-19T19:25:45Z</time></trkpt><trkpt lat="37.46413" lon="-83.918009"><ele>275.4</ele><time>2025-09-19T19:25:46Z</time></trkpt><trkpt lat="37.464138" lon="-83.917945"><ele>275.0</ele><time>2025-09-19T19:25:47Z</time></trkpt><trkpt lat="37.464128" lon="-83.917733"><ele>274.3</ele><time>2025-09-19T19:25:50Z</time></trkpt><trkpt lat="37.464138" lon="-83.917663"><ele>274.2</ele><time>2025-09-19T19:25:51Z</time></trkpt><trkpt lat="37.464185" lon="-83.917533"><ele>273.8</ele><time>2025-09-19T19:25:53Z</time></trkpt><trkpt lat="37.464261" lon="-83.917408"><ele>273.5</ele><time>2025-09-19T19:25:55Z</time></trkpt><trkpt lat="37.464379" lon="-83.917306"><ele>272.4</ele><time>2025-09-19T19:25:57Z</time></trkpt><trkpt lat="37.4646" lon="-83.917176"><ele>272.3</ele><time>2025-09-19T19:26:00Z</time></trkpt><trkpt lat="37.465206" lon="-83.916858"><ele>270.6</ele><time>2025-09-19T19:26:08Z</time></trkpt><trkpt lat="37.465361" lon="-83.916798"><ele>270.2</ele><time>2025-09-19T19:26:10Z</time></trkpt><trkpt lat="37.465502" lon="-83.916784"><ele>270.0</ele><time>2025-09-19T19:26:12Z</time></trkpt><trkpt lat="37.465575" lon="-83.916798"><ele>270.4</ele><time>2025-09-19T19:26:13Z</time></trkpt><trkpt lat="37.465647" lon="-83.916825"><ele>270.2</ele><time>2025-09-19T19:26:14Z</time></trkpt><trkpt lat="37.465788" lon="-83.91691"><ele>269.9</ele><time>2025-09-19T19:26:16Z</time></trkpt><trkpt lat="37.465897" lon="-83.917034"><ele>270.3</ele><time>2025-09-19T19:26:18Z</time></trkpt><trkpt lat="37.466085" lon="-83.917365"><ele>270.7</ele><time>2025-09-19T19:26:24Z</time></trkpt><trkpt lat="37.466105" lon="-83.917421"><ele>270.0</ele><time>2025-09-19T19:26:26Z</time></trkpt><trkpt lat="37.466159" lon="-83.91752"><ele>271.4</ele><time>2025-09-19T19:26:32Z</time></trkpt><trkpt lat="37.466211" lon="-83.917571"><ele>270.8</ele><time>2025-09-19T19:26:34Z</time></trkpt><trkpt lat="37.466248" lon="-83.917587"><ele>270.9</ele><time>2025-09-19T19:26:35Z</time></trkpt><trkpt lat="37.466289" lon="-83.917584"><ele>270.8</ele><time>2025-09-19T19:26:36Z</time></trkpt><trkpt lat="37.466384" lon="-83.917551"><ele>270.2</ele><time>2025-09-19T19:26:38Z</time></trkpt><trkpt lat="37.466679" lon="-83.917377"><ele>269.3</ele><time>2025-09-19T19:26:44Z</time></trkpt><trkpt lat="37.466804" lon="-83.917335"><ele>269.6</ele><time>2025-09-19T19:26:46Z</time></trkpt><trkpt lat="37.46713" lon="-83.917285"><ele>269.4</ele><time>2025-09-19T19:26:57Z</time></trkpt><trkpt lat="37.467176" lon="-83.917267"><ele>269.4</ele><time>2025-09-19T19:26:58Z</time></trkpt><trkpt lat="37.467563" lon="-83.91722"><ele>268.7</ele><time>2025-09-19T19:27:07Z</time></trkpt><trkpt lat="37.468014" lon="-83.917136"><ele>268.0</ele><time>2025-09-19T19:27:18Z</time></trkpt><trkpt lat="37.46805" lon="-83.917105"><ele>269.0</ele><time>2025-09-19T19:27:20Z</time></trkpt><trkpt lat="37.468063" lon="-83.917058"><ele>270.0</ele><time>2025-09-19T19:27:22Z</time></trkpt><trkpt lat="37.468025" lon="-83.917037"><ele>273.0</ele><time>2025-09-19T19:59:11Z</time></trkpt><trkpt lat="37.467999" lon="-83.917096"><ele>271.0</ele><time>2025-09-19T19:59:19Z</time></trkpt><trkpt lat="37.467913" lon="-83.917175"><ele>272.0</ele><time>2025-09-19T20:01:01Z</time></trkpt><trkpt lat="37.467917" lon="-83.917156"><ele>274.0</ele><time>2025-09-19T20:02:24Z</time></trkpt><trkpt lat="37.467871" lon="-83.917124"><ele>273.9</ele><time>2025-09-19T20:02:27Z</time></trkpt><trkpt lat="37.467751" lon="-83.917123"><ele>273.8</ele><time>2025-09-19T20:02:30Z</time></trkpt><trkpt lat="37.46767" lon="-83.917135"><ele>273.9</ele><time>2025-09-19T20:02:32Z</time></trkpt><trkpt lat="37.467564" lon="-83.917169"><ele>273.9</ele><time>2025-09-19T20:02:34Z</time></trkpt><trkpt lat="37.4671" lon="-83.917268"><ele>272.0</ele><time>2025-09-19T20:02:44Z</time></trkpt><trkpt lat="37.466725" lon="-83.917362"><ele>271.0</ele><time>2025-09-19T20:02:52Z</time></trkpt><trkpt lat="37.466664" lon="-83.917385"><ele>271.1</ele><time>2025-09-19T20:02:53Z</time></trkpt><trkpt lat="37.466513" lon="-83.91749"><ele>270.7</ele><time>2025-09-19T20:02:56Z</time></trkpt><trkpt lat="37.466428" lon="-83.917537"><ele>270.0</ele><time>2025-09-19T20:02:58Z</time></trkpt><trkpt lat="37.46633" lon="-83.917579"><ele>270.0</ele><time>2025-09-19T20:03:03Z</time></trkpt><trkpt lat="37.466287" lon="-83.917587"><ele>270.0</ele><time>2025-09-19T20:03:05Z</time></trkpt><trkpt lat="37.466258" lon="-83.91761"><ele>272.5</ele><time>2025-09-19T20:03:07Z</time></trkpt><trkpt lat="37.466257" lon="-83.917683"><ele>273.2</ele><time>2025-09-19T20:03:09Z</time></trkpt><trkpt lat="37.466276" lon="-83.917713"><ele>273.8</ele><time>2025-09-19T20:03:10Z</time></trkpt><trkpt lat="37.466489" lon="-83.917794"><ele>276.8</ele><time>2025-09-19T20:03:16Z</time></trkpt><trkpt lat="37.466676" lon="-83.91782"><ele>278.8</ele><time>2025-09-19T20:03:20Z</time></trkpt><trkpt lat="37.466911" lon="-83.917829"><ele>276.0</ele><time>2025-09-19T20:03:26Z</time></trkpt><trkpt lat="37.467075" lon="-83.917823"><ele>280.0</ele><time>2025-09-19T20:03:33Z</time></trkpt><trkpt lat="37.467175" lon="-83.91776"><ele>282.0</ele><time>2025-09-19T20:03:47Z</time></trkpt><trkpt lat="37.467218" lon="-83.917775"><ele>282.0</ele><time>2025-09-19T20:03:49Z</time></trkpt><trkpt lat="37.467202" lon="-83.917823"><ele>279.0</ele><time>2025-09-19T20:03:56Z</time></trkpt><trkpt lat="37.46718" lon="-83.917845"><ele>280.0</ele><time>2025-09-19T20:04:00Z</time></trkpt><trkpt lat="37.467101" lon="-83.917854"><ele>281.9</ele><time>2025-09-19T20:04:03Z</time></trkpt><trkpt lat="37.466853" lon="-83.917824"><ele>280.7</ele><time>2025-09-19T20:04:12Z</time></trkpt><trkpt lat="37.466726" lon="-83.917827"><ele>279.6</ele><time>2025-09-19T20:04:14Z</time></trkpt><trkpt lat="37.466496" lon="-83.917803"><ele>277.2</ele><time>2025-09-19T20:04:18Z</time></trkpt><trkpt lat="37.466411" lon="-83.917775"><ele>275.4</ele><time>2025-09-19T20:04:20Z</time></trkpt><trkpt lat="37.46629" lon="-83.917689"><ele>276.0</ele><time>2025-09-19T20:04:35Z</time></trkpt><trkpt lat="37.466211" lon="-83.91758"><ele>272.9</ele><time>2025-09-19T20:05:16Z</time></trkpt><trkpt lat="37.466051" lon="-83.917256"><ele>270.5</ele><time>2025-09-19T20:05:28Z</time></trkpt><trkpt lat="37.465946" lon="-83.917081"><ele>271.0</ele><time>2025-09-19T20:05:31Z</time></trkpt><trkpt lat="37.465865" lon="-83.916972"><ele>271.4</ele><time>2025-09-19T20:05:33Z</time></trkpt><trkpt lat="37.465688" lon="-83.916823"><ele>270.9</ele><time>2025-09-19T20:05:37Z</time></trkpt><trkpt lat="37.465552" lon="-83.916779"><ele>270.5</ele><time>2025-09-19T20:05:40Z</time></trkpt><trkpt lat="37.465421" lon="-83.916777"><ele>270.3</ele><time>2025-09-19T20:05:43Z</time></trkpt><trkpt lat="37.465303" lon="-83.916811"><ele>270.3</ele><time>2025-09-19T20:05:46Z</time></trkpt><trkpt lat="37.465174" lon="-83.916867"><ele>269.8</ele><time>2025-09-19T20:05:49Z</time></trkpt><trkpt lat="37.464995" lon="-83.916972"><ele>269.4</ele><time>2025-09-19T20:05:54Z</time></trkpt><trkpt lat="37.464838" lon="-83.91704"><ele>270.0</ele><time>2025-09-19T20:05:59Z</time></trkpt><trkpt lat="37.464373" lon="-83.917296"><ele>271.9</ele><time>2025-09-19T20:06:11Z</time></trkpt><trkpt lat="37.464308" lon="-83.917343"><ele>272.5</ele><time>2025-09-19T20:06:13Z</time></trkpt><trkpt lat="37.464256" lon="-83.917396"><ele>273.5</ele><time>2025-09-19T20:06:15Z</time></trkpt><trkpt lat="37.464163" lon="-83.917543"><ele>274.3</ele><time>2025-09-19T20:06:20Z</time></trkpt><trkpt lat="37.464129" lon="-83.917672"><ele>274.0</ele><time>2025-09-19T20:06:24Z</time></trkpt><trkpt lat="37.464141" lon="-83.918019"><ele>276.4</ele><time>2025-09-19T20:06:31Z</time></trkpt><trkpt lat="37.464146" lon="-83.918071"><ele>276.8</ele><time>2025-09-19T20:06:32Z</time></trkpt><trkpt lat="37.464164" lon="-83.918119"><ele>276.9</ele><time>2025-09-19T20:06:33Z</time></trkpt><trkpt lat="37.464233" lon="-83.91823"><ele>277.6</ele><time>2025-09-19T20:06:36Z</time></trkpt><trkpt lat="37.464556" lon="-83.918622"><ele>279.3</ele><time>2025-09-19T20:06:42Z</time></trkpt><trkpt lat="37.464779" lon="-83.918935"><ele>282.3</ele><time>2025-09-19T20:06:46Z</time></trkpt><trkpt lat="37.465013" lon="-83.919398"><ele>286.7</ele><time>2025-09-19T20:06:52Z</time></trkpt><trkpt lat="37.465082" lon="-83.919566"><ele>287.3</ele><time>2025-09-19T20:06:54Z</time></trkpt><trkpt lat="37.465129" lon="-83.919755"><ele>288.3</ele><time>2025-09-19T20:06:56Z</time></trkpt><trkpt lat="37.465184" lon="-83.920432"><ele>291.0</ele><time>2025-09-19T20:07:03Z</time></trkpt><trkpt lat="37.46527" lon="-83.920963"><ele>294.2</ele><time>2025-09-19T20:07:08Z</time></trkpt><trkpt lat="37.465327" lon="-83.921246"><ele>296.6</ele><time>2025-09-19T20:07:11Z</time></trkpt><trkpt lat="37.465487" lon="-83.922451"><ele>304.6</ele><time>2025-09-19T20:07:22Z</time></trkpt><trkpt lat="37.46551" lon="-83.922704"><ele>306.1</ele><time>2025-09-19T20:07:24Z</time></trkpt><trkpt lat="37.465506" lon="-83.922951"><ele>306.8</ele><time>2025-09-19T20:07:26Z</time></trkpt><trkpt lat="37.465446" lon="-83.923499"><ele>307.0</ele><time>2025-09-19T20:07:30Z</time></trkpt><trkpt lat="37.465352" lon="-83.923922"><ele>308.4</ele><time>2025-09-19T20:07:33Z</time></trkpt><trkpt lat="37.465277" lon="-83.924158"><ele>310.0</ele><time>2025-09-19T20:07:35Z</time></trkpt><trkpt lat="37.465028" lon="-83.924672"><ele>316.3</ele><time>2025-09-19T20:07:41Z</time></trkpt><trkpt lat="37.464864" lon="-83.924953"><ele>321.0</ele><time>2025-09-19T20:07:45Z</time></trkpt><trkpt lat="37.464806" lon="-83.925083"><ele>322.8</ele><time>2025-09-19T20:07:47Z</time></trkpt><trkpt lat="37.46478" lon="-83.925154"><ele>323.5</ele><time>2025-09-19T20:07:48Z</time></trkpt><trkpt lat="37.464695" lon="-83.925526"><ele>327.0</ele><time>2025-09-19T20:07:52Z</time></trkpt><trkpt lat="37.46463" lon="-83.925749"><ele>329.1</ele><time>2025-09-19T20:07:54Z</time></trkpt><trkpt lat="37.464582" lon="-83.92608"><ele>331.9</ele><time>2025-09-19T20:07:57Z</time></trkpt><trkpt lat="37.464578" lon="-83.926195"><ele>332.7</ele><time>2025-09-19T20:07:58Z</time></trkpt><trkpt lat="37.464582" lon="-83.926557"><ele>335.7</ele><time>2025-09-19T20:08:01Z</time></trkpt><trkpt lat="37.464601" lon="-83.926956"><ele>338.6</ele><time>2025-09-19T20:08:04Z</time></trkpt><trkpt lat="37.464595" lon="-83.927395"><ele>342.5</ele><time>2025-09-19T20:08:07Z</time></trkpt><trkpt lat="37.46458" lon="-83.92754"><ele>343.7</ele><time>2025-09-19T20:08:08Z</time></trkpt><trkpt lat="37.464511" lon="-83.927909"><ele>346.4</ele><time>2025-09-19T20:08:11Z</time></trkpt><trkpt lat="37.464471" lon="-83.928015"><ele>347.4</ele><time>2025-09-19T20:08:12Z</time></trkpt><trkpt lat="37.464418" lon="-83.928111"><ele>348.5</ele><time>2025-09-19T20:08:13Z</time></trkpt><trkpt lat="37.464207" lon="-83.928355"><ele>351.2</ele><time>2025-09-19T20:08:16Z</time></trkpt><trkpt lat="37.464002" lon="-83.928563"><ele>353.6</ele><time>2025-09-19T20:08:19Z</time></trkpt><trkpt lat="37.463674" lon="-83.928944"><ele>358.0</ele><time>2025-09-19T20:08:24Z</time></trkpt><trkpt lat="37.463498" lon="-83.929191"><ele>360.7</ele><time>2025-09-19T20:08:27Z</time></trkpt><trkpt lat="37.4634" lon="-83.929363"><ele>362.3</ele><time>2025-09-19T20:08:29Z</time></trkpt><trkpt lat="37.463312" lon="-83.929548"><ele>363.7</ele><time>2025-09-19T20:08:31Z</time></trkpt><trkpt lat="37.462938" lon="-83.930259"><ele>369.5</ele><time>2025-09-19T20:08:39Z</time></trkpt><trkpt lat="37.462229" lon="-83.931807"><ele>382.1</ele><time>2025-09-19T20:08:54Z</time></trkpt><trkpt lat="37.462188" lon="-83.931902"><ele>382.7</ele><time>2025-09-19T20:08:55Z</time></trkpt><trkpt lat="37.462123" lon="-83.932105"><ele>384.2</ele><time>2025-09-19T20:08:57Z</time></trkpt><trkpt lat="37.462103" lon="-83.932204"><ele>384.6</ele><time>2025-09-19T20:08:58Z</time></trkpt><trkpt lat="37.462078" lon="-83.932409"><ele>385.8</ele><time>2025-09-19T20:09:00Z</time></trkpt><trkpt lat="37.462064" lon="-83.932634"><ele>387.9</ele><time>2025-09-19T20:09:02Z</time></trkpt><trkpt lat="37.46205" lon="-83.932982"><ele>390.7</ele><time>2025-09-19T20:09:05Z</time></trkpt><trkpt lat="37.462045" lon="-83.933983"><ele>398.4</ele><time>2025-09-19T20:09:13Z</time></trkpt><trkpt lat="37.462031" lon="-83.934254"><ele>401.0</ele><time>2025-09-19T20:09:15Z</time></trkpt><trkpt lat="37.46199" lon="-83.934718"><ele>405.4</ele><time>2025-09-19T20:09:19Z</time></trkpt><trkpt lat="37.461989" lon="-83.93483"><ele>406.3</ele><time>2025-09-19T20:09:20Z</time></trkpt><trkpt lat="37.462021" lon="-83.935329"><ele>407.5</ele><time>2025-09-19T20:09:24Z</time></trkpt><trkpt lat="37.462161" lon="-83.936479"><ele>406.6</ele><time>2025-09-19T20:09:32Z</time></trkpt><trkpt lat="37.462175" lon="-83.936761"><ele>406.7</ele><time>2025-09-19T20:09:34Z</time></trkpt><trkpt lat="37.462155" lon="-83.937012"><ele>406.8</ele><time>2025-09-19T20:09:36Z</time></trkpt><trkpt lat="37.462094" lon="-83.937243"><ele>406.9</ele><time>2025-09-19T20:09:38Z</time></trkpt><trkpt lat="37.462046" lon="-83.937352"><ele>407.1</ele><time>2025-09-19T20:09:39Z</time></trkpt><trkpt lat="37.46176" lon="-83.937807"><ele>408.5</ele><time>2025-09-19T20:09:44Z</time></trkpt><trkpt lat="37.461618" lon="-83.938076"><ele>410.7</ele><time>2025-09-19T20:09:47Z</time></trkpt><trkpt lat="37.461582" lon="-83.938174"><ele>411.5</ele><time>2025-09-19T20:09:48Z</time></trkpt><trkpt lat="37.461501" lon="-83.938495"><ele>413.4</ele><time>2025-09-19T20:09:51Z</time></trkpt><trkpt lat="37.46147" lon="-83.938736"><ele>415.5</ele><time>2025-09-19T20:09:53Z</time></trkpt><trkpt lat="37.461405" lon="-83.940022"><ele>416.7</ele><time>2025-09-19T20:10:03Z</time></trkpt><trkpt lat="37.46141" lon="-83.940293"><ele>417.4</ele><time>2025-09-19T20:10:05Z</time></trkpt><trkpt lat="37.461446" lon="-83.940574"><ele>417.4</ele><time>2025-09-19T20:10:07Z</time></trkpt><trkpt lat="37.461659" lon="-83.941458"><ele>419.0</ele><time>2025-09-19T20:10:13Z</time></trkpt><trkpt lat="37.461694" lon="-83.94171"><ele>419.5</ele><time>2025-09-19T20:10:15Z</time></trkpt><trkpt lat="37.46168" lon="-83.941961"><ele>417.6</ele><time>2025-09-19T20:10:17Z</time></trkpt><trkpt lat="37.461626" lon="-83.942233"><ele>415.5</ele><time>2025-09-19T20:10:19Z</time></trkpt><trkpt lat="37.461584" lon="-83.94237"><ele>414.6</ele><time>2025-09-19T20:10:20Z</time></trkpt><trkpt lat="37.461521" lon="-83.942499"><ele>414.0</ele><time>2025-09-19T20:10:21Z</time></trkpt><trkpt lat="37.461445" lon="-83.942614"><ele>413.6</ele><time>2025-09-19T20:10:22Z</time></trkpt><trkpt lat="37.461359" lon="-83.942722"><ele>413.4</ele><time>2025-09-19T20:10:23Z</time></trkpt><trkpt lat="37.46115" lon="-83.942918"><ele>413.2</ele><time>2025-09-19T20:10:25Z</time></trkpt><trkpt lat="37.460788" lon="-83.943167"><ele>410.9</ele><time>2025-09-19T20:10:28Z</time></trkpt><trkpt lat="37.460421" lon="-83.943389"><ele>408.8</ele><time>2025-09-19T20:10:31Z</time></trkpt><trkpt lat="37.459735" lon="-83.943833"><ele>409.0</ele><time>2025-09-19T20:10:37Z</time></trkpt><trkpt lat="37.459537" lon="-83.943985"><ele>409.8</ele><time>2025-09-19T20:10:39Z</time></trkpt><trkpt lat="37.459444" lon="-83.944076"><ele>410.3</ele><time>2025-09-19T20:10:40Z</time></trkpt><trkpt lat="37.459277" lon="-83.944285"><ele>411.5</ele><time>2025-09-19T20:10:42Z</time></trkpt><trkpt lat="37.459151" lon="-83.944511"><ele>414.1</ele><time>2025-09-19T20:10:44Z</time></trkpt><trkpt lat="37.458668" lon="-83.945486"><ele>411.7</ele><time>2025-09-19T20:10:52Z</time></trkpt><trkpt lat="37.458292" lon="-83.94618"><ele>411.7</ele><time>2025-09-19T20:10:57Z</time></trkpt><trkpt lat="37.458224" lon="-83.946294"><ele>411.6</ele><time>2025-09-19T20:10:58Z</time></trkpt><trkpt lat="37.458148" lon="-83.946395"><ele>411.9</ele><time>2025-09-19T20:10:59Z</time></trkpt><trkpt lat="37.457973" lon="-83.94658"><ele>412.7</ele><time>2025-09-19T20:11:01Z</time></trkpt><trkpt lat="37.457756" lon="-83.946733"><ele>412.6</ele><time>2025-09-19T20:11:03Z</time></trkpt><trkpt lat="37.457503" lon="-83.946883"><ele>411.5</ele><time>2025-09-19T20:11:05Z</time></trkpt><trkpt lat="37.457105" lon="-83.947107"><ele>411.0</ele><time>2025-09-19T20:11:08Z</time></trkpt><trkpt lat="37.456838" lon="-83.947236"><ele>411.9</ele><time>2025-09-19T20:11:10Z</time></trkpt><trkpt lat="37.456583" lon="-83.947315"><ele>412.5</ele><time>2025-09-19T20:11:12Z</time></trkpt><trkpt lat="37.456133" lon="-83.947377"><ele>415.4</ele><time>2025-09-19T20:11:17Z</time></trkpt><trkpt lat="37.455903" lon="-83.947427"><ele>415.0</ele><time>2025-09-19T20:11:20Z</time></trkpt><trkpt lat="37.45543" lon="-83.947603"><ele>412.1</ele><time>2025-09-19T20:11:25Z</time></trkpt><trkpt lat="37.455218" lon="-83.947692"><ele>411.0</ele><time>2025-09-19T20:11:27Z</time></trkpt><trkpt lat="37.455112" lon="-83.947744"><ele>410.5</ele><time>2025-09-19T20:11:28Z</time></trkpt><trkpt lat="37.454918" lon="-83.947878"><ele>410.8</ele><time>2025-09-19T20:11:30Z</time></trkpt><trkpt lat="37.454831" lon="-83.947969"><ele>411.1</ele><time>2025-09-19T20:11:31Z</time></trkpt><trkpt lat="37.454753" lon="-83.948076"><ele>411.8</ele><time>2025-09-19T20:11:32Z</time></trkpt><trkpt lat="37.454688" lon="-83.948197"><ele>412.7</ele><time>2025-09-19T20:11:33Z</time></trkpt><trkpt lat="37.454356" lon="-83.948944"><ele>415.9</ele><time>2025-09-19T20:11:39Z</time></trkpt><trkpt lat="37.454251" lon="-83.949211"><ele>415.1</ele><time>2025-09-19T20:11:41Z</time></trkpt><trkpt lat="37.45421" lon="-83.949351"><ele>415.1</ele><time>2025-09-19T20:11:42Z</time></trkpt><trkpt lat="37.454164" lon="-83.949628"><ele>415.5</ele><time>2025-09-19T20:11:44Z</time></trkpt><trkpt lat="37.45416" lon="-83.949762"><ele>416.1</ele><time>2025-09-19T20:11:45Z</time></trkpt><trkpt lat="37.454191" lon="-83.949987"><ele>417.2</ele><time>2025-09-19T20:11:47Z</time></trkpt><trkpt lat="37.4549" lon="-83.952306"><ele>418.8</ele><time>2025-09-19T20:12:06Z</time></trkpt><trkpt lat="37.454992" lon="-83.952559"><ele>416.6</ele><time>2025-09-19T20:12:08Z</time></trkpt><trkpt lat="37.455849" lon="-83.954649"><ele>417.0</ele><time>2025-09-19T20:12:22Z</time></trkpt><trkpt lat="37.455888" lon="-83.954792"><ele>417.5</ele><time>2025-09-19T20:12:23Z</time></trkpt><trkpt lat="37.455912" lon="-83.954945"><ele>418.1</ele><time>2025-09-19T20:12:24Z</time></trkpt><trkpt lat="37.455923" lon="-83.955104"><ele>418.7</ele><time>2025-09-19T20:12:25Z</time></trkpt><trkpt lat="37.455935" lon="-83.955907"><ele>421.2</ele><time>2025-09-19T20:12:30Z</time></trkpt><trkpt lat="37.455976" lon="-83.956223"><ele>422.8</ele><time>2025-09-19T20:12:32Z</time></trkpt><trkpt lat="37.456052" lon="-83.956561"><ele>421.9</ele><time>2025-09-19T20:12:34Z</time></trkpt><trkpt lat="37.456103" lon="-83.956735"><ele>422.1</ele><time>2025-09-19T20:12:35Z</time></trkpt><trkpt lat="37.456284" lon="-83.95725"><ele>423.2</ele><time>2025-09-19T20:12:38Z</time></trkpt><trkpt lat="37.456437" lon="-83.957753"><ele>423.6</ele><time>2025-09-19T20:12:41Z</time></trkpt><trkpt lat="37.456468" lon="-83.957919"><ele>424.1</ele><time>2025-09-19T20:12:42Z</time></trkpt><trkpt lat="37.456535" lon="-83.958514"><ele>424.5</ele><time>2025-09-19T20:12:46Z</time></trkpt><trkpt lat="37.456559" lon="-83.958637"><ele>424.9</ele><time>2025-09-19T20:12:47Z</time></trkpt><trkpt lat="37.456599" lon="-83.958753"><ele>425.0</ele><time>2025-09-19T20:12:48Z</time></trkpt><trkpt lat="37.45665" lon="-83.958853"><ele>425.2</ele><time>2025-09-19T20:12:49Z</time></trkpt><trkpt lat="37.456779" lon="-83.959018"><ele>425.8</ele><time>2025-09-19T20:12:51Z</time></trkpt><trkpt lat="37.457029" lon="-83.959296"><ele>426.3</ele><time>2025-09-19T20:12:56Z</time></trkpt><trkpt lat="37.457064" lon="-83.959349"><ele>426.5</ele><time>2025-09-19T20:12:57Z</time></trkpt><trkpt lat="37.457123" lon="-83.959507"><ele>426.4</ele><time>2025-09-19T20:12:59Z</time></trkpt><trkpt lat="37.457145" lon="-83.959607"><ele>426.5</ele><time>2025-09-19T20:13:00Z</time></trkpt><trkpt lat="37.457155" lon="-83.959714"><ele>426.6</ele><time>2025-09-19T20:13:01Z</time></trkpt><trkpt lat="37.457177" lon="-83.960222"><ele>428.8</ele><time>2025-09-19T20:13:05Z</time></trkpt><trkpt lat="37.457155" lon="-83.960504"><ele>429.5</ele><time>2025-09-19T20:13:07Z</time></trkpt><trkpt lat="37.457125" lon="-83.960643"><ele>429.7</ele><time>2025-09-19T20:13:08Z</time></trkpt><trkpt lat="37.457083" lon="-83.960778"><ele>429.3</ele><time>2025-09-19T20:13:09Z</time></trkpt><trkpt lat="37.457024" lon="-83.960904"><ele>428.5</ele><time>2025-09-19T20:13:10Z</time></trkpt><trkpt lat="37.456947" lon="-83.961012"><ele>428.3</ele><time>2025-09-19T20:13:11Z</time></trkpt><trkpt lat="37.456851" lon="-83.961106"><ele>428.4</ele><time>2025-09-19T20:13:12Z</time></trkpt><trkpt lat="37.456738" lon="-83.961184"><ele>428.3</ele><time>2025-09-19T20:13:13Z</time></trkpt><trkpt lat="37.455114" lon="-83.9622"><ele>428.2</ele><time>2025-09-19T20:13:27Z</time></trkpt><trkpt lat="37.455058" lon="-83.962244"><ele>427.8</ele><time>2025-09-19T20:13:28Z</time></trkpt><trkpt lat="37.455016" lon="-83.962304"><ele>427.2</ele><time>2025-09-19T20:13:29Z</time></trkpt><trkpt lat="37.454998" lon="-83.962383"><ele>426.1</ele><time>2025-09-19T20:13:30Z</time></trkpt><trkpt lat="37.455008" lon="-83.962468"><ele>425.6</ele><time>2025-09-19T20:13:31Z</time></trkpt><trkpt lat="37.455049" lon="-83.962538"><ele>425.2</ele><time>2025-09-19T20:13:32Z</time></trkpt><trkpt lat="37.455102" lon="-83.962584"><ele>424.7</ele><time>2025-09-19T20:13:33Z</time></trkpt><trkpt lat="37.455218" lon="-83.96263"><ele>422.0</ele><time>2025-09-19T20:13:38Z</time></trkpt><trkpt lat="37.455441" lon="-83.962771"><ele>420.6</ele><time>2025-09-19T20:13:43Z</time></trkpt><trkpt lat="37.45556" lon="-83.962885"><ele>420.1</ele><time>2025-09-19T20:13:45Z</time></trkpt><trkpt lat="37.455659" lon="-83.963032"><ele>420.1</ele><time>2025-09-19T20:13:47Z</time></trkpt><trkpt lat="37.455772" lon="-83.96333"><ele>419.5</ele><time>2025-09-19T20:13:50Z</time></trkpt><trkpt lat="37.455873" lon="-83.963705"><ele>420.2</ele><time>2025-09-19T20:13:53Z</time></trkpt><trkpt lat="37.455916" lon="-83.963965"><ele>421.8</ele><time>2025-09-19T20:13:55Z</time></trkpt><trkpt lat="37.455994" lon="-83.964604"><ele>421.4</ele><time>2025-09-19T20:14:00Z</time></trkpt><trkpt lat="37.456033" lon="-83.964732"><ele>421.0</ele><time>2025-09-19T20:14:01Z</time></trkpt><trkpt lat="37.45609" lon="-83.964849"><ele>420.5</ele><time>2025-09-19T20:14:02Z</time></trkpt><trkpt lat="37.456163" lon="-83.964958"><ele>420.5</ele><time>2025-09-19T20:14:03Z</time></trkpt><trkpt lat="37.456412" lon="-83.965234"><ele>420.2</ele><time>2025-09-19T20:14:06Z</time></trkpt><trkpt lat="37.456579" lon="-83.965387"><ele>420.9</ele><time>2025-09-19T20:14:08Z</time></trkpt><trkpt lat="37.456763" lon="-83.965497"><ele>422.3</ele><time>2025-09-19T20:14:10Z</time></trkpt><trkpt lat="37.457055" lon="-83.965618"><ele>423.7</ele><time>2025-09-19T20:14:13Z</time></trkpt><trkpt lat="37.457799" lon="-83.965873"><ele>420.4</ele><time>2025-09-19T20:14:20Z</time></trkpt><trkpt lat="37.458049" lon="-83.965996"><ele>419.5</ele><time>2025-09-19T20:14:22Z</time></trkpt><trkpt lat="37.458303" lon="-83.966156"><ele>418.2</ele><time>2025-09-19T20:14:24Z</time></trkpt><trkpt lat="37.458776" lon="-83.966497"><ele>421.9</ele><time>2025-09-19T20:14:28Z</time></trkpt><trkpt lat="37.45904" lon="-83.966712"><ele>425.5</ele><time>2025-09-19T20:14:31Z</time></trkpt><trkpt lat="37.459298" lon="-83.966966"><ele>424.1</ele><time>2025-09-19T20:14:34Z</time></trkpt><trkpt lat="37.46006" lon="-83.967752"><ele>425.4</ele><time>2025-09-19T20:14:42Z</time></trkpt><trkpt lat="37.460191" lon="-83.967854"><ele>425.4</ele><time>2025-09-19T20:14:44Z</time></trkpt><trkpt lat="37.460331" lon="-83.967936"><ele>424.0</ele><time>2025-09-19T20:14:47Z</time></trkpt><trkpt lat="37.460431" lon="-83.968008"><ele>424.2</ele><time>2025-09-19T20:14:53Z</time></trkpt><trkpt lat="37.460556" lon="-83.968159"><ele>424.1</ele><time>2025-09-19T20:14:56Z</time></trkpt><trkpt lat="37.460701" lon="-83.968377"><ele>423.9</ele><time>2025-09-19T20:14:59Z</time></trkpt><trkpt lat="37.460805" lon="-83.968572"><ele>424.6</ele><time>2025-09-19T20:15:01Z</time></trkpt><trkpt lat="37.461017" lon="-83.969078"><ele>425.0</ele><time>2025-09-19T20:15:05Z</time></trkpt><trkpt lat="37.46133" lon="-83.969913"><ele>426.7</ele><time>2025-09-19T20:15:11Z</time></trkpt><trkpt lat="37.461422" lon="-83.970228"><ele>427.2</ele><time>2025-09-19T20:15:13Z</time></trkpt><trkpt lat="37.461446" lon="-83.970392"><ele>427.2</ele><time>2025-09-19T20:15:14Z</time></trkpt><trkpt lat="37.461451" lon="-83.970561"><ele>427.5</ele><time>2025-09-19T20:15:15Z</time></trkpt><trkpt lat="37.461432" lon="-83.971052"><ele>427.9</ele><time>2025-09-19T20:15:18Z</time></trkpt><trkpt lat="37.461446" lon="-83.971209"><ele>428.0</ele><time>2025-09-19T20:15:19Z</time></trkpt><trkpt lat="37.461477" lon="-83.971361"><ele>428.3</ele><time>2025-09-19T20:15:20Z</time></trkpt><trkpt lat="37.461521" lon="-83.971503"><ele>428.7</ele><time>2025-09-19T20:15:21Z</time></trkpt><trkpt lat="37.461576" lon="-83.971638"><ele>428.9</ele><time>2025-09-19T20:15:22Z</time></trkpt><trkpt lat="37.461642" lon="-83.971762"><ele>429.2</ele><time>2025-09-19T20:15:23Z</time></trkpt><trkpt lat="37.461721" lon="-83.97187"><ele>429.4</ele><time>2025-09-19T20:15:24Z</time></trkpt><trkpt lat="37.461812" lon="-83.971964"><ele>429.5</ele><time>2025-09-19T20:15:25Z</time></trkpt><trkpt lat="37.461915" lon="-83.972039"><ele>429.3</ele><time>2025-09-19T20:15:26Z</time></trkpt><trkpt lat="37.462024" lon="-83.972099"><ele>429.1</ele><time>2025-09-19T20:15:27Z</time></trkpt><trkpt lat="37.462138" lon="-83.972145"><ele>429.1</ele><time>2025-09-19T20:15:28Z</time></trkpt><trkpt lat="37.462258" lon="-83.972172"><ele>429.3</ele><time>2025-09-19T20:15:29Z</time></trkpt><trkpt lat="37.462382" lon="-83.972178"><ele>429.2</ele><time>2025-09-19T20:15:30Z</time></trkpt><trkpt lat="37.462509" lon="-83.972158"><ele>429.1</ele><time>2025-09-19T20:15:31Z</time></trkpt><trkpt lat="37.462634" lon="-83.972115"><ele>428.9</ele><time>2025-09-19T20:15:32Z</time></trkpt><trkpt lat="37.462756" lon="-83.972052"><ele>428.7</ele><time>2025-09-19T20:15:33Z</time></trkpt><trkpt lat="37.462877" lon="-83.971975"><ele>428.6</ele><time>2025-09-19T20:15:34Z</time></trkpt><trkpt lat="37.46376" lon="-83.971335"><ele>428.1</ele><time>2025-09-19T20:15:41Z</time></trkpt><trkpt lat="37.463888" lon="-83.971253"><ele>428.3</ele><time>2025-09-19T20:15:42Z</time></trkpt><trkpt lat="37.464019" lon="-83.971191"><ele>428.1</ele><time>2025-09-19T20:15:43Z</time></trkpt><trkpt lat="37.464152" lon="-83.971155"><ele>427.7</ele><time>2025-09-19T20:15:44Z</time></trkpt><trkpt lat="37.464432" lon="-83.971146"><ele>427.7</ele><time>2025-09-19T20:15:46Z</time></trkpt><trkpt lat="37.464803" lon="-83.97132"><ele>427.1</ele><time>2025-09-19T20:15:49Z</time></trkpt><trkpt lat="37.464929" lon="-83.971362"><ele>427.0</ele><time>2025-09-19T20:15:50Z</time></trkpt><trkpt lat="37.465059" lon="-83.971379"><ele>426.8</ele><time>2025-09-19T20:15:51Z</time></trkpt><trkpt lat="37.465312" lon="-83.971368"><ele>426.4</ele><time>2025-09-19T20:15:53Z</time></trkpt><trkpt lat="37.465828" lon="-83.971303"><ele>424.4</ele><time>2025-09-19T20:15:57Z</time></trkpt><trkpt lat="37.466119" lon="-83.97128"><ele>422.5</ele><time>2025-09-19T20:15:59Z</time></trkpt><trkpt lat="37.466277" lon="-83.971277"><ele>421.6</ele><time>2025-09-19T20:16:00Z</time></trkpt><trkpt lat="37.467622" lon="-83.971314"><ele>420.4</ele><time>2025-09-19T20:16:08Z</time></trkpt><trkpt lat="37.467965" lon="-83.971337"><ele>421.7</ele><time>2025-09-19T20:16:10Z</time></trkpt><trkpt lat="37.468639" lon="-83.971427"><ele>425.3</ele><time>2025-09-19T20:16:14Z</time></trkpt><trkpt lat="37.469749" lon="-83.97162"><ele>430.6</ele><time>2025-09-19T20:16:21Z</time></trkpt><trkpt lat="37.469907" lon="-83.971634"><ele>430.5</ele><time>2025-09-19T20:16:22Z</time></trkpt><trkpt lat="37.470068" lon="-83.971636"><ele>430.3</ele><time>2025-09-19T20:16:23Z</time></trkpt><trkpt lat="37.470234" lon="-83.971615"><ele>429.9</ele><time>2025-09-19T20:16:24Z</time></trkpt><trkpt lat="37.4704" lon="-83.971569"><ele>429.2</ele><time>2025-09-19T20:16:25Z</time></trkpt><trkpt lat="37.471076" lon="-83.971241"><ele>426.8</ele><time>2025-09-19T20:16:29Z</time></trkpt><trkpt lat="37.471253" lon="-83.971183"><ele>426.1</ele><time>2025-09-19T20:16:30Z</time></trkpt><trkpt lat="37.471428" lon="-83.971144"><ele>425.6</ele><time>2025-09-19T20:16:31Z</time></trkpt><trkpt lat="37.471608" lon="-83.971132"><ele>425.0</ele><time>2025-09-19T20:16:32Z</time></trkpt><trkpt lat="37.471785" lon="-83.971146"><ele>424.6</ele><time>2025-09-19T20:16:33Z</time></trkpt><trkpt lat="37.471958" lon="-83.971189"><ele>424.6</ele><time>2025-09-19T20:16:34Z</time></trkpt><trkpt lat="37.472127" lon="-83.971259"><ele>424.5</ele><time>2025-09-19T20:16:35Z</time></trkpt><trkpt lat="37.472288" lon="-83.971353"><ele>424.4</ele><time>2025-09-19T20:16:36Z</time></trkpt><trkpt lat="37.472441" lon="-83.971461"><ele>424.3</ele><time>2025-09-19T20:16:37Z</time></trkpt><trkpt lat="37.472587" lon="-83.971584"><ele>424.6</ele><time>2025-09-19T20:16:38Z</time></trkpt><trkpt lat="37.472724" lon="-83.971719"><ele>424.9</ele><time>2025-09-19T20:16:39Z</time></trkpt><trkpt lat="37.473665" lon="-83.972749"><ele>425.7</ele><time>2025-09-19T20:16:46Z</time></trkpt><trkpt lat="37.47487" lon="-83.97411"><ele>426.5</ele><time>2025-09-19T20:16:55Z</time></trkpt><trkpt lat="37.475003" lon="-83.97423"><ele>427.3</ele><time>2025-09-19T20:16:56Z</time></trkpt><trkpt lat="37.475139" lon="-83.974325"><ele>428.0</ele><time>2025-09-19T20:16:57Z</time></trkpt><trkpt lat="37.475278" lon="-83.97438"><ele>429.0</ele><time>2025-09-19T20:16:57Z</time></trkpt><trkpt lat="37.475421" lon="-83.974396"><ele>430.0</ele><time>2025-09-19T20:16:58Z</time></trkpt><trkpt lat="37.47556" lon="-83.974386"><ele>430.8</ele><time>2025-09-19T20:16:59Z</time></trkpt><trkpt lat="37.475697" lon="-83.974345"><ele>431.5</ele><time>2025-09-19T20:17:00Z</time></trkpt><trkpt lat="37.47583" lon="-83.974277"><ele>431.9</ele><time>2025-09-19T20:17:01Z</time></trkpt><trkpt lat="37.477148" lon="-83.973485"><ele>433.9</ele><time>2025-09-19T20:17:10Z</time></trkpt><trkpt lat="37.477284" lon="-83.973409"><ele>434.2</ele><time>2025-09-19T20:17:11Z</time></trkpt><trkpt lat="37.477415" lon="-83.973355"><ele>434.2</ele><time>2025-09-19T20:17:12Z</time></trkpt><trkpt lat="37.47755" lon="-83.973323"><ele>433.7</ele><time>2025-09-19T20:17:13Z</time></trkpt><trkpt lat="37.477687" lon="-83.973314"><ele>433.1</ele><time>2025-09-19T20:17:14Z</time></trkpt><trkpt lat="37.477824" lon="-83.973335"><ele>432.5</ele><time>2025-09-19T20:17:15Z</time></trkpt><trkpt lat="37.477959" lon="-83.973387"><ele>431.9</ele><time>2025-09-19T20:17:16Z</time></trkpt><trkpt lat="37.478089" lon="-83.973471"><ele>431.2</ele><time>2025-09-19T20:17:17Z</time></trkpt><trkpt lat="37.478204" lon="-83.97358"><ele>430.5</ele><time>2025-09-19T20:17:18Z</time></trkpt><trkpt lat="37.478306" lon="-83.973718"><ele>430.2</ele><time>2025-09-19T20:17:19Z</time></trkpt><trkpt lat="37.47838" lon="-83.97387"><ele>429.3</ele><time>2025-09-19T20:17:20Z</time></trkpt><trkpt lat="37.478427" lon="-83.974044"><ele>429.0</ele><time>2025-09-19T20:17:22Z</time></trkpt><trkpt lat="37.47845" lon="-83.974231"><ele>428.6</ele><time>2025-09-19T20:17:23Z</time></trkpt><trkpt lat="37.478458" lon="-83.974422"><ele>428.1</ele><time>2025-09-19T20:17:24Z</time></trkpt><trkpt lat="37.478443" lon="-83.975009"><ele>426.0</ele><time>2025-09-19T20:17:27Z</time></trkpt><trkpt lat="37.478443" lon="-83.975618"><ele>426.5</ele><time>2025-09-19T20:17:30Z</time></trkpt><trkpt lat="37.478472" lon="-83.976001"><ele>427.6</ele><time>2025-09-19T20:17:32Z</time></trkpt><trkpt lat="37.478533" lon="-83.976379"><ele>429.8</ele><time>2025-09-19T20:17:34Z</time></trkpt><trkpt lat="37.478614" lon="-83.976754"><ele>431.2</ele><time>2025-09-19T20:17:36Z</time></trkpt><trkpt lat="37.478678" lon="-83.976938"><ele>432.0</ele><time>2025-09-19T20:17:37Z</time></trkpt><trkpt lat="37.478725" lon="-83.977125"><ele>432.7</ele><time>2025-09-19T20:17:38Z</time></trkpt><trkpt lat="37.478951" lon="-83.978163"><ele>433.7</ele><time>2025-09-19T20:17:43Z</time></trkpt><trkpt lat="37.479111" lon="-83.978814"><ele>434.3</ele><time>2025-09-19T20:17:46Z</time></trkpt><trkpt lat="37.479252" lon="-83.979452"><ele>437.1</ele><time>2025-09-19T20:17:49Z</time></trkpt><trkpt lat="37.479283" lon="-83.979655"><ele>438.3</ele><time>2025-09-19T20:17:50Z</time></trkpt><trkpt lat="37.479291" lon="-83.979857"><ele>439.6</ele><time>2025-09-19T20:17:51Z</time></trkpt><trkpt lat="37.479281" lon="-83.980074"><ele>440.3</ele><time>2025-09-19T20:17:52Z</time></trkpt><trkpt lat="37.479259" lon="-83.980286"><ele>440.9</ele><time>2025-09-19T20:17:53Z</time></trkpt><trkpt lat="37.479217" lon="-83.980498"><ele>441.2</ele><time>2025-09-19T20:17:54Z</time></trkpt><trkpt lat="37.479156" lon="-83.980698"><ele>441.1</ele><time>2025-09-19T20:17:55Z</time></trkpt><trkpt lat="37.479081" lon="-83.980887"><ele>441.0</ele><time>2025-09-19T20:17:56Z</time></trkpt><trkpt lat="37.478992" lon="-83.981067"><ele>440.7</ele><time>2025-09-19T20:17:57Z</time></trkpt><trkpt lat="37.478889" lon="-83.981236"><ele>440.5</ele><time>2025-09-19T20:17:58Z</time></trkpt><trkpt lat="37.478769" lon="-83.981393"><ele>439.8</ele><time>2025-09-19T20:17:59Z</time></trkpt><trkpt lat="37.478632" lon="-83.981529"><ele>439.5</ele><time>2025-09-19T20:18:00Z</time></trkpt><trkpt lat="37.478487" lon="-83.981647"><ele>439.3</ele><time>2025-09-19T20:18:01Z</time></trkpt><trkpt lat="37.47711" lon="-83.982617"><ele>441.8</ele><time>2025-09-19T20:18:10Z</time></trkpt><trkpt lat="37.476822" lon="-83.982837"><ele>441.4</ele><time>2025-09-19T20:18:12Z</time></trkpt><trkpt lat="37.476691" lon="-83.982972"><ele>441.1</ele><time>2025-09-19T20:18:13Z</time></trkpt><trkpt lat="37.476574" lon="-83.983127"><ele>440.5</ele><time>2025-09-19T20:18:14Z</time></trkpt><trkpt lat="37.476472" lon="-83.983297"><ele>439.5</ele><time>2025-09-19T20:18:15Z</time></trkpt><trkpt lat="37.476384" lon="-83.983486"><ele>438.4</ele><time>2025-09-19T20:18:16Z</time></trkpt><trkpt lat="37.476311" lon="-83.983684"><ele>437.3</ele><time>2025-09-19T20:18:17Z</time></trkpt><trkpt lat="37.476258" lon="-83.983888"><ele>436.7</ele><time>2025-09-19T20:18:18Z</time></trkpt><trkpt lat="37.476221" lon="-83.984095"><ele>436.7</ele><time>2025-09-19T20:18:19Z</time></trkpt><trkpt lat="37.476206" lon="-83.984302"><ele>437.1</ele><time>2025-09-19T20:18:20Z</time></trkpt><trkpt lat="37.476208" lon="-83.984502"><ele>437.8</ele><time>2025-09-19T20:18:21Z</time></trkpt><trkpt lat="37.476227" lon="-83.9847"><ele>437.9</ele><time>2025-09-19T20:18:22Z</time></trkpt><trkpt lat="37.476262" lon="-83.984902"><ele>438.6</ele><time>2025-09-19T20:18:23Z</time></trkpt><trkpt lat="37.476314" lon="-83.985094"><ele>438.7</ele><time>2025-09-19T20:18:24Z</time></trkpt><trkpt lat="37.476747" lon="-83.986285"><ele>436.5</ele><time>2025-09-19T20:18:30Z</time></trkpt><trkpt lat="37.476869" lon="-83.986693"><ele>435.2</ele><time>2025-09-19T20:18:32Z</time></trkpt><trkpt lat="37.476915" lon="-83.986904"><ele>434.9</ele><time>2025-09-19T20:18:33Z</time></trkpt><trkpt lat="37.477008" lon="-83.987562"><ele>433.6</ele><time>2025-09-19T20:18:36Z</time></trkpt><trkpt lat="37.477257" lon="-83.990092"><ele>440.0</ele><time>2025-09-19T20:18:48Z</time></trkpt><trkpt lat="37.477353" lon="-83.990928"><ele>442.9</ele><time>2025-09-19T20:18:52Z</time></trkpt><trkpt lat="37.477438" lon="-83.991352"><ele>443.9</ele><time>2025-09-19T20:18:54Z</time></trkpt><trkpt lat="37.477503" lon="-83.991554"><ele>444.2</ele><time>2025-09-19T20:18:55Z</time></trkpt><trkpt lat="37.477595" lon="-83.99175"><ele>444.4</ele><time>2025-09-19T20:18:56Z</time></trkpt><trkpt lat="37.4777" lon="-83.991939"><ele>444.4</ele><time>2025-09-19T20:18:57Z</time></trkpt><trkpt lat="37.477821" lon="-83.992099"><ele>444.1</ele><time>2025-09-19T20:18:58Z</time></trkpt><trkpt lat="37.47796" lon="-83.992241"><ele>443.6</ele><time>2025-09-19T20:18:59Z</time></trkpt><trkpt lat="37.478115" lon="-83.992367"><ele>443.1</ele><time>2025-09-19T20:19:00Z</time></trkpt><trkpt lat="37.478285" lon="-83.992468"><ele>442.8</ele><time>2025-09-19T20:19:01Z</time></trkpt><trkpt lat="37.478464" lon="-83.992549"><ele>443.2</ele><time>2025-09-19T20:19:02Z</time></trkpt><trkpt lat="37.478654" lon="-83.9926"><ele>443.5</ele><time>2025-09-19T20:19:03Z</time></trkpt><trkpt lat="37.478849" lon="-83.992623"><ele>443.6</ele><time>2025-09-19T20:19:03Z</time></trkpt><trkpt lat="37.479042" lon="-83.992624"><ele>443.8</ele><time>2025-09-19T20:19:04Z</time></trkpt><trkpt lat="37.480327" lon="-83.992551"><ele>444.5</ele><time>2025-09-19T20:19:11Z</time></trkpt><trkpt lat="37.480674" lon="-83.992555"><ele>444.0</ele><time>2025-09-19T20:19:13Z</time></trkpt><trkpt lat="37.480853" lon="-83.992572"><ele>443.4</ele><time>2025-09-19T20:19:14Z</time></trkpt><trkpt lat="37.481038" lon="-83.992609"><ele>443.0</ele><time>2025-09-19T20:19:15Z</time></trkpt><trkpt lat="37.481217" lon="-83.992654"><ele>442.6</ele><time>2025-09-19T20:19:16Z</time></trkpt><trkpt lat="37.481397" lon="-83.992712"><ele>442.1</ele><time>2025-09-19T20:19:17Z</time></trkpt><trkpt lat="37.481921" lon="-83.992914"><ele>440.9</ele><time>2025-09-19T20:19:20Z</time></trkpt><trkpt lat="37.482087" lon="-83.992994"><ele>441.2</ele><time>2025-09-19T20:19:21Z</time></trkpt><trkpt lat="37.482254" lon="-83.993089"><ele>441.8</ele><time>2025-09-19T20:19:22Z</time></trkpt><trkpt lat="37.482555" lon="-83.993333"><ele>443.3</ele><time>2025-09-19T20:19:24Z</time></trkpt><trkpt lat="37.482976" lon="-83.993715"><ele>444.3</ele><time>2025-09-19T20:19:27Z</time></trkpt><trkpt lat="37.483262" lon="-83.993936"><ele>443.7</ele><time>2025-09-19T20:19:29Z</time></trkpt><trkpt lat="37.483706" lon="-83.994219"><ele>442.8</ele><time>2025-09-19T20:19:33Z</time></trkpt><trkpt lat="37.48386" lon="-83.994293"><ele>442.9</ele><time>2025-09-19T20:19:34Z</time></trkpt><trkpt lat="37.484016" lon="-83.994361"><ele>443.1</ele><time>2025-09-19T20:19:35Z</time></trkpt><trkpt lat="37.48434" lon="-83.99447"><ele>443.6</ele><time>2025-09-19T20:19:37Z</time></trkpt><trkpt lat="37.485002" lon="-83.994645"><ele>443.9</ele><time>2025-09-19T20:19:41Z</time></trkpt><trkpt lat="37.486158" lon="-83.99498"><ele>445.2</ele><time>2025-09-19T20:19:48Z</time></trkpt><trkpt lat="37.486466" lon="-83.995084"><ele>445.2</ele><time>2025-09-19T20:19:50Z</time></trkpt><trkpt lat="37.486606" lon="-83.995153"><ele>444.8</ele><time>2025-09-19T20:19:51Z</time></trkpt><trkpt lat="37.486735" lon="-83.995231"><ele>444.7</ele><time>2025-09-19T20:19:52Z</time></trkpt><trkpt lat="37.48685" lon="-83.995334"><ele>444.7</ele><time>2025-09-19T20:19:53Z</time></trkpt><trkpt lat="37.48695" lon="-83.995457"><ele>444.3</ele><time>2025-09-19T20:19:54Z</time></trkpt><trkpt lat="37.487042" lon="-83.995599"><ele>443.8</ele><time>2025-09-19T20:19:55Z</time></trkpt><trkpt lat="37.48712" lon="-83.995753"><ele>443.4</ele><time>2025-09-19T20:19:56Z</time></trkpt><trkpt lat="37.487185" lon="-83.99592"><ele>443.3</ele><time>2025-09-19T20:19:57Z</time></trkpt><trkpt lat="37.487237" lon="-83.996093"><ele>443.3</ele><time>2025-09-19T20:19:58Z</time></trkpt><trkpt lat="37.487272" lon="-83.996268"><ele>443.0</ele><time>2025-09-19T20:19:59Z</time></trkpt><trkpt lat="37.487376" lon="-83.996993"><ele>442.4</ele><time>2025-09-19T20:20:03Z</time></trkpt><trkpt lat="37.487415" lon="-83.997168"><ele>442.6</ele><time>2025-09-19T20:20:04Z</time></trkpt><trkpt lat="37.487468" lon="-83.997329"><ele>443.1</ele><time>2025-09-19T20:20:05Z</time></trkpt><trkpt lat="37.487617" lon="-83.997626"><ele>443.6</ele><time>2025-09-19T20:20:07Z</time></trkpt><trkpt lat="37.487712" lon="-83.997767"><ele>443.4</ele><time>2025-09-19T20:20:08Z</time></trkpt><trkpt lat="37.487818" lon="-83.997898"><ele>442.9</ele><time>2025-09-19T20:20:09Z</time></trkpt><trkpt lat="37.487936" lon="-83.998015"><ele>442.9</ele><time>2025-09-19T20:20:10Z</time></trkpt><trkpt lat="37.488065" lon="-83.998111"><ele>443.1</ele><time>2025-09-19T20:20:11Z</time></trkpt><trkpt lat="37.488663" lon="-83.998413"><ele>442.3</ele><time>2025-09-19T20:20:15Z</time></trkpt><trkpt lat="37.489314" lon="-83.998775"><ele>441.1</ele><time>2025-09-19T20:20:19Z</time></trkpt><trkpt lat="37.489486" lon="-83.998844"><ele>440.9</ele><time>2025-09-19T20:20:20Z</time></trkpt><trkpt lat="37.489666" lon="-83.998887"><ele>440.6</ele><time>2025-09-19T20:20:21Z</time></trkpt><trkpt lat="37.489843" lon="-83.9989"><ele>441.0</ele><time>2025-09-19T20:20:22Z</time></trkpt><trkpt lat="37.49102" lon="-83.998864"><ele>442.6</ele><time>2025-09-19T20:20:29Z</time></trkpt><trkpt lat="37.491163" lon="-83.998844"><ele>441.8</ele><time>2025-09-19T20:20:30Z</time></trkpt><trkpt lat="37.491291" lon="-83.998795"><ele>441.4</ele><time>2025-09-19T20:20:31Z</time></trkpt><trkpt lat="37.491407" lon="-83.998715"><ele>441.2</ele><time>2025-09-19T20:20:32Z</time></trkpt><trkpt lat="37.491508" lon="-83.998613"><ele>441.9</ele><time>2025-09-19T20:20:33Z</time></trkpt><trkpt lat="37.491597" lon="-83.998489"><ele>443.1</ele><time>2025-09-19T20:20:34Z</time></trkpt><trkpt lat="37.491672" lon="-83.998344"><ele>444.4</ele><time>2025-09-19T20:20:35Z</time></trkpt><trkpt lat="37.491781" lon="-83.998031"><ele>446.7</ele><time>2025-09-19T20:20:37Z</time></trkpt><trkpt lat="37.492063" lon="-83.996974"><ele>448.0</ele><time>2025-09-19T20:20:43Z</time></trkpt><trkpt lat="37.492294" lon="-83.996028"><ele>440.1</ele><time>2025-09-19T20:20:48Z</time></trkpt><trkpt lat="37.492344" lon="-83.995867"><ele>439.4</ele><time>2025-09-19T20:20:49Z</time></trkpt><trkpt lat="37.492403" lon="-83.995722"><ele>438.6</ele><time>2025-09-19T20:20:50Z</time></trkpt><trkpt lat="37.492476" lon="-83.995594"><ele>437.6</ele><time>2025-09-19T20:20:51Z</time></trkpt><trkpt lat="37.492556" lon="-83.99549"><ele>436.8</ele><time>2025-09-19T20:20:52Z</time></trkpt><trkpt lat="37.49265" lon="-83.995407"><ele>436.3</ele><time>2025-09-19T20:20:53Z</time></trkpt><trkpt lat="37.492769" lon="-83.995351"><ele>435.9</ele><time>2025-09-19T20:20:54Z</time></trkpt><trkpt lat="37.49287" lon="-83.995334"><ele>434.1</ele><time>2025-09-19T20:20:55Z</time></trkpt><trkpt lat="37.492993" lon="-83.995353"><ele>433.2</ele><time>2025-09-19T20:20:56Z</time></trkpt><trkpt lat="37.493416" lon="-83.995484"><ele>430.3</ele><time>2025-09-19T20:20:59Z</time></trkpt><trkpt lat="37.493565" lon="-83.995499"><ele>429.5</ele><time>2025-09-19T20:21:00Z</time></trkpt><trkpt lat="37.493708" lon="-83.995497"><ele>428.4</ele><time>2025-09-19T20:21:01Z</time></trkpt><trkpt lat="37.494026" lon="-83.995456"><ele>424.0</ele><time>2025-09-19T20:21:03Z</time></trkpt><trkpt lat="37.494197" lon="-83.995418"><ele>421.7</ele><time>2025-09-19T20:21:04Z</time></trkpt><trkpt lat="37.494377" lon="-83.995362"><ele>419.9</ele><time>2025-09-19T20:21:05Z</time></trkpt><trkpt lat="37.495493" lon="-83.994932"><ele>418.7</ele><time>2025-09-19T20:21:10Z</time></trkpt><trkpt lat="37.496319" lon="-83.99465"><ele>419.0</ele><time>2025-09-19T20:21:15Z</time></trkpt><trkpt lat="37.496772" lon="-83.994407"><ele>414.7</ele><time>2025-09-19T20:21:19Z</time></trkpt><trkpt lat="37.496921" lon="-83.99434"><ele>413.7</ele><time>2025-09-19T20:21:20Z</time></trkpt><trkpt lat="37.497204" lon="-83.994237"><ele>412.5</ele><time>2025-09-19T20:21:22Z</time></trkpt><trkpt lat="37.497333" lon="-83.994172"><ele>411.7</ele><time>2025-09-19T20:21:23Z</time></trkpt><trkpt lat="37.497452" lon="-83.99408"><ele>410.6</ele><time>2025-09-19T20:21:24Z</time></trkpt><trkpt lat="37.497552" lon="-83.993982"><ele>409.9</ele><time>2025-09-19T20:21:25Z</time></trkpt><trkpt lat="37.497715" lon="-83.993772"><ele>406.6</ele><time>2025-09-19T20:21:27Z</time></trkpt><trkpt lat="37.497805" lon="-83.993685"><ele>404.6</ele><time>2025-09-19T20:21:28Z</time></trkpt><trkpt lat="37.497907" lon="-83.993613"><ele>402.5</ele><time>2025-09-19T20:21:29Z</time></trkpt><trkpt lat="37.498021" lon="-83.99357"><ele>400.5</ele><time>2025-09-19T20:21:30Z</time></trkpt><trkpt lat="37.498141" lon="-83.99355"><ele>398.3</ele><time>2025-09-19T20:21:31Z</time></trkpt><trkpt lat="37.498282" lon="-83.993585"><ele>396.0</ele><time>2025-09-19T20:21:32Z</time></trkpt><trkpt lat="37.498421" lon="-83.993649"><ele>393.7</ele><time>2025-09-19T20:21:33Z</time></trkpt><trkpt lat="37.498694" lon="-83.993822"><ele>389.5</ele><time>2025-09-19T20:21:35Z</time></trkpt><trkpt lat="37.498937" lon="-83.993962"><ele>385.8</ele><time>2025-09-19T20:21:37Z</time></trkpt><trkpt lat="37.499046" lon="-83.993999"><ele>384.5</ele><time>2025-09-19T20:21:38Z</time></trkpt><trkpt lat="37.499167" lon="-83.994009"><ele>383.6</ele><time>2025-09-19T20:21:39Z</time></trkpt><trkpt lat="37.499294" lon="-83.993997"><ele>382.2</ele><time>2025-09-19T20:21:40Z</time></trkpt><trkpt lat="37.499712" lon="-83.993909"><ele>375.9</ele><time>2025-09-19T20:21:43Z</time></trkpt><trkpt lat="37.499863" lon="-83.993901"><ele>374.5</ele><time>2025-09-19T20:21:44Z</time></trkpt><trkpt lat="37.500158" lon="-83.993921"><ele>371.9</ele><time>2025-09-19T20:21:46Z</time></trkpt><trkpt lat="37.500301" lon="-83.993919"><ele>370.7</ele><time>2025-09-19T20:21:47Z</time></trkpt><trkpt lat="37.500441" lon="-83.993903"><ele>369.9</ele><time>2025-09-19T20:21:48Z</time></trkpt><trkpt lat="37.500716" lon="-83.993832"><ele>367.4</ele><time>2025-09-19T20:21:50Z</time></trkpt><trkpt lat="37.501153" lon="-83.993654"><ele>362.7</ele><time>2025-09-19T20:21:53Z</time></trkpt><trkpt lat="37.501307" lon="-83.993608"><ele>361.6</ele><time>2025-09-19T20:21:54Z</time></trkpt><trkpt lat="37.501782" lon="-83.993536"><ele>357.8</ele><time>2025-09-19T20:21:57Z</time></trkpt><trkpt lat="37.501944" lon="-83.993525"><ele>355.8</ele><time>2025-09-19T20:21:58Z</time></trkpt><trkpt lat="37.502103" lon="-83.993531"><ele>353.7</ele><time>2025-09-19T20:21:59Z</time></trkpt><trkpt lat="37.502251" lon="-83.993556"><ele>352.5</ele><time>2025-09-19T20:22:00Z</time></trkpt><trkpt lat="37.502398" lon="-83.993594"><ele>351.5</ele><time>2025-09-19T20:22:01Z</time></trkpt><trkpt lat="37.50254" lon="-83.993651"><ele>349.9</ele><time>2025-09-19T20:22:02Z</time></trkpt><trkpt lat="37.502809" lon="-83.993787"><ele>346.7</ele><time>2025-09-19T20:22:04Z</time></trkpt><trkpt lat="37.503078" lon="-83.993888"><ele>342.4</ele><time>2025-09-19T20:22:06Z</time></trkpt><trkpt lat="37.50322" lon="-83.993918"><ele>341.1</ele><time>2025-09-19T20:22:07Z</time></trkpt><trkpt lat="37.50337" lon="-83.993918"><ele>339.5</ele><time>2025-09-19T20:22:08Z</time></trkpt><trkpt lat="37.50352" lon="-83.993904"><ele>338.1</ele><time>2025-09-19T20:22:09Z</time></trkpt><trkpt lat="37.503663" lon="-83.99386"><ele>337.6</ele><time>2025-09-19T20:22:10Z</time></trkpt><trkpt lat="37.503799" lon="-83.993795"><ele>336.9</ele><time>2025-09-19T20:22:11Z</time></trkpt><trkpt lat="37.503927" lon="-83.993716"><ele>336.7</ele><time>2025-09-19T20:22:12Z</time></trkpt><trkpt lat="37.504291" lon="-83.993435"><ele>332.7</ele><time>2025-09-19T20:22:15Z</time></trkpt><trkpt lat="37.505206" lon="-83.992914"><ele>330.1</ele><time>2025-09-19T20:22:22Z</time></trkpt><trkpt lat="37.505333" lon="-83.992852"><ele>330.0</ele><time>2025-09-19T20:22:23Z</time></trkpt><trkpt lat="37.505462" lon="-83.992807"><ele>329.5</ele><time>2025-09-19T20:22:24Z</time></trkpt><trkpt lat="37.505592" lon="-83.992783"><ele>329.2</ele><time>2025-09-19T20:22:25Z</time></trkpt><trkpt lat="37.505715" lon="-83.992778"><ele>329.1</ele><time>2025-09-19T20:22:26Z</time></trkpt><trkpt lat="37.505833" lon="-83.992788"><ele>329.0</ele><time>2025-09-19T20:22:27Z</time></trkpt><trkpt lat="37.505948" lon="-83.99282"><ele>329.1</ele><time>2025-09-19T20:22:28Z</time></trkpt><trkpt lat="37.506285" lon="-83.993001"><ele>330.2</ele><time>2025-09-19T20:22:31Z</time></trkpt><trkpt lat="37.507041" lon="-83.993461"><ele>334.3</ele><time>2025-09-19T20:22:37Z</time></trkpt><trkpt lat="37.507323" lon="-83.99362"><ele>336.3</ele><time>2025-09-19T20:22:39Z</time></trkpt><trkpt lat="37.507618" lon="-83.993768"><ele>338.3</ele><time>2025-09-19T20:22:41Z</time></trkpt><trkpt lat="37.507917" lon="-83.993891"><ele>340.0</ele><time>2025-09-19T20:22:43Z</time></trkpt><trkpt lat="37.508229" lon="-83.993987"><ele>342.0</ele><time>2025-09-19T20:22:45Z</time></trkpt><trkpt lat="37.508392" lon="-83.994016"><ele>342.7</ele><time>2025-09-19T20:22:46Z</time></trkpt><trkpt lat="37.508561" lon="-83.994032"><ele>343.5</ele><time>2025-09-19T20:22:47Z</time></trkpt><trkpt lat="37.509069" lon="-83.994063"><ele>346.6</ele><time>2025-09-19T20:22:50Z</time></trkpt><trkpt lat="37.509233" lon="-83.994098"><ele>347.1</ele><time>2025-09-19T20:22:51Z</time></trkpt><trkpt lat="37.509391" lon="-83.994155"><ele>347.8</ele><time>2025-09-19T20:22:52Z</time></trkpt><trkpt lat="37.509676" lon="-83.99432"><ele>348.0</ele><time>2025-09-19T20:22:54Z</time></trkpt><trkpt lat="37.510105" lon="-83.9946"><ele>348.1</ele><time>2025-09-19T20:22:57Z</time></trkpt><trkpt lat="37.511068" lon="-83.995299"><ele>350.3</ele><time>2025-09-19T20:23:04Z</time></trkpt><trkpt lat="37.511469" lon="-83.995564"><ele>353.3</ele><time>2025-09-19T20:23:07Z</time></trkpt><trkpt lat="37.511754" lon="-83.995712"><ele>356.1</ele><time>2025-09-19T20:23:09Z</time></trkpt><trkpt lat="37.512642" lon="-83.99604"><ele>367.6</ele><time>2025-09-19T20:23:15Z</time></trkpt><trkpt lat="37.512931" lon="-83.996129"><ele>370.6</ele><time>2025-09-19T20:23:17Z</time></trkpt><trkpt lat="37.513223" lon="-83.996188"><ele>373.4</ele><time>2025-09-19T20:23:19Z</time></trkpt><trkpt lat="37.513515" lon="-83.996221"><ele>375.7</ele><time>2025-09-19T20:23:21Z</time></trkpt><trkpt lat="37.513952" lon="-83.996227"><ele>379.8</ele><time>2025-09-19T20:23:24Z</time></trkpt><trkpt lat="37.514096" lon="-83.996239"><ele>380.8</ele><time>2025-09-19T20:23:25Z</time></trkpt><trkpt lat="37.51453" lon="-83.996318"><ele>382.5</ele><time>2025-09-19T20:23:28Z</time></trkpt><trkpt lat="37.514677" lon="-83.996323"><ele>382.9</ele><time>2025-09-19T20:23:29Z</time></trkpt><trkpt lat="37.514978" lon="-83.996284"><ele>385.1</ele><time>2025-09-19T20:23:31Z</time></trkpt><trkpt lat="37.515292" lon="-83.996269"><ele>387.0</ele><time>2025-09-19T20:23:33Z</time></trkpt><trkpt lat="37.515451" lon="-83.996283"><ele>387.8</ele><time>2025-09-19T20:23:34Z</time></trkpt><trkpt lat="37.515612" lon="-83.996311"><ele>389.0</ele><time>2025-09-19T20:23:35Z</time></trkpt><trkpt lat="37.516541" lon="-83.996522"><ele>395.5</ele><time>2025-09-19T20:23:41Z</time></trkpt><trkpt lat="37.516692" lon="-83.996572"><ele>397.2</ele><time>2025-09-19T20:23:42Z</time></trkpt><trkpt lat="37.516838" lon="-83.996638"><ele>398.5</ele><time>2025-09-19T20:23:43Z</time></trkpt><trkpt lat="37.517232" lon="-83.996857"><ele>400.8</ele><time>2025-09-19T20:23:46Z</time></trkpt><trkpt lat="37.517364" lon="-83.996908"><ele>401.6</ele><time>2025-09-19T20:23:47Z</time></trkpt><trkpt lat="37.5175" lon="-83.99694"><ele>402.7</ele><time>2025-09-19T20:23:48Z</time></trkpt><trkpt lat="37.517646" lon="-83.996954"><ele>403.4</ele><time>2025-09-19T20:23:49Z</time></trkpt><trkpt lat="37.517798" lon="-83.996944"><ele>404.6</ele><time>2025-09-19T20:23:50Z</time></trkpt><trkpt lat="37.517948" lon="-83.996918"><ele>406.5</ele><time>2025-09-19T20:23:51Z</time></trkpt><trkpt lat="37.518986" lon="-83.996642"><ele>418.3</ele><time>2025-09-19T20:23:59Z</time></trkpt><trkpt lat="37.519194" lon="-83.996571"><ele>420.8</ele><time>2025-09-19T20:24:01Z</time></trkpt><trkpt lat="37.519385" lon="-83.996472"><ele>423.3</ele><time>2025-09-19T20:24:03Z</time></trkpt><trkpt lat="37.519632" lon="-83.99632"><ele>426.7</ele><time>2025-09-19T20:24:06Z</time></trkpt><trkpt lat="37.519763" lon="-83.996277"><ele>429.8</ele><time>2025-09-19T20:24:08Z</time></trkpt><trkpt lat="37.51987" lon="-83.996275"><ele>432.4</ele><time>2025-09-19T20:24:10Z</time></trkpt><trkpt lat="37.519923" lon="-83.996289"><ele>433.4</ele><time>2025-09-19T20:24:11Z</time></trkpt><trkpt lat="37.519981" lon="-83.996322"><ele>433.8</ele><time>2025-09-19T20:24:12Z</time></trkpt><trkpt lat="37.520029" lon="-83.996373"><ele>434.5</ele><time>2025-09-19T20:24:13Z</time></trkpt><trkpt lat="37.520057" lon="-83.996428"><ele>434.5</ele><time>2025-09-19T20:24:14Z</time></trkpt><trkpt lat="37.520102" lon="-83.996567"><ele>434.9</ele><time>2025-09-19T20:24:17Z</time></trkpt><trkpt lat="37.520136" lon="-83.996586"><ele>435.5</ele><time>2025-09-19T20:24:18Z</time></trkpt><trkpt lat="37.52018" lon="-83.996586"><ele>435.9</ele><time>2025-09-19T20:24:19Z</time></trkpt><trkpt lat="37.520219" lon="-83.996561"><ele>436.1</ele><time>2025-09-19T20:24:20Z</time></trkpt><trkpt lat="37.520275" lon="-83.996464"><ele>436.1</ele><time>2025-09-19T20:24:22Z</time></trkpt><trkpt lat="37.520338" lon="-83.99619"><ele>434.5</ele><time>2025-09-19T20:24:26Z</time></trkpt><trkpt lat="37.520388" lon="-83.995849"><ele>431.9</ele><time>2025-09-19T20:24:30Z</time></trkpt><trkpt lat="37.520401" lon="-83.995686"><ele>431.9</ele><time>2025-09-19T20:24:32Z</time></trkpt><trkpt lat="37.520397" lon="-83.9956"><ele>431.4</ele><time>2025-09-19T20:24:33Z</time></trkpt><trkpt lat="37.52036" lon="-83.995437"><ele>431.0</ele><time>2025-09-19T20:24:35Z</time></trkpt><trkpt lat="37.520293" lon="-83.995287"><ele>430.8</ele><time>2025-09-19T20:24:37Z</time></trkpt><trkpt lat="37.520156" lon="-83.995089"><ele>430.7</ele><time>2025-09-19T20:24:40Z</time></trkpt><trkpt lat="37.519972" lon="-83.994886"><ele>428.8</ele><time>2025-09-19T20:24:43Z</time></trkpt><trkpt lat="37.519289" lon="-83.994242"><ele>430.9</ele><time>2025-09-19T20:24:53Z</time></trkpt><trkpt lat="37.519001" lon="-83.994015"><ele>432.5</ele><time>2025-09-19T20:24:57Z</time></trkpt><trkpt lat="37.518621" lon="-83.993801"><ele>431.8</ele><time>2025-09-19T20:25:02Z</time></trkpt><trkpt lat="37.518403" lon="-83.99364"><ele>431.3</ele><time>2025-09-19T20:25:05Z</time></trkpt><trkpt lat="37.518292" lon="-83.993527"><ele>431.3</ele><time>2025-09-19T20:25:07Z</time></trkpt><trkpt lat="37.518252" lon="-83.993465"><ele>431.5</ele><time>2025-09-19T20:25:08Z</time></trkpt><trkpt lat="37.518155" lon="-83.993258"><ele>430.1</ele><time>2025-09-19T20:25:11Z</time></trkpt><trkpt lat="37.518098" lon="-83.993071"><ele>428.1</ele><time>2025-09-19T20:25:13Z</time></trkpt><trkpt lat="37.518079" lon="-83.992966"><ele>427.3</ele><time>2025-09-19T20:25:14Z</time></trkpt><trkpt lat="37.51806" lon="-83.99274"><ele>426.1</ele><time>2025-09-19T20:25:16Z</time></trkpt><trkpt lat="37.518081" lon="-83.992302"><ele>424.7</ele><time>2025-09-19T20:25:20Z</time></trkpt><trkpt lat="37.518074" lon="-83.991919"><ele>425.1</ele><time>2025-09-19T20:25:24Z</time></trkpt><trkpt lat="37.51808" lon="-83.991714"><ele>424.1</ele><time>2025-09-19T20:25:26Z</time></trkpt><trkpt lat="37.518129" lon="-83.991237"><ele>425.0</ele><time>2025-09-19T20:25:31Z</time></trkpt><trkpt lat="37.518145" lon="-83.990946"><ele>426.5</ele><time>2025-09-19T20:25:34Z</time></trkpt><trkpt lat="37.518138" lon="-83.990728"><ele>426.6</ele><time>2025-09-19T20:25:36Z</time></trkpt><trkpt lat="37.518118" lon="-83.990496"><ele>425.6</ele><time>2025-09-19T20:25:38Z</time></trkpt><trkpt lat="37.518118" lon="-83.990255"><ele>424.9</ele><time>2025-09-19T20:25:40Z</time></trkpt><trkpt lat="37.518357" lon="-83.98838"><ele>428.2</ele><time>2025-09-19T20:25:55Z</time></trkpt><trkpt lat="37.518365" lon="-83.987633"><ele>425.0</ele><time>2025-09-19T20:26:01Z</time></trkpt><trkpt lat="37.518404" lon="-83.986895"><ele>426.6</ele><time>2025-09-19T20:26:08Z</time></trkpt><trkpt lat="37.518404" lon="-83.986701"><ele>426.6</ele><time>2025-09-19T20:26:10Z</time></trkpt><trkpt lat="37.518382" lon="-83.98641"><ele>424.1</ele><time>2025-09-19T20:26:13Z</time></trkpt><trkpt lat="37.518317" lon="-83.986019"><ele>423.9</ele><time>2025-09-19T20:26:17Z</time></trkpt><trkpt lat="37.518324" lon="-83.985939"><ele>424.6</ele><time>2025-09-19T20:26:18Z</time></trkpt><trkpt lat="37.518343" lon="-83.985858"><ele>425.5</ele><time>2025-09-19T20:26:19Z</time></trkpt><trkpt lat="37.518376" lon="-83.98578"><ele>425.4</ele><time>2025-09-19T20:26:20Z</time></trkpt><trkpt lat="37.518486" lon="-83.98561"><ele>423.3</ele><time>2025-09-19T20:26:22Z</time></trkpt><trkpt lat="37.518627" lon="-83.985439"><ele>421.5</ele><time>2025-09-19T20:26:24Z</time></trkpt><trkpt lat="37.518944" lon="-83.985134"><ele>419.3</ele><time>2025-09-19T20:26:28Z</time></trkpt><trkpt lat="37.519084" lon="-83.984971"><ele>420.0</ele><time>2025-09-19T20:26:30Z</time></trkpt><trkpt lat="37.519258" lon="-83.984733"><ele>422.1</ele><time>2025-09-19T20:26:33Z</time></trkpt><trkpt lat="37.519526" lon="-83.984467"><ele>422.2</ele><time>2025-09-19T20:26:37Z</time></trkpt><trkpt lat="37.519807" lon="-83.984136"><ele>421.3</ele><time>2025-09-19T20:26:40Z</time></trkpt><trkpt lat="37.520027" lon="-83.983925"><ele>421.0</ele><time>2025-09-19T20:26:42Z</time></trkpt><trkpt lat="37.520361" lon="-83.983671"><ele>421.0</ele><time>2025-09-19T20:26:45Z</time></trkpt><trkpt lat="37.520577" lon="-83.983539"><ele>421.1</ele><time>2025-09-19T20:26:47Z</time></trkpt><trkpt lat="37.521087" lon="-83.983258"><ele>424.6</ele><time>2025-09-19T20:26:52Z</time></trkpt><trkpt lat="37.521446" lon="-83.983027"><ele>426.5</ele><time>2025-09-19T20:26:56Z</time></trkpt><trkpt lat="37.52152" lon="-83.982958"><ele>427.0</ele><time>2025-09-19T20:26:57Z</time></trkpt><trkpt lat="37.521585" lon="-83.982874"><ele>427.1</ele><time>2025-09-19T20:26:58Z</time></trkpt><trkpt lat="37.521843" lon="-83.982444"><ele>423.5</ele><time>2025-09-19T20:27:02Z</time></trkpt><trkpt lat="37.5219" lon="-83.982314"><ele>422.8</ele><time>2025-09-19T20:27:03Z</time></trkpt><trkpt lat="37.521938" lon="-83.982174"><ele>423.0</ele><time>2025-09-19T20:27:04Z</time></trkpt><trkpt lat="37.521962" lon="-83.982027"><ele>423.0</ele><time>2025-09-19T20:27:05Z</time></trkpt><trkpt lat="37.522062" lon="-83.98087"><ele>418.6</ele><time>2025-09-19T20:27:13Z</time></trkpt><trkpt lat="37.522089" lon="-83.980716"><ele>418.2</ele><time>2025-09-19T20:27:14Z</time></trkpt><trkpt lat="37.522126" lon="-83.980584"><ele>417.9</ele><time>2025-09-19T20:27:15Z</time></trkpt><trkpt lat="37.522198" lon="-83.980404"><ele>418.1</ele><time>2025-09-19T20:27:17Z</time></trkpt><trkpt lat="37.522314" lon="-83.980207"><ele>414.0</ele><time>2025-09-19T20:27:26Z</time></trkpt><trkpt lat="37.522192" lon="-83.980462"><ele>417.0</ele><time>2025-09-19T20:28:10Z</time></trkpt><trkpt lat="37.522245" lon="-83.980331"><ele>420.0</ele><time>2025-09-19T20:28:43Z</time></trkpt><trkpt lat="37.522269" lon="-83.980223"><ele>420.1</ele><time>2025-09-19T20:28:47Z</time></trkpt><trkpt lat="37.522289" lon="-83.98002"><ele>417.2</ele><time>2025-09-19T20:28:52Z</time></trkpt><trkpt lat="37.52228" lon="-83.979913"><ele>415.3</ele><time>2025-09-19T20:28:54Z</time></trkpt><trkpt lat="37.522221" lon="-83.979739"><ele>414.2</ele><time>2025-09-19T20:28:57Z</time></trkpt><trkpt lat="37.522117" lon="-83.979586"><ele>414.4</ele><time>2025-09-19T20:29:00Z</time></trkpt><trkpt lat="37.521944" lon="-83.97937"><ele>413.2</ele><time>2025-09-19T20:29:05Z</time></trkpt><trkpt lat="37.521851" lon="-83.979194"><ele>412.1</ele><time>2025-09-19T20:29:09Z</time></trkpt><trkpt lat="37.521796" lon="-83.979052"><ele>412.1</ele><time>2025-09-19T20:29:12Z</time></trkpt><trkpt lat="37.521535" lon="-83.978616"><ele>413.5</ele><time>2025-09-19T20:29:24Z</time></trkpt><trkpt lat="37.521511" lon="-83.978524"><ele>413.7</ele><time>2025-09-19T20:29:26Z</time></trkpt><trkpt lat="37.521472" lon="-83.978259"><ele>411.6</ele><time>2025-09-19T20:29:32Z</time></trkpt><trkpt lat="37.521449" lon="-83.978189"><ele>410.4</ele><time>2025-09-19T20:29:34Z</time></trkpt><trkpt lat="37.521478" lon="-83.977662"><ele>408.1</ele><time>2025-09-19T20:29:47Z</time></trkpt><trkpt lat="37.52143" lon="-83.977327"><ele>403.0</ele><time>2025-09-19T20:29:58Z</time></trkpt><trkpt lat="37.521423" lon="-83.9771"><ele>400.4</ele><time>2025-09-19T20:30:04Z</time></trkpt><trkpt lat="37.521361" lon="-83.976813"><ele>398.0</ele><time>2025-09-19T20:30:09Z</time></trkpt><trkpt lat="37.521325" lon="-83.976584"><ele>396.1</ele><time>2025-09-19T20:30:14Z</time></trkpt><trkpt lat="37.52133" lon="-83.976476"><ele>395.5</ele><time>2025-09-19T20:30:17Z</time></trkpt><trkpt lat="37.521321" lon="-83.976358"><ele>395.2</ele><time>2025-09-19T20:30:20Z</time></trkpt><trkpt lat="37.521168" lon="-83.97582"><ele>388.0</ele><time>2025-09-19T20:30:37Z</time></trkpt><trkpt lat="37.521125" lon="-83.975609"><ele>385.0</ele><time>2025-09-19T20:30:45Z</time></trkpt><trkpt lat="37.521125" lon="-83.975551"><ele>383.0</ele><time>2025-09-19T20:30:47Z</time></trkpt><trkpt lat="37.521032" lon="-83.975244"><ele>378.5</ele><time>2025-09-19T20:30:57Z</time></trkpt><trkpt lat="37.520994" lon="-83.974954"><ele>376.1</ele><time>2025-09-19T20:31:03Z</time></trkpt><trkpt lat="37.52088" lon="-83.974622"><ele>373.2</ele><time>2025-09-19T20:31:17Z</time></trkpt><trkpt lat="37.520867" lon="-83.974537"><ele>372.4</ele><time>2025-09-19T20:31:19Z</time></trkpt><trkpt lat="37.520872" lon="-83.974214"><ele>371.2</ele><time>2025-09-19T20:31:27Z</time></trkpt><trkpt lat="37.520897" lon="-83.973834"><ele>370.1</ele><time>2025-09-19T20:31:35Z</time></trkpt><trkpt lat="37.520898" lon="-83.973344"><ele>368.8</ele><time>2025-09-19T20:31:44Z</time></trkpt><trkpt lat="37.520775" lon="-83.972619"><ele>365.5</ele><time>2025-09-19T20:31:56Z</time></trkpt><trkpt lat="37.520775" lon="-83.972343"><ele>364.8</ele><time>2025-09-19T20:32:01Z</time></trkpt><trkpt lat="37.520791" lon="-83.972148"><ele>364.6</ele><time>2025-09-19T20:32:05Z</time></trkpt><trkpt lat="37.520805" lon="-83.972101"><ele>364.6</ele><time>2025-09-19T20:32:06Z</time></trkpt><trkpt lat="37.52109" lon="-83.971684"><ele>360.0</ele><time>2025-09-19T20:32:46Z</time></trkpt><trkpt lat="37.521198" lon="-83.97141"><ele>354.0</ele><time>2025-09-19T20:33:11Z</time></trkpt><trkpt lat="37.521326" lon="-83.971131"><ele>351.0</ele><time>2025-09-19T20:33:26Z</time></trkpt><trkpt lat="37.521385" lon="-83.970932"><ele>350.4</ele><time>2025-09-19T20:33:33Z</time></trkpt><trkpt lat="37.521482" lon="-83.970671"><ele>349.3</ele><time>2025-09-19T20:33:39Z</time></trkpt><trkpt lat="37.521524" lon="-83.97059"><ele>349.3</ele><time>2025-09-19T20:33:41Z</time></trkpt><trkpt lat="37.521555" lon="-83.970558"><ele>349.7</ele><time>2025-09-19T20:33:42Z</time></trkpt><trkpt lat="37.521668" lon="-83.970276"><ele>350.1</ele><time>2025-09-19T20:33:49Z</time></trkpt><trkpt lat="37.521702" lon="-83.970221"><ele>350.0</ele><time>2025-09-19T20:33:51Z</time></trkpt><trkpt lat="37.521765" lon="-83.969976"><ele>349.6</ele><time>2025-09-19T20:33:57Z</time></trkpt><trkpt lat="37.521785" lon="-83.969807"><ele>348.0</ele><time>2025-09-19T20:34:01Z</time></trkpt><trkpt lat="37.521805" lon="-83.969493"><ele>347.0</ele><time>2025-09-19T20:34:09Z</time></trkpt><trkpt lat="37.521847" lon="-83.96919"><ele>347.0</ele><time>2025-09-19T20:34:18Z</time></trkpt><trkpt lat="37.521835" lon="-83.968907"><ele>349.0</ele><time>2025-09-19T20:34:27Z</time></trkpt><trkpt lat="37.521881" lon="-83.968496"><ele>348.5</ele><time>2025-09-19T20:34:40Z</time></trkpt><trkpt lat="37.521899" lon="-83.968379"><ele>349.9</ele><time>2025-09-19T20:34:44Z</time></trkpt><trkpt lat="37.521975" lon="-83.968167"><ele>349.3</ele><time>2025-09-19T20:34:52Z</time></trkpt><trkpt lat="37.522001" lon="-83.96798"><ele>349.1</ele><time>2025-09-19T20:34:57Z</time></trkpt><trkpt lat="37.52199" lon="-83.967791"><ele>350.2</ele><time>2025-09-19T20:35:02Z</time></trkpt><trkpt lat="37.521995" lon="-83.967458"><ele>350.2</ele><time>2025-09-19T20:35:12Z</time></trkpt><trkpt lat="37.522026" lon="-83.967172"><ele>349.8</ele><time>2025-09-19T20:35:19Z</time></trkpt><trkpt lat="37.522039" lon="-83.966878"><ele>349.4</ele><time>2025-09-19T20:35:26Z</time></trkpt><trkpt lat="37.52206" lon="-83.966725"><ele>348.4</ele><time>2025-09-19T20:35:30Z</time></trkpt><trkpt lat="37.522195" lon="-83.966196"><ele>345.9</ele><time>2025-09-19T20:35:42Z</time></trkpt><trkpt lat="37.522252" lon="-83.96606"><ele>344.0</ele><time>2025-09-19T20:35:46Z</time></trkpt><trkpt lat="37.522366" lon="-83.965836"><ele>343.0</ele><time>2025-09-19T20:36:03Z</time></trkpt><trkpt lat="37.522398" lon="-83.965689"><ele>346.4</ele><time>2025-09-19T20:36:24Z</time></trkpt><trkpt lat="37.522453" lon="-83.965613"><ele>344.0</ele><time>2025-09-19T20:36:33Z</time></trkpt><trkpt lat="37.522525" lon="-83.96545"><ele>342.0</ele><time>2025-09-19T20:36:45Z</time></trkpt><trkpt lat="37.522642" lon="-83.965227"><ele>337.0</ele><time>2025-09-19T20:37:02Z</time></trkpt><trkpt lat="37.522689" lon="-83.965059"><ele>337.4</ele><time>2025-09-19T20:37:08Z</time></trkpt><trkpt lat="37.522728" lon="-83.964963"><ele>335.8</ele><time>2025-09-19T20:37:11Z</time></trkpt><trkpt lat="37.522773" lon="-83.964892"><ele>333.0</ele><time>2025-09-19T20:37:15Z</time></trkpt><trkpt lat="37.522755" lon="-83.964782"><ele>335.0</ele><time>2025-09-19T20:37:42Z</time></trkpt><trkpt lat="37.522737" lon="-83.964741"><ele>336.0</ele><time>2025-09-19T20:38:54Z</time></trkpt><trkpt lat="37.522766" lon="-83.964642"><ele>333.0</ele><time>2025-09-19T20:39:27Z</time></trkpt><trkpt lat="37.52277" lon="-83.964536"><ele>330.0</ele><time>2025-09-19T20:39:37Z</time></trkpt><trkpt lat="37.5228" lon="-83.964418"><ele>328.0</ele><time>2025-09-19T20:39:52Z</time></trkpt><trkpt lat="37.522847" lon="-83.964302"><ele>324.0</ele><time>2025-09-19T20:39:58Z</time></trkpt><trkpt lat="37.522921" lon="-83.964201"><ele>324.0</ele><time>2025-09-19T20:40:06Z</time></trkpt><trkpt lat="37.522929" lon="-83.964167"><ele>324.0</ele><time>2025-09-19T20:40:10Z</time></trkpt><trkpt lat="37.522876" lon="-83.964072"><ele>324.0</ele><time>2025-09-19T20:40:20Z</time></trkpt><trkpt lat="37.52287" lon="-83.963964"><ele>320.0</ele><time>2025-09-19T20:40:33Z</time></trkpt><trkpt lat="37.522833" lon="-83.963804"><ele>315.0</ele><time>2025-09-19T20:41:01Z</time></trkpt><trkpt lat="37.522832" lon="-83.963619"><ele>312.0</ele><time>2025-09-19T20:42:09Z</time></trkpt><trkpt lat="37.522863" lon="-83.963571"><ele>314.0</ele><time>2025-09-19T20:42:47Z</time></trkpt><trkpt lat="37.522875" lon="-83.963604"><ele>310.9</ele><time>2025-09-19T20:42:59Z</time></trkpt><trkpt lat="37.522843" lon="-83.963599"><ele>306.0</ele><time>2025-09-19T20:43:44Z</time></trkpt><trkpt lat="37.522841" lon="-83.963633"><ele>312.0</ele><time>2025-09-19T20:44:36Z</time></trkpt><trkpt lat="37.522851" lon="-83.963541"><ele>310.0</ele><time>2025-09-19T20:45:22Z</time></trkpt><trkpt lat="37.522896" lon="-83.963498"><ele>304.0</ele><time>2025-09-19T20:45:54Z</time></trkpt><trkpt lat="37.522904" lon="-83.963432"><ele>308.0</ele><time>2025-09-19T20:46:07Z</time></trkpt><trkpt lat="37.522933" lon="-83.963367"><ele>305.0</ele><time>2025-09-19T20:46:15Z</time></trkpt><trkpt lat="37.522941" lon="-83.963311"><ele>307.1</ele><time>2025-09-19T20:46:22Z</time></trkpt><trkpt lat="37.522918" lon="-83.96318"><ele>304.0</ele><time>2025-09-19T20:46:49Z</time></trkpt><trkpt lat="37.522896" lon="-83.963139"><ele>300.0</ele><time>2025-09-19T20:48:01Z</time></trkpt><trkpt lat="37.522897" lon="-83.96305"><ele>298.0</ele><time>2025-09-19T20:48:57Z</time></trkpt><trkpt lat="37.522879" lon="-83.962975"><ele>300.0</ele><time>2025-09-19T20:49:24Z</time></trkpt><trkpt lat="37.522885" lon="-83.962931"><ele>297.0</ele><time>2025-09-19T20:49:55Z</time></trkpt><trkpt lat="37.522946" lon="-83.962861"><ele>296.0</ele><time>2025-09-19T20:50:40Z</time></trkpt><trkpt lat="37.522988" lon="-83.962787"><ele>296.0</ele><time>2025-09-19T20:54:58Z</time></trkpt><trkpt lat="37.522989" lon="-83.962545"><ele>300.0</ele><time>2025-09-19T20:56:23Z</time></trkpt><trkpt lat="37.523016" lon="-83.962522"><ele>299.0</ele><time>2025-09-19T20:56:59Z</time></trkpt><trkpt lat="37.523039" lon="-83.962391"><ele>297.0</ele><time>2025-09-19T20:57:15Z</time></trkpt><trkpt lat="37.523084" lon="-83.962301"><ele>294.0</ele><time>2025-09-19T20:57:26Z</time></trkpt><trkpt lat="37.523094" lon="-83.962244"><ele>294.0</ele><time>2025-09-19T20:57:33Z</time></trkpt><trkpt lat="37.523039" lon="-83.96204"><ele>288.0</ele><time>2025-09-19T20:57:58Z</time></trkpt><trkpt lat="37.523011" lon="-83.962015"><ele>288.0</ele><time>2025-09-19T20:58:02Z</time></trkpt><trkpt lat="37.522977" lon="-83.96201"><ele>285.0</ele><time>2025-09-19T20:58:07Z</time></trkpt><trkpt lat="37.522804" lon="-83.962042"><ele>282.0</ele><time>2025-09-19T20:58:36Z</time></trkpt><trkpt lat="37.522773" lon="-83.96204"><ele>282.0</ele><time>2025-09-19T20:58:39Z</time></trkpt><trkpt lat="37.522741" lon="-83.962024"><ele>281.0</ele><time>2025-09-19T20:58:42Z</time></trkpt><trkpt lat="37.522728" lon="-83.961963"><ele>274.0</ele><time>2025-09-19T20:58:55Z</time></trkpt><trkpt lat="37.522788" lon="-83.961749"><ele>275.0</ele><time>2025-09-19T20:59:40Z</time></trkpt><trkpt lat="37.52281" lon="-83.961719"><ele>274.0</ele><time>2025-09-19T20:59:43Z</time></trkpt><trkpt lat="37.522947" lon="-83.961608"><ele>270.0</ele><time>2025-09-19T20:59:55Z</time></trkpt><trkpt lat="37.523134" lon="-83.96151"><ele>267.0</ele><time>2025-09-19T21:00:09Z</time></trkpt><trkpt lat="37.523221" lon="-83.961519"><ele>268.0</ele><time>2025-09-19T21:00:13Z</time></trkpt><trkpt lat="37.523564" lon="-83.961691"><ele>267.0</ele><time>2025-09-19T21:00:31Z</time></trkpt><trkpt lat="37.523584" lon="-83.961725"><ele>268.0</ele><time>2025-09-19T21:00:33Z</time></trkpt><trkpt lat="37.523603" lon="-83.96184"><ele>267.0</ele><time>2025-09-19T21:00:40Z</time></trkpt><trkpt lat="37.523624" lon="-83.961883"><ele>267.0</ele><time>2025-09-19T21:00:43Z</time></trkpt><trkpt lat="37.523723" lon="-83.961979"><ele>267.0</ele><time>2025-09-19T21:00:58Z</time></trkpt><trkpt lat="37.523754" lon="-83.962046"><ele>266.0</ele><time>2025-09-19T21:01:03Z</time></trkpt><trkpt lat="37.523792" lon="-83.962068"><ele>264.0</ele><time>2025-09-19T21:01:08Z</time></trkpt><trkpt lat="37.523896" lon="-83.962061"><ele>267.0</ele><time>2025-09-19T21:01:31Z</time></trkpt><trkpt lat="37.523932" lon="-83.962071"><ele>267.0</ele><time>2025-09-19T21:01:34Z</time></trkpt><trkpt lat="37.524004" lon="-83.962135"><ele>270.0</ele><time>2025-09-19T21:01:43Z</time></trkpt><trkpt lat="37.52404" lon="-83.962141"><ele>272.0</ele><time>2025-09-19T21:01:50Z</time></trkpt><trkpt lat="37.524048" lon="-83.962159"><ele>274.0</ele><time>2025-09-19T21:01:56Z</time></trkpt><trkpt lat="37.524134" lon="-83.962201"><ele>276.0</ele><time>2025-09-19T21:02:09Z</time></trkpt><trkpt lat="37.524303" lon="-83.962436"><ele>279.0</ele><time>2025-09-19T21:03:56Z</time></trkpt><trkpt lat="37.524428" lon="-83.962523"><ele>286.0</ele><time>2025-09-19T21:04:35Z</time></trkpt><trkpt lat="37.524579" lon="-83.962591"><ele>288.0</ele><time>2025-09-19T21:04:58Z</time></trkpt><trkpt lat="37.524757" lon="-83.962606"><ele>291.0</ele><time>2025-09-19T21:05:14Z</time></trkpt><trkpt lat="37.524866" lon="-83.962528"><ele>292.0</ele><time>2025-09-19T21:05:25Z</time></trkpt><trkpt lat="37.524956" lon="-83.962358"><ele>294.0</ele><time>2025-09-19T21:06:05Z</time></trkpt><trkpt lat="37.524979" lon="-83.962265"><ele>295.0</ele><time>2025-09-19T21:06:17Z</time></trkpt><trkpt lat="37.52503" lon="-83.96214"><ele>296.0</ele><time>2025-09-19T21:06:30Z</time></trkpt><trkpt lat="37.525175" lon="-83.961876"><ele>295.0</ele><time>2025-09-19T21:07:17Z</time></trkpt><trkpt lat="37.525187" lon="-83.961836"><ele>290.0</ele><time>2025-09-19T21:07:56Z</time></trkpt><trkpt lat="37.525249" lon="-83.961756"><ele>303.0</ele><time>2025-09-19T21:08:16Z</time></trkpt><trkpt lat="37.525317" lon="-83.961633"><ele>303.0</ele><time>2025-09-19T21:08:27Z</time></trkpt><trkpt lat="37.525436" lon="-83.96135"><ele>308.0</ele><time>2025-09-19T21:08:53Z</time></trkpt><trkpt lat="37.525448" lon="-83.961291"><ele>312.0</ele><time>2025-09-19T21:09:03Z</time></trkpt><trkpt lat="37.525526" lon="-83.961077"><ele>316.0</ele><time>2025-09-19T21:09:24Z</time></trkpt><trkpt lat="37.525566" lon="-83.960874"><ele>318.0</ele><time>2025-09-19T21:09:36Z</time></trkpt><trkpt lat="37.525571" lon="-83.960788"><ele>318.0</ele><time>2025-09-19T21:09:40Z</time></trkpt><trkpt lat="37.525562" lon="-83.960753"><ele>316.0</ele><time>2025-09-19T21:09:43Z</time></trkpt><trkpt lat="37.525524" lon="-83.960698"><ele>320.0</ele><time>2025-09-19T21:09:50Z</time></trkpt><trkpt lat="37.525489" lon="-83.960693"><ele>320.9</ele><time>2025-09-19T21:09:54Z</time></trkpt><trkpt lat="37.525459" lon="-83.96071"><ele>321.0</ele><time>2025-09-19T21:09:57Z</time></trkpt><trkpt lat="37.525206" lon="-83.961019"><ele>324.0</ele><time>2025-09-19T21:10:34Z</time></trkpt><trkpt lat="37.52516" lon="-83.961054"><ele>324.0</ele><time>2025-09-19T21:10:40Z</time></trkpt><trkpt lat="37.525075" lon="-83.961084"><ele>324.0</ele><time>2025-09-19T21:10:51Z</time></trkpt><trkpt lat="37.52498" lon="-83.961075"><ele>325.0</ele><time>2025-09-19T21:11:08Z</time></trkpt><trkpt lat="37.52488" lon="-83.961039"><ele>328.0</ele><time>2025-09-19T21:11:20Z</time></trkpt><trkpt lat="37.524788" lon="-83.960977"><ele>328.0</ele><time>2025-09-19T21:11:30Z</time></trkpt><trkpt lat="37.524634" lon="-83.96091"><ele>329.0</ele><time>2025-09-19T21:11:43Z</time></trkpt><trkpt lat="37.524545" lon="-83.960822"><ele>330.0</ele><time>2025-09-19T21:11:49Z</time></trkpt><trkpt lat="37.524425" lon="-83.960592"><ele>331.0</ele><time>2025-09-19T21:12:06Z</time></trkpt><trkpt lat="37.524006" lon="-83.960043"><ele>332.0</ele><time>2025-09-19T21:12:38Z</time></trkpt><trkpt lat="37.523929" lon="-83.959891"><ele>332.0</ele><time>2025-09-19T21:12:44Z</time></trkpt><trkpt lat="37.523916" lon="-83.959741"><ele>332.0</ele><time>2025-09-19T21:12:50Z</time></trkpt><trkpt lat="37.523914" lon="-83.95941"><ele>332.0</ele><time>2025-09-19T21:13:10Z</time></trkpt><trkpt lat="37.523931" lon="-83.959053"><ele>330.0</ele><time>2025-09-19T21:13:27Z</time></trkpt><trkpt lat="37.523901" lon="-83.958868"><ele>330.0</ele><time>2025-09-19T21:13:36Z</time></trkpt><trkpt lat="37.52389" lon="-83.958593"><ele>330.0</ele><time>2025-09-19T21:13:54Z</time></trkpt><trkpt lat="37.523851" lon="-83.958472"><ele>330.0</ele><time>2025-09-19T21:14:00Z</time></trkpt><trkpt lat="37.523774" lon="-83.958321"><ele>331.0</ele><time>2025-09-19T21:14:14Z</time></trkpt><trkpt lat="37.523742" lon="-83.958221"><ele>328.0</ele><time>2025-09-19T21:14:25Z</time></trkpt><trkpt lat="37.523659" lon="-83.958079"><ele>330.0</ele><time>2025-09-19T21:15:19Z</time></trkpt><trkpt lat="37.523591" lon="-83.957934"><ele>330.0</ele><time>2025-09-19T21:15:31Z</time></trkpt><trkpt lat="37.523533" lon="-83.957844"><ele>332.0</ele><time>2025-09-19T21:15:38Z</time></trkpt><trkpt lat="37.523484" lon="-83.957726"><ele>334.4</ele><time>2025-09-19T21:15:44Z</time></trkpt><trkpt lat="37.523454" lon="-83.957538"><ele>334.0</ele><time>2025-09-19T21:15:51Z</time></trkpt><trkpt lat="37.523448" lon="-83.957323"><ele>336.0</ele><time>2025-09-19T21:16:02Z</time></trkpt><trkpt lat="37.523399" lon="-83.957072"><ele>339.0</ele><time>2025-09-19T21:16:22Z</time></trkpt><trkpt lat="37.523395" lon="-83.956957"><ele>340.0</ele><time>2025-09-19T21:16:31Z</time></trkpt><trkpt lat="37.523352" lon="-83.956665"><ele>340.0</ele><time>2025-09-19T21:17:06Z</time></trkpt><trkpt lat="37.523289" lon="-83.956402"><ele>345.0</ele><time>2025-09-19T21:17:45Z</time></trkpt><trkpt lat="37.523225" lon="-83.956303"><ele>348.0</ele><time>2025-09-19T21:17:53Z</time></trkpt><trkpt lat="37.523111" lon="-83.956157"><ele>348.0</ele><time>2025-09-19T21:18:02Z</time></trkpt><trkpt lat="37.522964" lon="-83.956013"><ele>350.0</ele><time>2025-09-19T21:18:13Z</time></trkpt><trkpt lat="37.522921" lon="-83.955958"><ele>350.0</ele><time>2025-09-19T21:18:17Z</time></trkpt><trkpt lat="37.522733" lon="-83.955785"><ele>352.0</ele><time>2025-09-19T21:18:41Z</time></trkpt><trkpt lat="37.52263" lon="-83.955709"><ele>354.0</ele><time>2025-09-19T21:18:47Z</time></trkpt><trkpt lat="37.522543" lon="-83.955612"><ele>356.0</ele><time>2025-09-19T21:18:52Z</time></trkpt><trkpt lat="37.522359" lon="-83.955359"><ele>356.0</ele><time>2025-09-19T21:19:10Z</time></trkpt><trkpt lat="37.522273" lon="-83.955301"><ele>350.0</ele><time>2025-09-19T21:19:49Z</time></trkpt><trkpt lat="37.522151" lon="-83.955102"><ele>354.0</ele><time>2025-09-19T21:20:30Z</time></trkpt><trkpt lat="37.522111" lon="-83.955004"><ele>358.0</ele><time>2025-09-19T21:20:52Z</time></trkpt><trkpt lat="37.522079" lon="-83.954959"><ele>358.0</ele><time>2025-09-19T21:20:56Z</time></trkpt><trkpt lat="37.522004" lon="-83.954764"><ele>360.0</ele><time>2025-09-19T21:21:17Z</time></trkpt><trkpt lat="37.521882" lon="-83.954293"><ele>365.0</ele><time>2025-09-19T21:21:53Z</time></trkpt><trkpt lat="37.521849" lon="-83.954203"><ele>366.0</ele><time>2025-09-19T21:21:57Z</time></trkpt><trkpt lat="37.521711" lon="-83.953973"><ele>366.0</ele><time>2025-09-19T21:22:13Z</time></trkpt><trkpt lat="37.52166" lon="-83.95391"><ele>368.0</ele><time>2025-09-19T21:22:18Z</time></trkpt><trkpt lat="37.521555" lon="-83.95384"><ele>368.0</ele><time>2025-09-19T21:22:32Z</time></trkpt><trkpt lat="37.521326" lon="-83.953753"><ele>374.0</ele><time>2025-09-19T21:22:58Z</time></trkpt><trkpt lat="37.521202" lon="-83.953674"><ele>378.0</ele><time>2025-09-19T21:23:10Z</time></trkpt><trkpt lat="37.52116" lon="-83.953674"><ele>378.0</ele><time>2025-09-19T21:23:12Z</time></trkpt><trkpt lat="37.521013" lon="-83.953774"><ele>377.5</ele><time>2025-09-19T21:23:30Z</time></trkpt><trkpt lat="37.521003" lon="-83.953813"><ele>369.0</ele><time>2025-09-19T21:24:19Z</time></trkpt><trkpt lat="37.520908" lon="-83.953891"><ele>375.3</ele><time>2025-09-19T21:24:59Z</time></trkpt><trkpt lat="37.520859" lon="-83.953916"><ele>375.3</ele><time>2025-09-19T21:25:00Z</time></trkpt><trkpt lat="37.520749" lon="-83.953996"><ele>374.8</ele><time>2025-09-19T21:25:03Z</time></trkpt><trkpt lat="37.520671" lon="-83.954073"><ele>374.3</ele><time>2025-09-19T21:25:05Z</time></trkpt><trkpt lat="37.520603" lon="-83.954176"><ele>374.4</ele><time>2025-09-19T21:25:07Z</time></trkpt><trkpt lat="37.520555" lon="-83.9543"><ele>374.2</ele><time>2025-09-19T21:25:09Z</time></trkpt><trkpt lat="37.520545" lon="-83.954365"><ele>374.2</ele><time>2025-09-19T21:25:10Z</time></trkpt><trkpt lat="37.52056" lon="-83.954496"><ele>373.9</ele><time>2025-09-19T21:25:12Z</time></trkpt><trkpt lat="37.520684" lon="-83.954798"><ele>374.2</ele><time>2025-09-19T21:25:17Z</time></trkpt><trkpt lat="37.5207" lon="-83.954864"><ele>374.1</ele><time>2025-09-19T21:25:18Z</time></trkpt><trkpt lat="37.520703" lon="-83.954937"><ele>373.7</ele><time>2025-09-19T21:25:19Z</time></trkpt><trkpt lat="37.520655" lon="-83.955409"><ele>371.5</ele><time>2025-09-19T21:25:24Z</time></trkpt><trkpt lat="37.520631" lon="-83.955861"><ele>370.9</ele><time>2025-09-19T21:25:28Z</time></trkpt><trkpt lat="37.520608" lon="-83.955975"><ele>370.4</ele><time>2025-09-19T21:25:29Z</time></trkpt><trkpt lat="37.520496" lon="-83.956272"><ele>367.0</ele><time>2025-09-19T21:25:32Z</time></trkpt><trkpt lat="37.520311" lon="-83.956681"><ele>361.4</ele><time>2025-09-19T21:25:36Z</time></trkpt><trkpt lat="37.520056" lon="-83.957099"><ele>355.0</ele><time>2025-09-19T21:25:40Z</time></trkpt><trkpt lat="37.51997" lon="-83.957208"><ele>353.2</ele><time>2025-09-19T21:25:41Z</time></trkpt><trkpt lat="37.519762" lon="-83.957404"><ele>351.3</ele><time>2025-09-19T21:25:43Z</time></trkpt><trkpt lat="37.518751" lon="-83.958095"><ele>343.5</ele><time>2025-09-19T21:25:52Z</time></trkpt><trkpt lat="37.518568" lon="-83.958204"><ele>343.0</ele><time>2025-09-19T21:25:54Z</time></trkpt><trkpt lat="37.518393" lon="-83.958289"><ele>342.1</ele><time>2025-09-19T21:25:56Z</time></trkpt><trkpt lat="37.517931" lon="-83.958477"><ele>338.5</ele><time>2025-09-19T21:26:01Z</time></trkpt><trkpt lat="37.517861" lon="-83.958533"><ele>338.5</ele><time>2025-09-19T21:26:02Z</time></trkpt><trkpt lat="37.517809" lon="-83.958613"><ele>338.2</ele><time>2025-09-19T21:26:03Z</time></trkpt><trkpt lat="37.517778" lon="-83.95872"><ele>338.4</ele><time>2025-09-19T21:26:04Z</time></trkpt><trkpt lat="37.517778" lon="-83.958821"><ele>338.7</ele><time>2025-09-19T21:26:05Z</time></trkpt><trkpt lat="37.51779" lon="-83.958923"><ele>339.4</ele><time>2025-09-19T21:26:06Z</time></trkpt><trkpt lat="37.517823" lon="-83.959022"><ele>339.9</ele><time>2025-09-19T21:26:07Z</time></trkpt><trkpt lat="37.517872" lon="-83.959115"><ele>340.3</ele><time>2025-09-19T21:26:08Z</time></trkpt><trkpt lat="37.518197" lon="-83.959576"><ele>343.7</ele><time>2025-09-19T21:26:13Z</time></trkpt><trkpt lat="37.518302" lon="-83.959801"><ele>345.1</ele><time>2025-09-19T21:26:15Z</time></trkpt><trkpt lat="37.51834" lon="-83.959905"><ele>346.1</ele><time>2025-09-19T21:26:16Z</time></trkpt><trkpt lat="37.518394" lon="-83.960106"><ele>347.6</ele><time>2025-09-19T21:26:18Z</time></trkpt><trkpt lat="37.518405" lon="-83.960203"><ele>347.9</ele><time>2025-09-19T21:26:19Z</time></trkpt><trkpt lat="37.518402" lon="-83.960291"><ele>348.2</ele><time>2025-09-19T21:26:20Z</time></trkpt><trkpt lat="37.518385" lon="-83.960374"><ele>348.7</ele><time>2025-09-19T21:26:21Z</time></trkpt><trkpt lat="37.518354" lon="-83.96045"><ele>349.4</ele><time>2025-09-19T21:26:22Z</time></trkpt><trkpt lat="37.518297" lon="-83.960515"><ele>349.9</ele><time>2025-09-19T21:26:23Z</time></trkpt><trkpt lat="37.518221" lon="-83.96056"><ele>349.9</ele><time>2025-09-19T21:26:24Z</time></trkpt><trkpt lat="37.517461" lon="-83.960756"><ele>348.4</ele><time>2025-09-19T21:26:31Z</time></trkpt><trkpt lat="37.517099" lon="-83.960875"><ele>347.6</ele><time>2025-09-19T21:26:34Z</time></trkpt><trkpt lat="37.51686" lon="-83.960965"><ele>347.3</ele><time>2025-09-19T21:26:36Z</time></trkpt><trkpt lat="37.516505" lon="-83.961112"><ele>347.2</ele><time>2025-09-19T21:26:39Z</time></trkpt><trkpt lat="37.515981" lon="-83.9614"><ele>346.8</ele><time>2025-09-19T21:26:44Z</time></trkpt><trkpt lat="37.515876" lon="-83.961432"><ele>346.5</ele><time>2025-09-19T21:26:45Z</time></trkpt><trkpt lat="37.515667" lon="-83.961456"><ele>345.5</ele><time>2025-09-19T21:26:47Z</time></trkpt><trkpt lat="37.51494" lon="-83.961389"><ele>342.1</ele><time>2025-09-19T21:26:54Z</time></trkpt><trkpt lat="37.514479" lon="-83.961321"><ele>340.3</ele><time>2025-09-19T21:26:59Z</time></trkpt><trkpt lat="37.514414" lon="-83.961327"><ele>340.1</ele><time>2025-09-19T21:27:00Z</time></trkpt><trkpt lat="37.514352" lon="-83.961354"><ele>339.9</ele><time>2025-09-19T21:27:01Z</time></trkpt><trkpt lat="37.5143" lon="-83.961405"><ele>339.6</ele><time>2025-09-19T21:27:02Z</time></trkpt><trkpt lat="37.514265" lon="-83.961485"><ele>340.0</ele><time>2025-09-19T21:27:03Z</time></trkpt><trkpt lat="37.514253" lon="-83.961575"><ele>340.5</ele><time>2025-09-19T21:27:04Z</time></trkpt><trkpt lat="37.514261" lon="-83.961666"><ele>341.0</ele><time>2025-09-19T21:27:05Z</time></trkpt><trkpt lat="37.5143" lon="-83.961857"><ele>342.0</ele><time>2025-09-19T21:27:07Z</time></trkpt><trkpt lat="37.514416" lon="-83.962299"><ele>343.6</ele><time>2025-09-19T21:27:11Z</time></trkpt><trkpt lat="37.51446" lon="-83.962553"><ele>345.1</ele><time>2025-09-19T21:27:13Z</time></trkpt><trkpt lat="37.514481" lon="-83.962835"><ele>346.1</ele><time>2025-09-19T21:27:15Z</time></trkpt><trkpt lat="37.51448" lon="-83.963131"><ele>347.0</ele><time>2025-09-19T21:27:17Z</time></trkpt><trkpt lat="37.514466" lon="-83.963272"><ele>347.5</ele><time>2025-09-19T21:27:18Z</time></trkpt><trkpt lat="37.514381" lon="-83.96353"><ele>348.2</ele><time>2025-09-19T21:27:20Z</time></trkpt><trkpt lat="37.514135" lon="-83.964049"><ele>348.7</ele><time>2025-09-19T21:27:24Z</time></trkpt><trkpt lat="37.514008" lon="-83.964279"><ele>348.4</ele><time>2025-09-19T21:27:26Z</time></trkpt><trkpt lat="37.513937" lon="-83.964359"><ele>347.8</ele><time>2025-09-19T21:27:27Z</time></trkpt><trkpt lat="37.513849" lon="-83.964414"><ele>348.0</ele><time>2025-09-19T21:27:28Z</time></trkpt><trkpt lat="37.513752" lon="-83.964451"><ele>347.7</ele><time>2025-09-19T21:27:29Z</time></trkpt><trkpt lat="37.513645" lon="-83.964463"><ele>347.2</ele><time>2025-09-19T21:27:30Z</time></trkpt><trkpt lat="37.513403" lon="-83.964447"><ele>345.4</ele><time>2025-09-19T21:27:32Z</time></trkpt><trkpt lat="37.513148" lon="-83.964387"><ele>344.2</ele><time>2025-09-19T21:27:34Z</time></trkpt><trkpt lat="37.513019" lon="-83.964327"><ele>343.5</ele><time>2025-09-19T21:27:35Z</time></trkpt><trkpt lat="37.512894" lon="-83.964244"><ele>343.0</ele><time>2025-09-19T21:27:36Z</time></trkpt><trkpt lat="37.512291" lon="-83.963782"><ele>340.8</ele><time>2025-09-19T21:27:41Z</time></trkpt><trkpt lat="37.512168" lon="-83.963701"><ele>339.8</ele><time>2025-09-19T21:27:42Z</time></trkpt><trkpt lat="37.511782" lon="-83.963485"><ele>338.2</ele><time>2025-09-19T21:27:45Z</time></trkpt><trkpt lat="37.511531" lon="-83.963332"><ele>337.3</ele><time>2025-09-19T21:27:47Z</time></trkpt><trkpt lat="37.511299" lon="-83.963157"><ele>336.7</ele><time>2025-09-19T21:27:49Z</time></trkpt><trkpt lat="37.511104" lon="-83.962989"><ele>335.7</ele><time>2025-09-19T21:27:51Z</time></trkpt><trkpt lat="37.510847" lon="-83.962734"><ele>334.0</ele><time>2025-09-19T21:27:54Z</time></trkpt><trkpt lat="37.510766" lon="-83.962666"><ele>332.9</ele><time>2025-09-19T21:27:55Z</time></trkpt><trkpt lat="37.510678" lon="-83.96262"><ele>331.7</ele><time>2025-09-19T21:27:56Z</time></trkpt><trkpt lat="37.510581" lon="-83.962606"><ele>331.3</ele><time>2025-09-19T21:27:57Z</time></trkpt><trkpt lat="37.510477" lon="-83.962646"><ele>330.7</ele><time>2025-09-19T21:27:58Z</time></trkpt><trkpt lat="37.510382" lon="-83.962714"><ele>330.4</ele><time>2025-09-19T21:27:59Z</time></trkpt><trkpt lat="37.510102" lon="-83.962978"><ele>328.6</ele><time>2025-09-19T21:28:02Z</time></trkpt><trkpt lat="37.510002" lon="-83.963063"><ele>327.4</ele><time>2025-09-19T21:28:03Z</time></trkpt><trkpt lat="37.509893" lon="-83.963134"><ele>326.9</ele><time>2025-09-19T21:28:04Z</time></trkpt><trkpt lat="37.509773" lon="-83.963191"><ele>326.4</ele><time>2025-09-19T21:28:05Z</time></trkpt><trkpt lat="37.509641" lon="-83.963234"><ele>326.2</ele><time>2025-09-19T21:28:06Z</time></trkpt><trkpt lat="37.509366" lon="-83.963304"><ele>324.1</ele><time>2025-09-19T21:28:08Z</time></trkpt><trkpt lat="37.508941" lon="-83.963376"><ele>323.2</ele><time>2025-09-19T21:28:11Z</time></trkpt><trkpt lat="37.50825" lon="-83.963466"><ele>319.1</ele><time>2025-09-19T21:28:16Z</time></trkpt><trkpt lat="37.508115" lon="-83.963492"><ele>317.9</ele><time>2025-09-19T21:28:17Z</time></trkpt><trkpt lat="37.507845" lon="-83.963574"><ele>317.0</ele><time>2025-09-19T21:28:19Z</time></trkpt><trkpt lat="37.507521" lon="-83.963715"><ele>315.0</ele><time>2025-09-19T21:28:21Z</time></trkpt><trkpt lat="37.507339" lon="-83.963725"><ele>313.8</ele><time>2025-09-19T21:28:23Z</time></trkpt><trkpt lat="37.507143" lon="-83.96368"><ele>311.6</ele><time>2025-09-19T21:28:25Z</time></trkpt><trkpt lat="37.506753" lon="-83.963535"><ele>306.7</ele><time>2025-09-19T21:28:29Z</time></trkpt><trkpt lat="37.506659" lon="-83.963517"><ele>306.4</ele><time>2025-09-19T21:28:30Z</time></trkpt><trkpt lat="37.506519" lon="-83.963536"><ele>305.3</ele><time>2025-09-19T21:28:32Z</time></trkpt><trkpt lat="37.506467" lon="-83.963558"><ele>304.7</ele><time>2025-09-19T21:28:33Z</time></trkpt><trkpt lat="37.506283" lon="-83.963696"><ele>303.7</ele><time>2025-09-19T21:28:39Z</time></trkpt><trkpt lat="37.506247" lon="-83.9637"><ele>303.8</ele><time>2025-09-19T21:28:40Z</time></trkpt><trkpt lat="37.5062" lon="-83.963689"><ele>304.0</ele><time>2025-09-19T21:28:41Z</time></trkpt><trkpt lat="37.505998" lon="-83.963516"><ele>305.7</ele><time>2025-09-19T21:28:45Z</time></trkpt><trkpt lat="37.505724" lon="-83.963313"><ele>308.2</ele><time>2025-09-19T21:28:49Z</time></trkpt><trkpt lat="37.505549" lon="-83.963205"><ele>309.0</ele><time>2025-09-19T21:28:52Z</time></trkpt><trkpt lat="37.504952" lon="-83.962871"><ele>310.5</ele><time>2025-09-19T21:28:58Z</time></trkpt><trkpt lat="37.504565" lon="-83.962639"><ele>314.0</ele><time>2025-09-19T21:29:02Z</time></trkpt><trkpt lat="37.50437" lon="-83.962508"><ele>316.8</ele><time>2025-09-19T21:29:04Z</time></trkpt><trkpt lat="37.504183" lon="-83.962362"><ele>318.0</ele><time>2025-09-19T21:29:06Z</time></trkpt><trkpt lat="37.503789" lon="-83.962007"><ele>320.6</ele><time>2025-09-19T21:29:10Z</time></trkpt><trkpt lat="37.503684" lon="-83.961927"><ele>321.6</ele><time>2025-09-19T21:29:11Z</time></trkpt><trkpt lat="37.503248" lon="-83.961612"><ele>324.5</ele><time>2025-09-19T21:29:15Z</time></trkpt><trkpt lat="37.50252" lon="-83.961161"><ele>330.8</ele><time>2025-09-19T21:29:21Z</time></trkpt><trkpt lat="37.502146" lon="-83.960885"><ele>330.3</ele><time>2025-09-19T21:29:24Z</time></trkpt><trkpt lat="37.502024" lon="-83.960775"><ele>329.7</ele><time>2025-09-19T21:29:25Z</time></trkpt><trkpt lat="37.50167" lon="-83.960413"><ele>326.8</ele><time>2025-09-19T21:29:28Z</time></trkpt><trkpt lat="37.501418" lon="-83.960195"><ele>326.2</ele><time>2025-09-19T21:29:30Z</time></trkpt><trkpt lat="37.501042" lon="-83.959926"><ele>328.4</ele><time>2025-09-19T21:29:33Z</time></trkpt><trkpt lat="37.50064" lon="-83.95961"><ele>328.0</ele><time>2025-09-19T21:29:37Z</time></trkpt><trkpt lat="37.500343" lon="-83.959424"><ele>329.3</ele><time>2025-09-19T21:29:41Z</time></trkpt><trkpt lat="37.500238" lon="-83.959291"><ele>330.2</ele><time>2025-09-19T21:29:43Z</time></trkpt><trkpt lat="37.500103" lon="-83.959041"><ele>328.3</ele><time>2025-09-19T21:29:46Z</time></trkpt><trkpt lat="37.500031" lon="-83.958965"><ele>326.5</ele><time>2025-09-19T21:29:47Z</time></trkpt><trkpt lat="37.499947" lon="-83.958916"><ele>324.9</ele><time>2025-09-19T21:29:48Z</time></trkpt><trkpt lat="37.499847" lon="-83.9589"><ele>324.0</ele><time>2025-09-19T21:29:49Z</time></trkpt><trkpt lat="37.499753" lon="-83.958909"><ele>324.5</ele><time>2025-09-19T21:29:50Z</time></trkpt><trkpt lat="37.499664" lon="-83.958945"><ele>324.8</ele><time>2025-09-19T21:29:51Z</time></trkpt><trkpt lat="37.499575" lon="-83.958964"><ele>324.5</ele><time>2025-09-19T21:29:52Z</time></trkpt><trkpt lat="37.4992" lon="-83.959011"><ele>322.7</ele><time>2025-09-19T21:29:56Z</time></trkpt><trkpt lat="37.499105" lon="-83.959039"><ele>322.3</ele><time>2025-09-19T21:29:57Z</time></trkpt><trkpt lat="37.498743" lon="-83.959289"><ele>327.3</ele><time>2025-09-19T21:30:01Z</time></trkpt><trkpt lat="37.498451" lon="-83.959456"><ele>330.6</ele><time>2025-09-19T21:30:04Z</time></trkpt><trkpt lat="37.498345" lon="-83.959493"><ele>331.0</ele><time>2025-09-19T21:30:05Z</time></trkpt><trkpt lat="37.498115" lon="-83.959521"><ele>331.0</ele><time>2025-09-19T21:30:07Z</time></trkpt><trkpt lat="37.497751" lon="-83.959463"><ele>330.4</ele><time>2025-09-19T21:30:10Z</time></trkpt><trkpt lat="37.497068" lon="-83.959275"><ele>328.5</ele><time>2025-09-19T21:30:15Z</time></trkpt><trkpt lat="37.496782" lon="-83.959174"><ele>327.0</ele><time>2025-09-19T21:30:17Z</time></trkpt><trkpt lat="37.495353" lon="-83.958485"><ele>320.7</ele><time>2025-09-19T21:30:27Z</time></trkpt><trkpt lat="37.495249" lon="-83.958443"><ele>319.1</ele><time>2025-09-19T21:30:28Z</time></trkpt><trkpt lat="37.495156" lon="-83.958423"><ele>317.4</ele><time>2025-09-19T21:30:29Z</time></trkpt><trkpt lat="37.495069" lon="-83.958432"><ele>316.8</ele><time>2025-09-19T21:30:30Z</time></trkpt><trkpt lat="37.494986" lon="-83.958467"><ele>317.1</ele><time>2025-09-19T21:30:31Z</time></trkpt><trkpt lat="37.494701" lon="-83.958786"><ele>322.4</ele><time>2025-09-19T21:30:35Z</time></trkpt><trkpt lat="37.494231" lon="-83.959286"><ele>324.8</ele><time>2025-09-19T21:30:40Z</time></trkpt><trkpt lat="37.493808" lon="-83.959705"><ele>324.1</ele><time>2025-09-19T21:30:44Z</time></trkpt><trkpt lat="37.49359" lon="-83.959877"><ele>323.3</ele><time>2025-09-19T21:30:46Z</time></trkpt><trkpt lat="37.493254" lon="-83.960091"><ele>322.3</ele><time>2025-09-19T21:30:49Z</time></trkpt><trkpt lat="37.493004" lon="-83.96018"><ele>321.6</ele><time>2025-09-19T21:30:51Z</time></trkpt><trkpt lat="37.492614" lon="-83.960235"><ele>320.9</ele><time>2025-09-19T21:30:54Z</time></trkpt><trkpt lat="37.492338" lon="-83.960235"><ele>321.6</ele><time>2025-09-19T21:30:56Z</time></trkpt><trkpt lat="37.492065" lon="-83.960211"><ele>321.3</ele><time>2025-09-19T21:30:58Z</time></trkpt><trkpt lat="37.491788" lon="-83.960167"><ele>322.0</ele><time>2025-09-19T21:31:00Z</time></trkpt><trkpt lat="37.491226" lon="-83.960011"><ele>323.3</ele><time>2025-09-19T21:31:04Z</time></trkpt><trkpt lat="37.490713" lon="-83.959833"><ele>325.2</ele><time>2025-09-19T21:31:08Z</time></trkpt><trkpt lat="37.490604" lon="-83.959772"><ele>325.2</ele><time>2025-09-19T21:31:09Z</time></trkpt><trkpt lat="37.490503" lon="-83.959699"><ele>325.3</ele><time>2025-09-19T21:31:10Z</time></trkpt><trkpt lat="37.490409" lon="-83.959615"><ele>325.2</ele><time>2025-09-19T21:31:11Z</time></trkpt><trkpt lat="37.490072" lon="-83.959262"><ele>325.4</ele><time>2025-09-19T21:31:15Z</time></trkpt><trkpt lat="37.48959" lon="-83.958821"><ele>322.0</ele><time>2025-09-19T21:31:21Z</time></trkpt><trkpt lat="37.489529" lon="-83.95877"><ele>321.6</ele><time>2025-09-19T21:31:22Z</time></trkpt><trkpt lat="37.489461" lon="-83.958748"><ele>321.1</ele><time>2025-09-19T21:31:23Z</time></trkpt><trkpt lat="37.489384" lon="-83.958758"><ele>320.4</ele><time>2025-09-19T21:31:24Z</time></trkpt><trkpt lat="37.489157" lon="-83.958885"><ele>319.6</ele><time>2025-09-19T21:31:28Z</time></trkpt><trkpt lat="37.489056" lon="-83.958926"><ele>319.5</ele><time>2025-09-19T21:31:29Z</time></trkpt><trkpt lat="37.488835" lon="-83.958982"><ele>320.0</ele><time>2025-09-19T21:31:31Z</time></trkpt><trkpt lat="37.488603" lon="-83.959011"><ele>320.5</ele><time>2025-09-19T21:31:33Z</time></trkpt><trkpt lat="37.488123" lon="-83.959029"><ele>322.6</ele><time>2025-09-19T21:31:37Z</time></trkpt><trkpt lat="37.487885" lon="-83.958998"><ele>323.5</ele><time>2025-09-19T21:31:39Z</time></trkpt><trkpt lat="37.487409" lon="-83.958894"><ele>323.9</ele><time>2025-09-19T21:31:43Z</time></trkpt><trkpt lat="37.486791" lon="-83.958905"><ele>324.8</ele><time>2025-09-19T21:31:49Z</time></trkpt><trkpt lat="37.486692" lon="-83.958928"><ele>324.4</ele><time>2025-09-19T21:31:50Z</time></trkpt><trkpt lat="37.486595" lon="-83.958978"><ele>325.4</ele><time>2025-09-19T21:31:51Z</time></trkpt><trkpt lat="37.486506" lon="-83.959056"><ele>326.4</ele><time>2025-09-19T21:31:52Z</time></trkpt><trkpt lat="37.486429" lon="-83.959145"><ele>327.4</ele><time>2025-09-19T21:31:53Z</time></trkpt><trkpt lat="37.486021" lon="-83.959709"><ele>331.2</ele><time>2025-09-19T21:31:58Z</time></trkpt><trkpt lat="37.485853" lon="-83.959997"><ele>332.7</ele><time>2025-09-19T21:32:00Z</time></trkpt><trkpt lat="37.485622" lon="-83.960437"><ele>334.1</ele><time>2025-09-19T21:32:03Z</time></trkpt><trkpt lat="37.485498" lon="-83.960719"><ele>334.7</ele><time>2025-09-19T21:32:05Z</time></trkpt><trkpt lat="37.485374" lon="-83.960969"><ele>334.5</ele><time>2025-09-19T21:32:07Z</time></trkpt><trkpt lat="37.485323" lon="-83.961098"><ele>333.7</ele><time>2025-09-19T21:32:08Z</time></trkpt><trkpt lat="37.485286" lon="-83.961239"><ele>333.9</ele><time>2025-09-19T21:32:09Z</time></trkpt><trkpt lat="37.485145" lon="-83.961918"><ele>335.3</ele><time>2025-09-19T21:32:14Z</time></trkpt><trkpt lat="37.485105" lon="-83.962023"><ele>335.8</ele><time>2025-09-19T21:32:15Z</time></trkpt><trkpt lat="37.485049" lon="-83.962115"><ele>336.8</ele><time>2025-09-19T21:32:16Z</time></trkpt><trkpt lat="37.48498" lon="-83.962203"><ele>337.1</ele><time>2025-09-19T21:32:17Z</time></trkpt><trkpt lat="37.484639" lon="-83.96249"><ele>336.8</ele><time>2025-09-19T21:32:21Z</time></trkpt><trkpt lat="37.484449" lon="-83.962618"><ele>336.1</ele><time>2025-09-19T21:32:23Z</time></trkpt><trkpt lat="37.484264" lon="-83.96276"><ele>335.1</ele><time>2025-09-19T21:32:25Z</time></trkpt><trkpt lat="37.484103" lon="-83.962953"><ele>334.6</ele><time>2025-09-19T21:32:27Z</time></trkpt><trkpt lat="37.483871" lon="-83.963327"><ele>334.5</ele><time>2025-09-19T21:32:30Z</time></trkpt><trkpt lat="37.483045" lon="-83.96483"><ele>344.4</ele><time>2025-09-19T21:32:41Z</time></trkpt><trkpt lat="37.482981" lon="-83.964917"><ele>346.9</ele><time>2025-09-19T21:32:42Z</time></trkpt><trkpt lat="37.482913" lon="-83.964983"><ele>348.6</ele><time>2025-09-19T21:32:43Z</time></trkpt><trkpt lat="37.482645" lon="-83.965147"><ele>353.8</ele><time>2025-09-19T21:32:47Z</time></trkpt><trkpt lat="37.48254" lon="-83.965233"><ele>355.4</ele><time>2025-09-19T21:32:49Z</time></trkpt><trkpt lat="37.482438" lon="-83.965364"><ele>357.2</ele><time>2025-09-19T21:32:51Z</time></trkpt><trkpt lat="37.482396" lon="-83.965451"><ele>357.9</ele><time>2025-09-19T21:32:52Z</time></trkpt><trkpt lat="37.482338" lon="-83.965656"><ele>361.0</ele><time>2025-09-19T21:32:54Z</time></trkpt><trkpt lat="37.482234" lon="-83.966388"><ele>368.4</ele><time>2025-09-19T21:33:00Z</time></trkpt><trkpt lat="37.482167" lon="-83.966781"><ele>372.7</ele><time>2025-09-19T21:33:04Z</time></trkpt><trkpt lat="37.482149" lon="-83.967043"><ele>375.5</ele><time>2025-09-19T21:33:06Z</time></trkpt><trkpt lat="37.482154" lon="-83.967498"><ele>377.2</ele><time>2025-09-19T21:33:10Z</time></trkpt><trkpt lat="37.482141" lon="-83.967601"><ele>377.0</ele><time>2025-09-19T21:33:11Z</time></trkpt><trkpt lat="37.482106" lon="-83.967697"><ele>377.1</ele><time>2025-09-19T21:33:12Z</time></trkpt><trkpt lat="37.482051" lon="-83.967792"><ele>376.9</ele><time>2025-09-19T21:33:13Z</time></trkpt><trkpt lat="37.481977" lon="-83.967869"><ele>377.2</ele><time>2025-09-19T21:33:14Z</time></trkpt><trkpt lat="37.481889" lon="-83.967944"><ele>377.8</ele><time>2025-09-19T21:33:15Z</time></trkpt><trkpt lat="37.481538" lon="-83.968183"><ele>384.2</ele><time>2025-09-19T21:33:19Z</time></trkpt><trkpt lat="37.481465" lon="-83.968247"><ele>385.3</ele><time>2025-09-19T21:33:20Z</time></trkpt><trkpt lat="37.481328" lon="-83.968417"><ele>386.5</ele><time>2025-09-19T21:33:22Z</time></trkpt><trkpt lat="37.481194" lon="-83.968622"><ele>387.0</ele><time>2025-09-19T21:33:24Z</time></trkpt><trkpt lat="37.481132" lon="-83.968737"><ele>387.5</ele><time>2025-09-19T21:33:25Z</time></trkpt><trkpt lat="37.481021" lon="-83.968989"><ele>388.7</ele><time>2025-09-19T21:33:27Z</time></trkpt><trkpt lat="37.480885" lon="-83.969456"><ele>393.3</ele><time>2025-09-19T21:33:31Z</time></trkpt><trkpt lat="37.480801" lon="-83.969803"><ele>397.0</ele><time>2025-09-19T21:33:34Z</time></trkpt><trkpt lat="37.480782" lon="-83.969918"><ele>398.2</ele><time>2025-09-19T21:33:35Z</time></trkpt><trkpt lat="37.480748" lon="-83.970021"><ele>399.1</ele><time>2025-09-19T21:33:36Z</time></trkpt><trkpt lat="37.480697" lon="-83.970118"><ele>399.7</ele><time>2025-09-19T21:33:37Z</time></trkpt><trkpt lat="37.480631" lon="-83.970207"><ele>400.7</ele><time>2025-09-19T21:33:38Z</time></trkpt><trkpt lat="37.480458" lon="-83.970343"><ele>403.5</ele><time>2025-09-19T21:33:40Z</time></trkpt><trkpt lat="37.479833" lon="-83.970686"><ele>414.4</ele><time>2025-09-19T21:33:47Z</time></trkpt><trkpt lat="37.479738" lon="-83.970748"><ele>415.7</ele><time>2025-09-19T21:33:48Z</time></trkpt><trkpt lat="37.47965" lon="-83.970825"><ele>417.3</ele><time>2025-09-19T21:33:49Z</time></trkpt><trkpt lat="37.479584" lon="-83.970924"><ele>419.3</ele><time>2025-09-19T21:33:50Z</time></trkpt><trkpt lat="37.479274" lon="-83.971624"><ele>429.1</ele><time>2025-09-19T21:33:56Z</time></trkpt><trkpt lat="37.47915" lon="-83.97183"><ele>431.0</ele><time>2025-09-19T21:33:58Z</time></trkpt><trkpt lat="37.479015" lon="-83.972018"><ele>431.3</ele><time>2025-09-19T21:34:00Z</time></trkpt><trkpt lat="37.478933" lon="-83.972113"><ele>431.7</ele><time>2025-09-19T21:34:01Z</time></trkpt><trkpt lat="37.478837" lon="-83.972197"><ele>431.9</ele><time>2025-09-19T21:34:02Z</time></trkpt><trkpt lat="37.478621" lon="-83.972325"><ele>432.4</ele><time>2025-09-19T21:34:04Z</time></trkpt><trkpt lat="37.478288" lon="-83.972477"><ele>431.9</ele><time>2025-09-19T21:34:07Z</time></trkpt><trkpt lat="37.477955" lon="-83.972611"><ele>430.0</ele><time>2025-09-19T21:34:10Z</time></trkpt><trkpt lat="37.477863" lon="-83.972669"><ele>430.1</ele><time>2025-09-19T21:34:11Z</time></trkpt><trkpt lat="37.477781" lon="-83.972736"><ele>430.1</ele><time>2025-09-19T21:34:12Z</time></trkpt><trkpt lat="37.477708" lon="-83.972817"><ele>429.8</ele><time>2025-09-19T21:34:13Z</time></trkpt><trkpt lat="37.477602" lon="-83.972967"><ele>430.0</ele><time>2025-09-19T21:34:15Z</time></trkpt><trkpt lat="37.477469" lon="-83.973188"><ele>430.2</ele><time>2025-09-19T21:34:20Z</time></trkpt><trkpt lat="37.477406" lon="-83.973352"><ele>431.5</ele><time>2025-09-19T21:34:24Z</time></trkpt><trkpt lat="37.477365" lon="-83.973406"><ele>431.4</ele><time>2025-09-19T21:34:25Z</time></trkpt><trkpt lat="37.476932" lon="-83.973655"><ele>431.4</ele><time>2025-09-19T21:34:30Z</time></trkpt><trkpt lat="37.475964" lon="-83.974235"><ele>430.5</ele><time>2025-09-19T21:34:39Z</time></trkpt><trkpt lat="37.475749" lon="-83.974347"><ele>430.0</ele><time>2025-09-19T21:34:41Z</time></trkpt><trkpt lat="37.475526" lon="-83.97442"><ele>429.3</ele><time>2025-09-19T21:34:43Z</time></trkpt><trkpt lat="37.475412" lon="-83.974435"><ele>428.9</ele><time>2025-09-19T21:34:44Z</time></trkpt><trkpt lat="37.475291" lon="-83.974426"><ele>428.4</ele><time>2025-09-19T21:34:45Z</time></trkpt><trkpt lat="37.475172" lon="-83.974391"><ele>427.4</ele><time>2025-09-19T21:34:46Z</time></trkpt><trkpt lat="37.475054" lon="-83.974328"><ele>426.5</ele><time>2025-09-19T21:34:47Z</time></trkpt><trkpt lat="37.474939" lon="-83.974243"><ele>426.0</ele><time>2025-09-19T21:34:48Z</time></trkpt><trkpt lat="37.474826" lon="-83.974134"><ele>425.3</ele><time>2025-09-19T21:34:49Z</time></trkpt><trkpt lat="37.472879" lon="-83.971956"><ele>424.9</ele><time>2025-09-19T21:35:06Z</time></trkpt><trkpt lat="37.472538" lon="-83.971601"><ele>424.6</ele><time>2025-09-19T21:35:09Z</time></trkpt><trkpt lat="37.472418" lon="-83.971497"><ele>424.5</ele><time>2025-09-19T21:35:10Z</time></trkpt><trkpt lat="37.47229" lon="-83.971402"><ele>424.0</ele><time>2025-09-19T21:35:11Z</time></trkpt><trkpt lat="37.472151" lon="-83.97132"><ele>424.0</ele><time>2025-09-19T21:35:12Z</time></trkpt><trkpt lat="37.472005" lon="-83.971251"><ele>423.8</ele><time>2025-09-19T21:35:13Z</time></trkpt><trkpt lat="37.471853" lon="-83.971203"><ele>423.4</ele><time>2025-09-19T21:35:14Z</time></trkpt><trkpt lat="37.471698" lon="-83.971176"><ele>423.4</ele><time>2025-09-19T21:35:15Z</time></trkpt><trkpt lat="37.47154" lon="-83.97117"><ele>423.1</ele><time>2025-09-19T21:35:16Z</time></trkpt><trkpt lat="37.47138" lon="-83.971187"><ele>423.5</ele><time>2025-09-19T21:35:17Z</time></trkpt><trkpt lat="37.471221" lon="-83.971223"><ele>423.4</ele><time>2025-09-19T21:35:18Z</time></trkpt><trkpt lat="37.471064" lon="-83.971281"><ele>423.7</ele><time>2025-09-19T21:35:19Z</time></trkpt><trkpt lat="37.470608" lon="-83.971519"><ele>425.1</ele><time>2025-09-19T21:35:22Z</time></trkpt><trkpt lat="37.470453" lon="-83.971589"><ele>426.5</ele><time>2025-09-19T21:35:23Z</time></trkpt><trkpt lat="37.470294" lon="-83.971638"><ele>427.1</ele><time>2025-09-19T21:35:24Z</time></trkpt><trkpt lat="37.470131" lon="-83.971673"><ele>427.8</ele><time>2025-09-19T21:35:25Z</time></trkpt><trkpt lat="37.469963" lon="-83.97168"><ele>428.1</ele><time>2025-09-19T21:35:26Z</time></trkpt><trkpt lat="37.469796" lon="-83.971671"><ele>428.0</ele><time>2025-09-19T21:35:27Z</time></trkpt><trkpt lat="37.469629" lon="-83.971646"><ele>427.6</ele><time>2025-09-19T21:35:28Z</time></trkpt><trkpt lat="37.468613" lon="-83.971468"><ele>422.9</ele><time>2025-09-19T21:35:34Z</time></trkpt><trkpt lat="37.467738" lon="-83.971377"><ele>418.8</ele><time>2025-09-19T21:35:39Z</time></trkpt><trkpt lat="37.466205" lon="-83.971324"><ele>418.0</ele><time>2025-09-19T21:35:48Z</time></trkpt><trkpt lat="37.465917" lon="-83.97134"><ele>419.5</ele><time>2025-09-19T21:35:50Z</time></trkpt><trkpt lat="37.465358" lon="-83.971411"><ele>422.2</ele><time>2025-09-19T21:35:54Z</time></trkpt><trkpt lat="37.465087" lon="-83.971417"><ele>423.1</ele><time>2025-09-19T21:35:56Z</time></trkpt><trkpt lat="37.464948" lon="-83.971405"><ele>423.4</ele><time>2025-09-19T21:35:57Z</time></trkpt><trkpt lat="37.464811" lon="-83.971371"><ele>423.6</ele><time>2025-09-19T21:35:58Z</time></trkpt><trkpt lat="37.464418" lon="-83.971204"><ele>424.4</ele><time>2025-09-19T21:36:01Z</time></trkpt><trkpt lat="37.464282" lon="-83.971175"><ele>424.2</ele><time>2025-09-19T21:36:02Z</time></trkpt><trkpt lat="37.464147" lon="-83.971181"><ele>424.9</ele><time>2025-09-19T21:36:03Z</time></trkpt><trkpt lat="37.464005" lon="-83.971213"><ele>424.9</ele><time>2025-09-19T21:36:04Z</time></trkpt><trkpt lat="37.463882" lon="-83.971283"><ele>425.0</ele><time>2025-09-19T21:36:05Z</time></trkpt><trkpt lat="37.46363" lon="-83.971447"><ele>425.0</ele><time>2025-09-19T21:36:07Z</time></trkpt><trkpt lat="37.462852" lon="-83.972018"><ele>424.9</ele><time>2025-09-19T21:36:13Z</time></trkpt><trkpt lat="37.46272" lon="-83.972099"><ele>425.1</ele><time>2025-09-19T21:36:14Z</time></trkpt><trkpt lat="37.462581" lon="-83.972158"><ele>424.9</ele><time>2025-09-19T21:36:15Z</time></trkpt><trkpt lat="37.462439" lon="-83.972193"><ele>425.1</ele><time>2025-09-19T21:36:16Z</time></trkpt><trkpt lat="37.462301" lon="-83.972201"><ele>425.1</ele><time>2025-09-19T21:36:17Z</time></trkpt><trkpt lat="37.462164" lon="-83.97218"><ele>424.9</ele><time>2025-09-19T21:36:18Z</time></trkpt><trkpt lat="37.462031" lon="-83.972138"><ele>424.9</ele><time>2025-09-19T21:36:19Z</time></trkpt><trkpt lat="37.461908" lon="-83.97207"><ele>425.1</ele><time>2025-09-19T21:36:20Z</time></trkpt><trkpt lat="37.461798" lon="-83.971981"><ele>425.0</ele><time>2025-09-19T21:36:21Z</time></trkpt><trkpt lat="37.461699" lon="-83.971882"><ele>425.2</ele><time>2025-09-19T21:36:22Z</time></trkpt><trkpt lat="37.461617" lon="-83.971768"><ele>425.1</ele><time>2025-09-19T21:36:23Z</time></trkpt><trkpt lat="37.461545" lon="-83.971635"><ele>425.2</ele><time>2025-09-19T21:36:24Z</time></trkpt><trkpt lat="37.461488" lon="-83.971483"><ele>425.4</ele><time>2025-09-19T21:36:25Z</time></trkpt><trkpt lat="37.461442" lon="-83.971318"><ele>425.5</ele><time>2025-09-19T21:36:26Z</time></trkpt><trkpt lat="37.461414" lon="-83.971149"><ele>425.3</ele><time>2025-09-19T21:36:27Z</time></trkpt><trkpt lat="37.461409" lon="-83.970975"><ele>425.1</ele><time>2025-09-19T21:36:28Z</time></trkpt><trkpt lat="37.461434" lon="-83.97063"><ele>424.4</ele><time>2025-09-19T21:36:30Z</time></trkpt><trkpt lat="37.461436" lon="-83.97046"><ele>424.0</ele><time>2025-09-19T21:36:31Z</time></trkpt><trkpt lat="37.461418" lon="-83.970289"><ele>424.0</ele><time>2025-09-19T21:36:32Z</time></trkpt><trkpt lat="37.461379" lon="-83.970121"><ele>424.1</ele><time>2025-09-19T21:36:33Z</time></trkpt><trkpt lat="37.460893" lon="-83.968817"><ele>423.2</ele><time>2025-09-19T21:36:41Z</time></trkpt><trkpt lat="37.460786" lon="-83.968579"><ele>423.0</ele><time>2025-09-19T21:36:43Z</time></trkpt><trkpt lat="37.460652" lon="-83.968348"><ele>422.9</ele><time>2025-09-19T21:36:46Z</time></trkpt><trkpt lat="37.460537" lon="-83.968216"><ele>422.3</ele><time>2025-09-19T21:36:50Z</time></trkpt><trkpt lat="37.460391" lon="-83.968007"><ele>421.5</ele><time>2025-09-19T21:36:53Z</time></trkpt><trkpt lat="37.460326" lon="-83.967941"><ele>422.0</ele><time>2025-09-19T21:36:54Z</time></trkpt><trkpt lat="37.460099" lon="-83.967777"><ele>422.5</ele><time>2025-09-19T21:36:57Z</time></trkpt><trkpt lat="37.459938" lon="-83.967624"><ele>422.2</ele><time>2025-09-19T21:36:59Z</time></trkpt><trkpt lat="37.459063" lon="-83.966718"><ele>424.8</ele><time>2025-09-19T21:37:09Z</time></trkpt><trkpt lat="37.458854" lon="-83.966544"><ele>422.9</ele><time>2025-09-19T21:37:11Z</time></trkpt><trkpt lat="37.458481" lon="-83.966274"><ele>417.7</ele><time>2025-09-19T21:37:14Z</time></trkpt><trkpt lat="37.458095" lon="-83.966022"><ele>418.7</ele><time>2025-09-19T21:37:17Z</time></trkpt><trkpt lat="37.457857" lon="-83.965891"><ele>418.8</ele><time>2025-09-19T21:37:19Z</time></trkpt><trkpt lat="37.457742" lon="-83.965843"><ele>419.4</ele><time>2025-09-19T21:37:20Z</time></trkpt><trkpt lat="37.457267" lon="-83.965684"><ele>423.0</ele><time>2025-09-19T21:37:25Z</time></trkpt><trkpt lat="37.456766" lon="-83.965476"><ele>421.5</ele><time>2025-09-19T21:37:31Z</time></trkpt><trkpt lat="37.456586" lon="-83.965378"><ele>420.1</ele><time>2025-09-19T21:37:33Z</time></trkpt><trkpt lat="37.456497" lon="-83.965308"><ele>419.4</ele><time>2025-09-19T21:37:34Z</time></trkpt><trkpt lat="37.456252" lon="-83.965053"><ele>419.1</ele><time>2025-09-19T21:37:37Z</time></trkpt><trkpt lat="37.456113" lon="-83.964871"><ele>420.0</ele><time>2025-09-19T21:37:39Z</time></trkpt><trkpt lat="37.456058" lon="-83.96477"><ele>420.3</ele><time>2025-09-19T21:37:40Z</time></trkpt><trkpt lat="37.456016" lon="-83.964664"><ele>420.8</ele><time>2025-09-19T21:37:41Z</time></trkpt><trkpt lat="37.455987" lon="-83.964553"><ele>421.1</ele><time>2025-09-19T21:37:42Z</time></trkpt><trkpt lat="37.455919" lon="-83.963937"><ele>421.5</ele><time>2025-09-19T21:37:47Z</time></trkpt><trkpt lat="37.455819" lon="-83.963482"><ele>419.0</ele><time>2025-09-19T21:37:50Z</time></trkpt><trkpt lat="37.455725" lon="-83.963188"><ele>418.6</ele><time>2025-09-19T21:37:52Z</time></trkpt><trkpt lat="37.455667" lon="-83.963058"><ele>418.6</ele><time>2025-09-19T21:37:53Z</time></trkpt><trkpt lat="37.455594" lon="-83.96294"><ele>418.5</ele><time>2025-09-19T21:37:54Z</time></trkpt><trkpt lat="37.455504" lon="-83.96284"><ele>419.0</ele><time>2025-09-19T21:37:55Z</time></trkpt><trkpt lat="37.455322" lon="-83.962707"><ele>420.4</ele><time>2025-09-19T21:37:57Z</time></trkpt><trkpt lat="37.454998" lon="-83.962522"><ele>422.6</ele><time>2025-09-19T21:38:02Z</time></trkpt><trkpt lat="37.454864" lon="-83.962477"><ele>422.5</ele><time>2025-09-19T21:38:05Z</time></trkpt><trkpt lat="37.45482" lon="-83.962474"><ele>422.5</ele><time>2025-09-19T21:38:06Z</time></trkpt><trkpt lat="37.454754" lon="-83.962488"><ele>422.1</ele><time>2025-09-19T21:38:07Z</time></trkpt><trkpt lat="37.45459" lon="-83.962568"><ele>421.4</ele><time>2025-09-19T21:38:09Z</time></trkpt><trkpt lat="37.453668" lon="-83.963149"><ele>422.7</ele><time>2025-09-19T21:38:18Z</time></trkpt><trkpt lat="37.453373" lon="-83.963325"><ele>423.1</ele><time>2025-09-19T21:38:21Z</time></trkpt><trkpt lat="37.453174" lon="-83.963431"><ele>423.4</ele><time>2025-09-19T21:38:23Z</time></trkpt><trkpt lat="37.453074" lon="-83.96347"><ele>423.3</ele><time>2025-09-19T21:38:24Z</time></trkpt><trkpt lat="37.452968" lon="-83.963493"><ele>423.5</ele><time>2025-09-19T21:38:25Z</time></trkpt><trkpt lat="37.452542" lon="-83.963532"><ele>423.6</ele><time>2025-09-19T21:38:29Z</time></trkpt><trkpt lat="37.452431" lon="-83.963556"><ele>423.2</ele><time>2025-09-19T21:38:30Z</time></trkpt><trkpt lat="37.452323" lon="-83.963592"><ele>422.9</ele><time>2025-09-19T21:38:31Z</time></trkpt><trkpt lat="37.45222" lon="-83.96364"><ele>423.2</ele><time>2025-09-19T21:38:32Z</time></trkpt><trkpt lat="37.452127" lon="-83.963706"><ele>423.3</ele><time>2025-09-19T21:38:33Z</time></trkpt><trkpt lat="37.452048" lon="-83.963789"><ele>423.4</ele><time>2025-09-19T21:38:34Z</time></trkpt><trkpt lat="37.451983" lon="-83.963893"><ele>423.3</ele><time>2025-09-19T21:38:35Z</time></trkpt><trkpt lat="37.451934" lon="-83.964009"><ele>423.5</ele><time>2025-09-19T21:38:36Z</time></trkpt><trkpt lat="37.451812" lon="-83.964498"><ele>424.3</ele><time>2025-09-19T21:38:40Z</time></trkpt><trkpt lat="37.451702" lon="-83.964715"><ele>423.8</ele><time>2025-09-19T21:38:42Z</time></trkpt><trkpt lat="37.451633" lon="-83.964812"><ele>423.8</ele><time>2025-09-19T21:38:43Z</time></trkpt><trkpt lat="37.451553" lon="-83.96489"><ele>423.5</ele><time>2025-09-19T21:38:44Z</time></trkpt><trkpt lat="37.451474" lon="-83.964947"><ele>423.6</ele><time>2025-09-19T21:38:45Z</time></trkpt><trkpt lat="37.451403" lon="-83.964981"><ele>423.5</ele><time>2025-09-19T21:38:46Z</time></trkpt><trkpt lat="37.45074" lon="-83.965213"><ele>422.9</ele><time>2025-09-19T21:38:57Z</time></trkpt><trkpt lat="37.450569" lon="-83.96525"><ele>423.4</ele><time>2025-09-19T21:39:00Z</time></trkpt><trkpt lat="37.450437" lon="-83.965294"><ele>423.6</ele><time>2025-09-19T21:39:02Z</time></trkpt><trkpt lat="37.450375" lon="-83.965319"><ele>424.0</ele><time>2025-09-19T21:39:03Z</time></trkpt><trkpt lat="37.450268" lon="-83.965383"><ele>424.3</ele><time>2025-09-19T21:39:05Z</time></trkpt><trkpt lat="37.450165" lon="-83.965475"><ele>424.1</ele><time>2025-09-19T21:39:07Z</time></trkpt><trkpt lat="37.450114" lon="-83.965535"><ele>424.0</ele><time>2025-09-19T21:39:08Z</time></trkpt><trkpt lat="37.449779" lon="-83.966063"><ele>420.0</ele><time>2025-09-19T21:39:14Z</time></trkpt><trkpt lat="37.44949" lon="-83.966452"><ele>418.9</ele><time>2025-09-19T21:39:18Z</time></trkpt><trkpt lat="37.44931" lon="-83.966619"><ele>419.2</ele><time>2025-09-19T21:39:20Z</time></trkpt><trkpt lat="37.449208" lon="-83.966681"><ele>419.0</ele><time>2025-09-19T21:39:21Z</time></trkpt><trkpt lat="37.449096" lon="-83.966729"><ele>418.7</ele><time>2025-09-19T21:39:22Z</time></trkpt><trkpt lat="37.448233" lon="-83.966928"><ele>417.7</ele><time>2025-09-19T21:39:29Z</time></trkpt><trkpt lat="37.448108" lon="-83.966978"><ele>417.4</ele><time>2025-09-19T21:39:30Z</time></trkpt><trkpt lat="37.447993" lon="-83.967049"><ele>418.1</ele><time>2025-09-19T21:39:31Z</time></trkpt><trkpt lat="37.447889" lon="-83.967137"><ele>419.0</ele><time>2025-09-19T21:39:32Z</time></trkpt><trkpt lat="37.447807" lon="-83.967246"><ele>420.2</ele><time>2025-09-19T21:39:33Z</time></trkpt><trkpt lat="37.447746" lon="-83.967374"><ele>421.0</ele><time>2025-09-19T21:39:34Z</time></trkpt><trkpt lat="37.447702" lon="-83.967518"><ele>421.9</ele><time>2025-09-19T21:39:35Z</time></trkpt><trkpt lat="37.447549" lon="-83.968138"><ele>423.7</ele><time>2025-09-19T21:39:39Z</time></trkpt><trkpt lat="37.447497" lon="-83.968287"><ele>424.1</ele><time>2025-09-19T21:39:40Z</time></trkpt><trkpt lat="37.44736" lon="-83.968578"><ele>423.1</ele><time>2025-09-19T21:39:42Z</time></trkpt><trkpt lat="37.447278" lon="-83.968723"><ele>423.1</ele><time>2025-09-19T21:39:43Z</time></trkpt><trkpt lat="37.447099" lon="-83.968987"><ele>422.4</ele><time>2025-09-19T21:39:45Z</time></trkpt><trkpt lat="37.446665" lon="-83.969519"><ele>421.1</ele><time>2025-09-19T21:39:50Z</time></trkpt><trkpt lat="37.446586" lon="-83.969588"><ele>420.4</ele><time>2025-09-19T21:39:51Z</time></trkpt><trkpt lat="37.446493" lon="-83.969635"><ele>419.2</ele><time>2025-09-19T21:39:52Z</time></trkpt><trkpt lat="37.446387" lon="-83.96966"><ele>418.5</ele><time>2025-09-19T21:39:53Z</time></trkpt><trkpt lat="37.446274" lon="-83.969655"><ele>417.3</ele><time>2025-09-19T21:39:54Z</time></trkpt><trkpt lat="37.446163" lon="-83.969622"><ele>416.2</ele><time>2025-09-19T21:39:55Z</time></trkpt><trkpt lat="37.446054" lon="-83.969558"><ele>414.9</ele><time>2025-09-19T21:39:56Z</time></trkpt><trkpt lat="37.445945" lon="-83.969473"><ele>413.8</ele><time>2025-09-19T21:39:57Z</time></trkpt><trkpt lat="37.44587" lon="-83.969349"><ele>413.8</ele><time>2025-09-19T21:39:58Z</time></trkpt><trkpt lat="37.445826" lon="-83.969198"><ele>413.6</ele><time>2025-09-19T21:39:59Z</time></trkpt><trkpt lat="37.445815" lon="-83.969054"><ele>413.3</ele><time>2025-09-19T21:40:00Z</time></trkpt><trkpt lat="37.445825" lon="-83.968521"><ele>412.8</ele><time>2025-09-19T21:40:05Z</time></trkpt><trkpt lat="37.445847" lon="-83.968016"><ele>412.9</ele><time>2025-09-19T21:40:11Z</time></trkpt><trkpt lat="37.445833" lon="-83.967672"><ele>414.6</ele><time>2025-09-19T21:40:14Z</time></trkpt><trkpt lat="37.445771" lon="-83.967309"><ele>417.0</ele><time>2025-09-19T21:40:17Z</time></trkpt><trkpt lat="37.445705" lon="-83.967065"><ele>419.1</ele><time>2025-09-19T21:40:19Z</time></trkpt><trkpt lat="37.445611" lon="-83.96683"><ele>420.4</ele><time>2025-09-19T21:40:21Z</time></trkpt><trkpt lat="37.445512" lon="-83.966634"><ele>422.1</ele><time>2025-09-19T21:40:23Z</time></trkpt><trkpt lat="37.4454" lon="-83.966486"><ele>422.7</ele><time>2025-09-19T21:40:25Z</time></trkpt><trkpt lat="37.445324" lon="-83.966417"><ele>422.9</ele><time>2025-09-19T21:40:26Z</time></trkpt><trkpt lat="37.445239" lon="-83.966359"><ele>423.1</ele><time>2025-09-19T21:40:27Z</time></trkpt><trkpt lat="37.445047" lon="-83.966267"><ele>423.5</ele><time>2025-09-19T21:40:29Z</time></trkpt><trkpt lat="37.444866" lon="-83.966141"><ele>423.4</ele><time>2025-09-19T21:40:31Z</time></trkpt><trkpt lat="37.444783" lon="-83.966062"><ele>423.3</ele><time>2025-09-19T21:40:32Z</time></trkpt><trkpt lat="37.44471" lon="-83.965972"><ele>423.2</ele><time>2025-09-19T21:40:33Z</time></trkpt><trkpt lat="37.444157" lon="-83.965081"><ele>422.3</ele><time>2025-09-19T21:40:41Z</time></trkpt><trkpt lat="37.444035" lon="-83.964862"><ele>422.4</ele><time>2025-09-19T21:40:43Z</time></trkpt><trkpt lat="37.443943" lon="-83.964662"><ele>421.3</ele><time>2025-09-19T21:40:45Z</time></trkpt><trkpt lat="37.443908" lon="-83.964551"><ele>421.0</ele><time>2025-09-19T21:40:46Z</time></trkpt><trkpt lat="37.443891" lon="-83.964437"><ele>420.9</ele><time>2025-09-19T21:40:47Z</time></trkpt><trkpt lat="37.443888" lon="-83.964334"><ele>421.0</ele><time>2025-09-19T21:40:48Z</time></trkpt><trkpt lat="37.443901" lon="-83.964233"><ele>420.9</ele><time>2025-09-19T21:40:49Z</time></trkpt><trkpt lat="37.443958" lon="-83.96404"><ele>420.3</ele><time>2025-09-19T21:40:51Z</time></trkpt><trkpt lat="37.444085" lon="-83.963775"><ele>419.3</ele><time>2025-09-19T21:40:54Z</time></trkpt><trkpt lat="37.444165" lon="-83.963578"><ele>418.7</ele><time>2025-09-19T21:40:56Z</time></trkpt><trkpt lat="37.444186" lon="-83.963467"><ele>418.7</ele><time>2025-09-19T21:40:57Z</time></trkpt><trkpt lat="37.444184" lon="-83.963353"><ele>418.6</ele><time>2025-09-19T21:40:58Z</time></trkpt><trkpt lat="37.444167" lon="-83.963243"><ele>418.6</ele><time>2025-09-19T21:40:59Z</time></trkpt><trkpt lat="37.444136" lon="-83.963141"><ele>419.3</ele><time>2025-09-19T21:41:00Z</time></trkpt><trkpt lat="37.444088" lon="-83.963051"><ele>419.8</ele><time>2025-09-19T21:41:01Z</time></trkpt><trkpt lat="37.443953" lon="-83.962897"><ele>420.4</ele><time>2025-09-19T21:41:03Z</time></trkpt><trkpt lat="37.443593" lon="-83.962603"><ele>421.2</ele><time>2025-09-19T21:41:07Z</time></trkpt><trkpt lat="37.443501" lon="-83.962512"><ele>422.0</ele><time>2025-09-19T21:41:08Z</time></trkpt><trkpt lat="37.443419" lon="-83.962409"><ele>422.6</ele><time>2025-09-19T21:41:09Z</time></trkpt><trkpt lat="37.44335" lon="-83.962293"><ele>422.9</ele><time>2025-09-19T21:41:10Z</time></trkpt><trkpt lat="37.443251" lon="-83.962026"><ele>422.9</ele><time>2025-09-19T21:41:12Z</time></trkpt><trkpt lat="37.443175" lon="-83.961728"><ele>422.1</ele><time>2025-09-19T21:41:14Z</time></trkpt><trkpt lat="37.44309" lon="-83.961308"><ele>420.8</ele><time>2025-09-19T21:41:17Z</time></trkpt><trkpt lat="37.443066" lon="-83.961084"><ele>421.2</ele><time>2025-09-19T21:41:19Z</time></trkpt><trkpt lat="37.443061" lon="-83.960875"><ele>421.5</ele><time>2025-09-19T21:41:21Z</time></trkpt><trkpt lat="37.443099" lon="-83.960364"><ele>421.1</ele><time>2025-09-19T21:41:26Z</time></trkpt><trkpt lat="37.443087" lon="-83.960251"><ele>421.1</ele><time>2025-09-19T21:41:27Z</time></trkpt><trkpt lat="37.443052" lon="-83.960141"><ele>421.1</ele><time>2025-09-19T21:41:28Z</time></trkpt><trkpt lat="37.442995" lon="-83.960047"><ele>421.1</ele><time>2025-09-19T21:41:29Z</time></trkpt><trkpt lat="37.442918" lon="-83.95997"><ele>421.2</ele><time>2025-09-19T21:41:30Z</time></trkpt><trkpt lat="37.442829" lon="-83.959909"><ele>421.3</ele><time>2025-09-19T21:41:31Z</time></trkpt><trkpt lat="37.442402" lon="-83.959689"><ele>422.6</ele><time>2025-09-19T21:41:35Z</time></trkpt><trkpt lat="37.442287" lon="-83.959619"><ele>423.3</ele><time>2025-09-19T21:41:36Z</time></trkpt><trkpt lat="37.44206" lon="-83.959443"><ele>424.1</ele><time>2025-09-19T21:41:38Z</time></trkpt><trkpt lat="37.441851" lon="-83.959223"><ele>424.5</ele><time>2025-09-19T21:41:40Z</time></trkpt><trkpt lat="37.441303" lon="-83.958536"><ele>424.8</ele><time>2025-09-19T21:41:46Z</time></trkpt><trkpt lat="37.441212" lon="-83.958436"><ele>425.2</ele><time>2025-09-19T21:41:47Z</time></trkpt><trkpt lat="37.441116" lon="-83.95835"><ele>425.7</ele><time>2025-09-19T21:41:48Z</time></trkpt><trkpt lat="37.441011" lon="-83.958283"><ele>426.5</ele><time>2025-09-19T21:41:49Z</time></trkpt><trkpt lat="37.440896" lon="-83.958235"><ele>427.0</ele><time>2025-09-19T21:41:50Z</time></trkpt><trkpt lat="37.440397" lon="-83.958118"><ele>427.9</ele><time>2025-09-19T21:41:54Z</time></trkpt><trkpt lat="37.439564" lon="-83.957947"><ele>428.3</ele><time>2025-09-19T21:42:01Z</time></trkpt><trkpt lat="37.439325" lon="-83.957938"><ele>428.8</ele><time>2025-09-19T21:42:03Z</time></trkpt><trkpt lat="37.439206" lon="-83.957949"><ele>429.0</ele><time>2025-09-19T21:42:04Z</time></trkpt><trkpt lat="37.43909" lon="-83.957974"><ele>429.2</ele><time>2025-09-19T21:42:05Z</time></trkpt><trkpt lat="37.438978" lon="-83.958019"><ele>429.6</ele><time>2025-09-19T21:42:06Z</time></trkpt><trkpt lat="37.438761" lon="-83.958146"><ele>429.6</ele><time>2025-09-19T21:42:08Z</time></trkpt><trkpt lat="37.438448" lon="-83.958371"><ele>428.5</ele><time>2025-09-19T21:42:11Z</time></trkpt><trkpt lat="37.437904" lon="-83.958785"><ele>428.0</ele><time>2025-09-19T21:42:16Z</time></trkpt><trkpt lat="37.437567" lon="-83.958993"><ele>427.7</ele><time>2025-09-19T21:42:19Z</time></trkpt><trkpt lat="37.437316" lon="-83.959094"><ele>427.6</ele><time>2025-09-19T21:42:21Z</time></trkpt><trkpt lat="37.437068" lon="-83.959154"><ele>428.2</ele><time>2025-09-19T21:42:23Z</time></trkpt><trkpt lat="37.436806" lon="-83.95916"><ele>427.0</ele><time>2025-09-19T21:42:25Z</time></trkpt><trkpt lat="37.436537" lon="-83.959126"><ele>427.6</ele><time>2025-09-19T21:42:27Z</time></trkpt><trkpt lat="37.436284" lon="-83.95905"><ele>429.5</ele><time>2025-09-19T21:42:29Z</time></trkpt><trkpt lat="37.436171" lon="-83.958996"><ele>430.1</ele><time>2025-09-19T21:42:30Z</time></trkpt><trkpt lat="37.435954" lon="-83.958859"><ele>429.7</ele><time>2025-09-19T21:42:32Z</time></trkpt><trkpt lat="37.435509" lon="-83.958532"><ele>428.1</ele><time>2025-09-19T21:42:36Z</time></trkpt><trkpt lat="37.435404" lon="-83.958438"><ele>428.0</ele><time>2025-09-19T21:42:37Z</time></trkpt><trkpt lat="37.435216" lon="-83.95824"><ele>427.4</ele><time>2025-09-19T21:42:39Z</time></trkpt><trkpt lat="37.435136" lon="-83.958119"><ele>427.7</ele><time>2025-09-19T21:42:40Z</time></trkpt><trkpt lat="37.435068" lon="-83.957991"><ele>427.3</ele><time>2025-09-19T21:42:41Z</time></trkpt><trkpt lat="37.435014" lon="-83.957854"><ele>426.7</ele><time>2025-09-19T21:42:42Z</time></trkpt><trkpt lat="37.434874" lon="-83.957406"><ele>424.1</ele><time>2025-09-19T21:42:45Z</time></trkpt><trkpt lat="37.434767" lon="-83.95712"><ele>423.7</ele><time>2025-09-19T21:42:47Z</time></trkpt><trkpt lat="37.434699" lon="-83.957"><ele>423.5</ele><time>2025-09-19T21:42:48Z</time></trkpt><trkpt lat="37.434625" lon="-83.956897"><ele>423.8</ele><time>2025-09-19T21:42:49Z</time></trkpt><trkpt lat="37.434545" lon="-83.956811"><ele>424.0</ele><time>2025-09-19T21:42:50Z</time></trkpt><trkpt lat="37.434451" lon="-83.956736"><ele>424.1</ele><time>2025-09-19T21:42:51Z</time></trkpt><trkpt lat="37.43423" lon="-83.95661"><ele>422.9</ele><time>2025-09-19T21:42:53Z</time></trkpt><trkpt lat="37.433835" lon="-83.956446"><ele>421.4</ele><time>2025-09-19T21:42:56Z</time></trkpt><trkpt lat="37.433694" lon="-83.956396"><ele>421.2</ele><time>2025-09-19T21:42:57Z</time></trkpt><trkpt lat="37.433548" lon="-83.95636"><ele>420.9</ele><time>2025-09-19T21:42:58Z</time></trkpt><trkpt lat="37.433396" lon="-83.956347"><ele>421.0</ele><time>2025-09-19T21:42:59Z</time></trkpt><trkpt lat="37.43324" lon="-83.956361"><ele>421.6</ele><time>2025-09-19T21:43:00Z</time></trkpt><trkpt lat="37.433087" lon="-83.956402"><ele>421.7</ele><time>2025-09-19T21:43:01Z</time></trkpt><trkpt lat="37.432936" lon="-83.95647"><ele>422.2</ele><time>2025-09-19T21:43:02Z</time></trkpt><trkpt lat="37.431929" lon="-83.957114"><ele>421.1</ele><time>2025-09-19T21:43:09Z</time></trkpt><trkpt lat="37.431214" lon="-83.957584"><ele>412.2</ele><time>2025-09-19T21:43:14Z</time></trkpt><trkpt lat="37.43108" lon="-83.957652"><ele>411.4</ele><time>2025-09-19T21:43:15Z</time></trkpt><trkpt lat="37.43094" lon="-83.957692"><ele>411.0</ele><time>2025-09-19T21:43:16Z</time></trkpt><trkpt lat="37.430795" lon="-83.957707"><ele>411.0</ele><time>2025-09-19T21:43:17Z</time></trkpt><trkpt lat="37.430649" lon="-83.957692"><ele>411.3</ele><time>2025-09-19T21:43:18Z</time></trkpt><trkpt lat="37.430506" lon="-83.957647"><ele>412.2</ele><time>2025-09-19T21:43:19Z</time></trkpt><trkpt lat="37.430369" lon="-83.957575"><ele>412.9</ele><time>2025-09-19T21:43:20Z</time></trkpt><trkpt lat="37.430235" lon="-83.957481"><ele>413.5</ele><time>2025-09-19T21:43:21Z</time></trkpt><trkpt lat="37.429605" lon="-83.956899"><ele>420.8</ele><time>2025-09-19T21:43:26Z</time></trkpt><trkpt lat="37.429481" lon="-83.9568"><ele>421.4</ele><time>2025-09-19T21:43:27Z</time></trkpt><trkpt lat="37.429349" lon="-83.956723"><ele>421.6</ele><time>2025-09-19T21:43:28Z</time></trkpt><trkpt lat="37.429211" lon="-83.956665"><ele>420.7</ele><time>2025-09-19T21:43:29Z</time></trkpt><trkpt lat="37.429071" lon="-83.956624"><ele>419.7</ele><time>2025-09-19T21:43:30Z</time></trkpt><trkpt lat="37.428521" lon="-83.956506"><ele>415.1</ele><time>2025-09-19T21:43:34Z</time></trkpt><trkpt lat="37.428388" lon="-83.956504"><ele>413.7</ele><time>2025-09-19T21:43:35Z</time></trkpt><trkpt lat="37.428252" lon="-83.956528"><ele>412.5</ele><time>2025-09-19T21:43:36Z</time></trkpt><trkpt lat="37.427976" lon="-83.956614"><ele>409.7</ele><time>2025-09-19T21:43:38Z</time></trkpt><trkpt lat="37.427744" lon="-83.956711"><ele>407.5</ele><time>2025-09-19T21:43:40Z</time></trkpt><trkpt lat="37.427643" lon="-83.956775"><ele>406.8</ele><time>2025-09-19T21:43:41Z</time></trkpt><trkpt lat="37.427547" lon="-83.956863"><ele>405.6</ele><time>2025-09-19T21:43:42Z</time></trkpt><trkpt lat="37.427462" lon="-83.956977"><ele>404.4</ele><time>2025-09-19T21:43:43Z</time></trkpt><trkpt lat="37.427299" lon="-83.957252"><ele>401.2</ele><time>2025-09-19T21:43:45Z</time></trkpt><trkpt lat="37.426898" lon="-83.958004"><ele>399.5</ele><time>2025-09-19T21:43:50Z</time></trkpt><trkpt lat="37.426753" lon="-83.958314"><ele>398.6</ele><time>2025-09-19T21:43:52Z</time></trkpt><trkpt lat="37.426626" lon="-83.958644"><ele>397.9</ele><time>2025-09-19T21:43:54Z</time></trkpt><trkpt lat="37.426525" lon="-83.958973"><ele>399.5</ele><time>2025-09-19T21:43:56Z</time></trkpt><trkpt lat="37.426308" lon="-83.959823"><ele>400.2</ele><time>2025-09-19T21:44:01Z</time></trkpt><trkpt lat="37.426175" lon="-83.96029"><ele>399.1</ele><time>2025-09-19T21:44:04Z</time></trkpt><trkpt lat="37.426099" lon="-83.960514"><ele>398.3</ele><time>2025-09-19T21:44:06Z</time></trkpt><trkpt lat="37.42493" lon="-83.96281"><ele>387.4</ele><time>2025-09-19T21:44:24Z</time></trkpt><trkpt lat="37.424682" lon="-83.963237"><ele>385.2</ele><time>2025-09-19T21:44:28Z</time></trkpt><trkpt lat="37.424406" lon="-83.963667"><ele>375.0</ele><time>2025-09-19T21:44:44Z</time></trkpt><trkpt lat="37.424327" lon="-83.963732"><ele>379.6</ele><time>2025-09-19T21:44:53Z</time></trkpt><trkpt lat="37.424261" lon="-83.96372"><ele>380.2</ele><time>2025-09-19T21:44:54Z</time></trkpt><trkpt lat="37.424176" lon="-83.963682"><ele>380.3</ele><time>2025-09-19T21:44:55Z</time></trkpt><trkpt lat="37.424074" lon="-83.963673"><ele>380.7</ele><time>2025-09-19T21:44:56Z</time></trkpt><trkpt lat="37.423965" lon="-83.963685"><ele>381.8</ele><time>2025-09-19T21:44:57Z</time></trkpt><trkpt lat="37.423459" lon="-83.963878"><ele>384.7</ele><time>2025-09-19T21:45:01Z</time></trkpt><trkpt lat="37.423321" lon="-83.963919"><ele>385.2</ele><time>2025-09-19T21:45:02Z</time></trkpt><trkpt lat="37.423179" lon="-83.963936"><ele>385.7</ele><time>2025-09-19T21:45:03Z</time></trkpt><trkpt lat="37.423038" lon="-83.963913"><ele>385.4</ele><time>2025-09-19T21:45:04Z</time></trkpt><trkpt lat="37.422911" lon="-83.963851"><ele>385.9</ele><time>2025-09-19T21:45:05Z</time></trkpt><trkpt lat="37.422801" lon="-83.963749"><ele>386.1</ele><time>2025-09-19T21:45:06Z</time></trkpt><trkpt lat="37.422696" lon="-83.963633"><ele>386.9</ele><time>2025-09-19T21:45:07Z</time></trkpt><trkpt lat="37.422379" lon="-83.963223"><ele>389.3</ele><time>2025-09-19T21:45:09Z</time></trkpt><trkpt lat="37.422076" lon="-83.962777"><ele>390.8</ele><time>2025-09-19T21:45:12Z</time></trkpt><trkpt lat="37.421914" lon="-83.962482"><ele>391.6</ele><time>2025-09-19T21:45:14Z</time></trkpt><trkpt lat="37.421851" lon="-83.962332"><ele>392.0</ele><time>2025-09-19T21:45:15Z</time></trkpt><trkpt lat="37.421758" lon="-83.962067"><ele>393.1</ele><time>2025-09-19T21:45:17Z</time></trkpt><trkpt lat="37.421039" lon="-83.959696"><ele>400.8</ele><time>2025-09-19T21:45:36Z</time></trkpt><trkpt lat="37.420976" lon="-83.95941"><ele>401.5</ele><time>2025-09-19T21:45:38Z</time></trkpt><trkpt lat="37.420947" lon="-83.959116"><ele>401.6</ele><time>2025-09-19T21:45:40Z</time></trkpt><trkpt lat="37.420955" lon="-83.958808"><ele>401.4</ele><time>2025-09-19T21:45:42Z</time></trkpt><trkpt lat="37.420995" lon="-83.958481"><ele>400.9</ele><time>2025-09-19T21:45:44Z</time></trkpt><trkpt lat="37.421101" lon="-83.957991"><ele>400.4</ele><time>2025-09-19T21:45:48Z</time></trkpt><trkpt lat="37.421273" lon="-83.957311"><ele>401.6</ele><time>2025-09-19T21:45:52Z</time></trkpt><trkpt lat="37.421328" lon="-83.957133"><ele>402.3</ele><time>2025-09-19T21:45:53Z</time></trkpt><trkpt lat="37.421398" lon="-83.956959"><ele>403.4</ele><time>2025-09-19T21:45:54Z</time></trkpt><trkpt lat="37.421479" lon="-83.956791"><ele>404.8</ele><time>2025-09-19T21:45:55Z</time></trkpt><trkpt lat="37.421681" lon="-83.956489"><ele>407.6</ele><time>2025-09-19T21:45:57Z</time></trkpt><trkpt lat="37.422269" lon="-83.955802"><ele>413.5</ele><time>2025-09-19T21:46:02Z</time></trkpt><trkpt lat="37.422373" lon="-83.955653"><ele>414.4</ele><time>2025-09-19T21:46:03Z</time></trkpt><trkpt lat="37.422463" lon="-83.955489"><ele>415.3</ele><time>2025-09-19T21:46:04Z</time></trkpt><trkpt lat="37.422535" lon="-83.955313"><ele>416.3</ele><time>2025-09-19T21:46:05Z</time></trkpt><trkpt lat="37.422589" lon="-83.955128"><ele>416.6</ele><time>2025-09-19T21:46:06Z</time></trkpt><trkpt lat="37.422628" lon="-83.954932"><ele>417.6</ele><time>2025-09-19T21:46:07Z</time></trkpt><trkpt lat="37.422665" lon="-83.954522"><ele>419.7</ele><time>2025-09-19T21:46:09Z</time></trkpt><trkpt lat="37.422682" lon="-83.953387"><ele>423.4</ele><time>2025-09-19T21:46:15Z</time></trkpt><trkpt lat="37.42267" lon="-83.953203"><ele>423.4</ele><time>2025-09-19T21:46:16Z</time></trkpt><trkpt lat="37.422644" lon="-83.953016"><ele>423.6</ele><time>2025-09-19T21:46:17Z</time></trkpt><trkpt lat="37.422599" lon="-83.952832"><ele>423.3</ele><time>2025-09-19T21:46:18Z</time></trkpt><trkpt lat="37.422537" lon="-83.952645"><ele>422.8</ele><time>2025-09-19T21:46:19Z</time></trkpt><trkpt lat="37.422458" lon="-83.952461"><ele>422.3</ele><time>2025-09-19T21:46:20Z</time></trkpt><trkpt lat="37.422367" lon="-83.952282"><ele>422.2</ele><time>2025-09-19T21:46:21Z</time></trkpt><trkpt lat="37.422262" lon="-83.952118"><ele>421.9</ele><time>2025-09-19T21:46:22Z</time></trkpt><trkpt lat="37.422144" lon="-83.951969"><ele>421.9</ele><time>2025-09-19T21:46:23Z</time></trkpt><trkpt lat="37.422017" lon="-83.951832"><ele>422.1</ele><time>2025-09-19T21:46:24Z</time></trkpt><trkpt lat="37.421488" lon="-83.951371"><ele>423.8</ele><time>2025-09-19T21:46:28Z</time></trkpt><trkpt lat="37.421372" lon="-83.951253"><ele>424.6</ele><time>2025-09-19T21:46:29Z</time></trkpt><trkpt lat="37.421269" lon="-83.951125"><ele>425.4</ele><time>2025-09-19T21:46:30Z</time></trkpt><trkpt lat="37.42119" lon="-83.950995"><ele>425.6</ele><time>2025-09-19T21:46:31Z</time></trkpt><trkpt lat="37.421129" lon="-83.95086"><ele>426.2</ele><time>2025-09-19T21:46:32Z</time></trkpt><trkpt lat="37.421057" lon="-83.950592"><ele>426.7</ele><time>2025-09-19T21:46:34Z</time></trkpt><trkpt lat="37.421033" lon="-83.950454"><ele>426.7</ele><time>2025-09-19T21:46:35Z</time></trkpt><trkpt lat="37.420946" lon="-83.949876"><ele>427.0</ele><time>2025-09-19T21:46:39Z</time></trkpt><trkpt lat="37.420924" lon="-83.949597"><ele>426.8</ele><time>2025-09-19T21:46:41Z</time></trkpt><trkpt lat="37.420941" lon="-83.949335"><ele>426.5</ele><time>2025-09-19T21:46:43Z</time></trkpt><trkpt lat="37.420985" lon="-83.949146"><ele>426.2</ele><time>2025-09-19T21:46:45Z</time></trkpt><trkpt lat="37.42105" lon="-83.94896"><ele>426.3</ele><time>2025-09-19T21:46:48Z</time></trkpt><trkpt lat="37.42106" lon="-83.948903"><ele>425.0</ele><time>2025-09-19T21:46:49Z</time></trkpt><trkpt lat="37.421019" lon="-83.948793"><ele>420.0</ele><time>2025-09-19T21:47:05Z</time></trkpt><trkpt lat="37.42104" lon="-83.948729"><ele>426.0</ele><time>2025-09-19T21:47:15Z</time></trkpt><trkpt lat="37.421128" lon="-83.948598"><ele>426.5</ele><time>2025-09-19T21:47:19Z</time></trkpt><trkpt lat="37.421162" lon="-83.948565"><ele>426.4</ele><time>2025-09-19T21:47:20Z</time></trkpt><trkpt lat="37.421302" lon="-83.94851"><ele>425.8</ele><time>2025-09-19T21:47:23Z</time></trkpt><trkpt lat="37.421366" lon="-83.948449"><ele>425.2</ele><time>2025-09-19T21:47:24Z</time></trkpt><trkpt lat="37.421492" lon="-83.948257"><ele>424.3</ele><time>2025-09-19T21:47:26Z</time></trkpt><trkpt lat="37.421551" lon="-83.94814"><ele>423.6</ele><time>2025-09-19T21:47:27Z</time></trkpt><trkpt lat="37.421599" lon="-83.948014"><ele>423.0</ele><time>2025-09-19T21:47:28Z</time></trkpt><trkpt lat="37.421624" lon="-83.947883"><ele>422.2</ele><time>2025-09-19T21:47:29Z</time></trkpt><trkpt lat="37.421623" lon="-83.947751"><ele>421.4</ele><time>2025-09-19T21:47:30Z</time></trkpt><trkpt lat="37.421594" lon="-83.94762"><ele>420.4</ele><time>2025-09-19T21:47:31Z</time></trkpt><trkpt lat="37.42153" lon="-83.947488"><ele>420.5</ele><time>2025-09-19T21:47:32Z</time></trkpt><trkpt lat="37.421448" lon="-83.947386"><ele>419.8</ele><time>2025-09-19T21:47:33Z</time></trkpt><trkpt lat="37.421349" lon="-83.9473"><ele>419.1</ele><time>2025-09-19T21:47:34Z</time></trkpt><trkpt lat="37.420898" lon="-83.946969"><ele>417.9</ele><time>2025-09-19T21:47:38Z</time></trkpt><trkpt lat="37.420678" lon="-83.946781"><ele>417.0</ele><time>2025-09-19T21:47:40Z</time></trkpt><trkpt lat="37.420583" lon="-83.94667"><ele>416.2</ele><time>2025-09-19T21:47:41Z</time></trkpt><trkpt lat="37.420502" lon="-83.946545"><ele>415.9</ele><time>2025-09-19T21:47:42Z</time></trkpt><trkpt lat="37.420437" lon="-83.946399"><ele>415.2</ele><time>2025-09-19T21:47:43Z</time></trkpt><trkpt lat="37.420393" lon="-83.946245"><ele>414.5</ele><time>2025-09-19T21:47:44Z</time></trkpt><trkpt lat="37.420368" lon="-83.946081"><ele>414.1</ele><time>2025-09-19T21:47:45Z</time></trkpt><trkpt lat="37.420366" lon="-83.945914"><ele>413.4</ele><time>2025-09-19T21:47:46Z</time></trkpt><trkpt lat="37.420389" lon="-83.945396"><ele>410.4</ele><time>2025-09-19T21:47:49Z</time></trkpt><trkpt lat="37.42039" lon="-83.94504"><ele>408.7</ele><time>2025-09-19T21:47:51Z</time></trkpt><trkpt lat="37.420367" lon="-83.94486"><ele>407.6</ele><time>2025-09-19T21:47:52Z</time></trkpt><trkpt lat="37.420321" lon="-83.944687"><ele>406.4</ele><time>2025-09-19T21:47:53Z</time></trkpt><trkpt lat="37.420247" lon="-83.944529"><ele>405.7</ele><time>2025-09-19T21:47:54Z</time></trkpt><trkpt lat="37.420149" lon="-83.944391"><ele>404.9</ele><time>2025-09-19T21:47:56Z</time></trkpt><trkpt lat="37.420038" lon="-83.944279"><ele>404.1</ele><time>2025-09-19T21:47:57Z</time></trkpt><trkpt lat="37.419677" lon="-83.943979"><ele>401.7</ele><time>2025-09-19T21:48:00Z</time></trkpt><trkpt lat="37.419449" lon="-83.943767"><ele>400.3</ele><time>2025-09-19T21:48:02Z</time></trkpt><trkpt lat="37.419349" lon="-83.943641"><ele>399.9</ele><time>2025-09-19T21:48:03Z</time></trkpt><trkpt lat="37.419265" lon="-83.9435"><ele>399.1</ele><time>2025-09-19T21:48:04Z</time></trkpt><trkpt lat="37.419195" lon="-83.943342"><ele>398.5</ele><time>2025-09-19T21:48:05Z</time></trkpt><trkpt lat="37.419147" lon="-83.94317"><ele>397.6</ele><time>2025-09-19T21:48:06Z</time></trkpt><trkpt lat="37.419117" lon="-83.942996"><ele>397.5</ele><time>2025-09-19T21:48:07Z</time></trkpt><trkpt lat="37.41894" lon="-83.941782"><ele>392.1</ele><time>2025-09-19T21:48:14Z</time></trkpt><trkpt lat="37.418843" lon="-83.941187"><ele>390.4</ele><time>2025-09-19T21:48:18Z</time></trkpt><trkpt lat="37.418813" lon="-83.941055"><ele>389.9</ele><time>2025-09-19T21:48:19Z</time></trkpt><trkpt lat="37.418762" lon="-83.940933"><ele>389.4</ele><time>2025-09-19T21:48:20Z</time></trkpt><trkpt lat="37.418694" lon="-83.940823"><ele>388.8</ele><time>2025-09-19T21:48:21Z</time></trkpt><trkpt lat="37.418607" lon="-83.940738"><ele>388.6</ele><time>2025-09-19T21:48:22Z</time></trkpt><trkpt lat="37.418503" lon="-83.940682"><ele>388.3</ele><time>2025-09-19T21:48:23Z</time></trkpt><trkpt lat="37.418388" lon="-83.940657"><ele>388.2</ele><time>2025-09-19T21:48:24Z</time></trkpt><trkpt lat="37.418266" lon="-83.940663"><ele>387.9</ele><time>2025-09-19T21:48:25Z</time></trkpt><trkpt lat="37.417553" lon="-83.940817"><ele>386.0</ele><time>2025-09-19T21:48:30Z</time></trkpt><trkpt lat="37.416966" lon="-83.940963"><ele>383.2</ele><time>2025-09-19T21:48:34Z</time></trkpt><trkpt lat="37.416821" lon="-83.941004"><ele>382.5</ele><time>2025-09-19T21:48:35Z</time></trkpt><trkpt lat="37.416533" lon="-83.941114"><ele>381.5</ele><time>2025-09-19T21:48:37Z</time></trkpt><trkpt lat="37.41639" lon="-83.941197"><ele>380.7</ele><time>2025-09-19T21:48:38Z</time></trkpt><trkpt lat="37.416254" lon="-83.941298"><ele>380.6</ele><time>2025-09-19T21:48:39Z</time></trkpt><trkpt lat="37.415125" lon="-83.942187"><ele>377.9</ele><time>2025-09-19T21:48:47Z</time></trkpt><trkpt lat="37.414014" lon="-83.943046"><ele>379.9</ele><time>2025-09-19T21:48:55Z</time></trkpt><trkpt lat="37.413601" lon="-83.943392"><ele>379.3</ele><time>2025-09-19T21:48:58Z</time></trkpt><trkpt lat="37.413467" lon="-83.943522"><ele>378.4</ele><time>2025-09-19T21:48:59Z</time></trkpt><trkpt lat="37.413341" lon="-83.943669"><ele>377.5</ele><time>2025-09-19T21:49:00Z</time></trkpt><trkpt lat="37.412646" lon="-83.944702"><ele>373.7</ele><time>2025-09-19T21:49:06Z</time></trkpt><trkpt lat="37.412538" lon="-83.944882"><ele>373.4</ele><time>2025-09-19T21:49:07Z</time></trkpt><trkpt lat="37.412442" lon="-83.94507"><ele>372.7</ele><time>2025-09-19T21:49:08Z</time></trkpt><trkpt lat="37.412146" lon="-83.945736"><ele>371.8</ele><time>2025-09-19T21:49:12Z</time></trkpt><trkpt lat="37.412069" lon="-83.945867"><ele>372.0</ele><time>2025-09-19T21:49:13Z</time></trkpt><trkpt lat="37.411983" lon="-83.945982"><ele>371.6</ele><time>2025-09-19T21:49:14Z</time></trkpt><trkpt lat="37.411884" lon="-83.946079"><ele>371.8</ele><time>2025-09-19T21:49:15Z</time></trkpt><trkpt lat="37.411778" lon="-83.94615"><ele>371.8</ele><time>2025-09-19T21:49:16Z</time></trkpt><trkpt lat="37.411662" lon="-83.946202"><ele>371.7</ele><time>2025-09-19T21:49:17Z</time></trkpt><trkpt lat="37.411418" lon="-83.946287"><ele>371.5</ele><time>2025-09-19T21:49:19Z</time></trkpt><trkpt lat="37.411183" lon="-83.946415"><ele>371.1</ele><time>2025-09-19T21:49:21Z</time></trkpt><trkpt lat="37.411074" lon="-83.946504"><ele>371.0</ele><time>2025-09-19T21:49:21Z</time></trkpt><trkpt lat="37.410975" lon="-83.946618"><ele>370.6</ele><time>2025-09-19T21:49:22Z</time></trkpt><trkpt lat="37.410886" lon="-83.946755"><ele>370.9</ele><time>2025-09-19T21:49:23Z</time></trkpt><trkpt lat="37.410534" lon="-83.947393"><ele>370.3</ele><time>2025-09-19T21:49:27Z</time></trkpt><trkpt lat="37.410428" lon="-83.947555"><ele>370.0</ele><time>2025-09-19T21:49:28Z</time></trkpt><trkpt lat="37.410312" lon="-83.947709"><ele>369.7</ele><time>2025-09-19T21:49:29Z</time></trkpt><trkpt lat="37.410061" lon="-83.948006"><ele>369.4</ele><time>2025-09-19T21:49:31Z</time></trkpt><trkpt lat="37.409672" lon="-83.948439"><ele>369.6</ele><time>2025-09-19T21:49:34Z</time></trkpt><trkpt lat="37.4094" lon="-83.948706"><ele>370.2</ele><time>2025-09-19T21:49:36Z</time></trkpt><trkpt lat="37.409258" lon="-83.948814"><ele>370.8</ele><time>2025-09-19T21:49:37Z</time></trkpt><trkpt lat="37.409109" lon="-83.948897"><ele>371.4</ele><time>2025-09-19T21:49:38Z</time></trkpt><trkpt lat="37.408956" lon="-83.948965"><ele>372.3</ele><time>2025-09-19T21:49:39Z</time></trkpt><trkpt lat="37.408645" lon="-83.949076"><ele>373.4</ele><time>2025-09-19T21:49:41Z</time></trkpt><trkpt lat="37.408034" lon="-83.949327"><ele>371.9</ele><time>2025-09-19T21:49:46Z</time></trkpt><trkpt lat="37.407876" lon="-83.949367"><ele>371.2</ele><time>2025-09-19T21:49:47Z</time></trkpt><trkpt lat="37.407717" lon="-83.949381"><ele>370.8</ele><time>2025-09-19T21:49:48Z</time></trkpt><trkpt lat="37.407557" lon="-83.949369"><ele>370.6</ele><time>2025-09-19T21:49:49Z</time></trkpt><trkpt lat="37.407403" lon="-83.949324"><ele>370.2</ele><time>2025-09-19T21:49:50Z</time></trkpt><trkpt lat="37.406931" lon="-83.949133"><ele>369.1</ele><time>2025-09-19T21:49:53Z</time></trkpt><trkpt lat="37.406607" lon="-83.948983"><ele>368.1</ele><time>2025-09-19T21:49:55Z</time></trkpt><trkpt lat="37.406449" lon="-83.948899"><ele>367.5</ele><time>2025-09-19T21:49:56Z</time></trkpt><trkpt lat="37.406296" lon="-83.948805"><ele>366.9</ele><time>2025-09-19T21:49:57Z</time></trkpt><trkpt lat="37.406154" lon="-83.948694"><ele>366.4</ele><time>2025-09-19T21:49:58Z</time></trkpt><trkpt lat="37.405501" lon="-83.948105"><ele>365.7</ele><time>2025-09-19T21:50:03Z</time></trkpt><trkpt lat="37.405366" lon="-83.948008"><ele>365.6</ele><time>2025-09-19T21:50:04Z</time></trkpt><trkpt lat="37.405226" lon="-83.947924"><ele>365.9</ele><time>2025-09-19T21:50:05Z</time></trkpt><trkpt lat="37.405081" lon="-83.947862"><ele>366.0</ele><time>2025-09-19T21:50:06Z</time></trkpt><trkpt lat="37.404932" lon="-83.947826"><ele>365.9</ele><time>2025-09-19T21:50:07Z</time></trkpt><trkpt lat="37.404778" lon="-83.947804"><ele>366.2</ele><time>2025-09-19T21:50:08Z</time></trkpt><trkpt lat="37.404621" lon="-83.947805"><ele>366.0</ele><time>2025-09-19T21:50:09Z</time></trkpt><trkpt lat="37.40446" lon="-83.947819"><ele>365.9</ele><time>2025-09-19T21:50:10Z</time></trkpt><trkpt lat="37.404295" lon="-83.947852"><ele>366.3</ele><time>2025-09-19T21:50:11Z</time></trkpt><trkpt lat="37.404131" lon="-83.947905"><ele>366.0</ele><time>2025-09-19T21:50:12Z</time></trkpt><trkpt lat="37.403091" lon="-83.948315"><ele>366.0</ele><time>2025-09-19T21:50:18Z</time></trkpt><trkpt lat="37.402257" lon="-83.94865"><ele>364.4</ele><time>2025-09-19T21:50:23Z</time></trkpt><trkpt lat="37.401631" lon="-83.948914"><ele>364.0</ele><time>2025-09-19T21:50:27Z</time></trkpt><trkpt lat="37.401478" lon="-83.948969"><ele>363.9</ele><time>2025-09-19T21:50:28Z</time></trkpt><trkpt lat="37.401326" lon="-83.949004"><ele>364.0</ele><time>2025-09-19T21:50:29Z</time></trkpt><trkpt lat="37.401175" lon="-83.949014"><ele>364.0</ele><time>2025-09-19T21:50:30Z</time></trkpt><trkpt lat="37.40103" lon="-83.948994"><ele>364.1</ele><time>2025-09-19T21:50:31Z</time></trkpt><trkpt lat="37.400892" lon="-83.94895"><ele>364.4</ele><time>2025-09-19T21:50:32Z</time></trkpt><trkpt lat="37.400757" lon="-83.948889"><ele>364.7</ele><time>2025-09-19T21:50:33Z</time></trkpt><trkpt lat="37.400628" lon="-83.948802"><ele>365.2</ele><time>2025-09-19T21:50:34Z</time></trkpt><trkpt lat="37.400507" lon="-83.948696"><ele>365.7</ele><time>2025-09-19T21:50:35Z</time></trkpt><trkpt lat="37.400399" lon="-83.948569"><ele>366.5</ele><time>2025-09-19T21:50:36Z</time></trkpt><trkpt lat="37.400305" lon="-83.948425"><ele>367.3</ele><time>2025-09-19T21:50:37Z</time></trkpt><trkpt lat="37.400231" lon="-83.948267"><ele>367.8</ele><time>2025-09-19T21:50:38Z</time></trkpt><trkpt lat="37.400172" lon="-83.948095"><ele>368.5</ele><time>2025-09-19T21:50:39Z</time></trkpt><trkpt lat="37.40013" lon="-83.947917"><ele>369.4</ele><time>2025-09-19T21:50:40Z</time></trkpt><trkpt lat="37.400015" lon="-83.947188"><ele>373.5</ele><time>2025-09-19T21:50:44Z</time></trkpt><trkpt lat="37.399967" lon="-83.947009"><ele>374.5</ele><time>2025-09-19T21:50:45Z</time></trkpt><trkpt lat="37.399903" lon="-83.946835"><ele>375.5</ele><time>2025-09-19T21:50:46Z</time></trkpt><trkpt lat="37.399824" lon="-83.946666"><ele>376.6</ele><time>2025-09-19T21:50:47Z</time></trkpt><trkpt lat="37.399265" lon="-83.94568"><ele>383.8</ele><time>2025-09-19T21:50:53Z</time></trkpt><trkpt lat="37.398952" lon="-83.945173"><ele>387.6</ele><time>2025-09-19T21:50:56Z</time></trkpt><trkpt lat="37.398721" lon="-83.944843"><ele>389.6</ele><time>2025-09-19T21:50:58Z</time></trkpt><trkpt lat="37.398335" lon="-83.944362"><ele>390.1</ele><time>2025-09-19T21:51:01Z</time></trkpt><trkpt lat="37.398208" lon="-83.94419"><ele>390.2</ele><time>2025-09-19T21:51:02Z</time></trkpt><trkpt lat="37.397979" lon="-83.943833"><ele>390.6</ele><time>2025-09-19T21:51:04Z</time></trkpt><trkpt lat="37.396105" lon="-83.940668"><ele>396.1</ele><time>2025-09-19T21:51:24Z</time></trkpt><trkpt lat="37.395904" lon="-83.940347"><ele>394.6</ele><time>2025-09-19T21:51:26Z</time></trkpt><trkpt lat="37.39579" lon="-83.940185"><ele>393.9</ele><time>2025-09-19T21:51:27Z</time></trkpt><trkpt lat="37.395538" lon="-83.939871"><ele>392.8</ele><time>2025-09-19T21:51:29Z</time></trkpt><trkpt lat="37.39418" lon="-83.938288"><ele>393.8</ele><time>2025-09-19T21:51:41Z</time></trkpt><trkpt lat="37.393241" lon="-83.937165"><ele>391.2</ele><time>2025-09-19T21:51:51Z</time></trkpt><trkpt lat="37.392898" lon="-83.936779"><ele>388.6</ele><time>2025-09-19T21:51:54Z</time></trkpt><trkpt lat="37.392778" lon="-83.936657"><ele>388.1</ele><time>2025-09-19T21:51:55Z</time></trkpt><trkpt lat="37.392516" lon="-83.936445"><ele>388.3</ele><time>2025-09-19T21:51:57Z</time></trkpt><trkpt lat="37.392378" lon="-83.936356"><ele>389.3</ele><time>2025-09-19T21:51:58Z</time></trkpt><trkpt lat="37.392234" lon="-83.93628"><ele>390.1</ele><time>2025-09-19T21:51:59Z</time></trkpt><trkpt lat="37.389641" lon="-83.93507"><ele>393.8</ele><time>2025-09-19T21:52:16Z</time></trkpt><trkpt lat="37.389503" lon="-83.934985"><ele>394.1</ele><time>2025-09-19T21:52:17Z</time></trkpt><trkpt lat="37.389378" lon="-83.934882"><ele>394.2</ele><time>2025-09-19T21:52:18Z</time></trkpt><trkpt lat="37.389265" lon="-83.934763"><ele>394.4</ele><time>2025-09-19T21:52:19Z</time></trkpt><trkpt lat="37.389173" lon="-83.93463"><ele>395.1</ele><time>2025-09-19T21:52:20Z</time></trkpt><trkpt lat="37.389095" lon="-83.934485"><ele>395.2</ele><time>2025-09-19T21:52:21Z</time></trkpt><trkpt lat="37.389036" lon="-83.93433"><ele>395.6</ele><time>2025-09-19T21:52:22Z</time></trkpt><trkpt lat="37.388995" lon="-83.934169"><ele>396.1</ele><time>2025-09-19T21:52:23Z</time></trkpt><trkpt lat="37.388868" lon="-83.933275"><ele>397.1</ele><time>2025-09-19T21:52:28Z</time></trkpt><trkpt lat="37.38866" lon="-83.931516"><ele>400.8</ele><time>2025-09-19T21:52:38Z</time></trkpt><trkpt lat="37.388553" lon="-83.930824"><ele>403.6</ele><time>2025-09-19T21:52:45Z</time></trkpt><trkpt lat="37.38849" lon="-83.930586"><ele>403.9</ele><time>2025-09-19T21:52:50Z</time></trkpt><trkpt lat="37.388464" lon="-83.930548"><ele>403.9</ele><time>2025-09-19T21:52:51Z</time></trkpt><trkpt lat="37.388426" lon="-83.930524"><ele>403.8</ele><time>2025-09-19T21:52:52Z</time></trkpt><trkpt lat="37.388383" lon="-83.930526"><ele>403.9</ele><time>2025-09-19T21:52:53Z</time></trkpt><trkpt lat="37.388307" lon="-83.930547"><ele>402.0</ele><time>2025-09-19T21:52:56Z</time></trkpt><trkpt lat="37.388276" lon="-83.930531"><ele>390.0</ele><time>2025-09-19T21:56:30Z</time></trkpt><trkpt lat="37.388205" lon="-83.930635"><ele>395.0</ele><time>2025-09-19T22:05:12Z</time></trkpt><trkpt lat="37.388207" lon="-83.930614"><ele>402.0</ele><time>2025-09-19T22:27:39Z</time></trkpt><trkpt lat="37.388254" lon="-83.930641"><ele>402.0</ele><time>2025-09-19T22:27:43Z</time></trkpt><trkpt lat="37.388277" lon="-83.930693"><ele>402.6</ele><time>2025-09-19T22:27:45Z</time></trkpt><trkpt lat="37.388277" lon="-83.93059"><ele>402.0</ele><time>2025-09-19T22:27:48Z</time></trkpt><trkpt lat="37.388348" lon="-83.930444"><ele>401.6</ele><time>2025-09-19T22:27:54Z</time></trkpt><trkpt lat="37.388363" lon="-83.93036"><ele>401.7</ele><time>2025-09-19T22:27:56Z</time></trkpt><trkpt lat="37.388296" lon="-83.930196"><ele>401.4</ele><time>2025-09-19T22:27:58Z</time></trkpt><trkpt lat="37.388172" lon="-83.930008"><ele>400.4</ele><time>2025-09-19T22:28:00Z</time></trkpt><trkpt lat="37.387699" lon="-83.92947"><ele>397.3</ele><time>2025-09-19T22:28:06Z</time></trkpt><trkpt lat="37.387338" lon="-83.929099"><ele>397.2</ele><time>2025-09-19T22:28:10Z</time></trkpt><trkpt lat="37.38629" lon="-83.927954"><ele>391.4</ele><time>2025-09-19T22:28:20Z</time></trkpt><trkpt lat="37.383312" lon="-83.924744"><ele>396.9</ele><time>2025-09-19T22:28:44Z</time></trkpt><trkpt lat="37.382938" lon="-83.92433"><ele>394.3</ele><time>2025-09-19T22:28:47Z</time></trkpt><trkpt lat="37.382671" lon="-83.924064"><ele>391.4</ele><time>2025-09-19T22:28:49Z</time></trkpt><trkpt lat="37.382529" lon="-83.923937"><ele>390.3</ele><time>2025-09-19T22:28:50Z</time></trkpt><trkpt lat="37.382385" lon="-83.923812"><ele>388.9</ele><time>2025-09-19T22:28:51Z</time></trkpt><trkpt lat="37.380666" lon="-83.922438"><ele>376.2</ele><time>2025-09-19T22:29:02Z</time></trkpt><trkpt lat="37.380245" lon="-83.922115"><ele>377.1</ele><time>2025-09-19T22:29:05Z</time></trkpt><trkpt lat="37.379973" lon="-83.921924"><ele>377.9</ele><time>2025-09-19T22:29:07Z</time></trkpt><trkpt lat="37.379831" lon="-83.921837"><ele>378.3</ele><time>2025-09-19T22:29:08Z</time></trkpt><trkpt lat="37.379532" lon="-83.921689"><ele>378.7</ele><time>2025-09-19T22:29:10Z</time></trkpt><trkpt lat="37.379374" lon="-83.921629"><ele>379.4</ele><time>2025-09-19T22:29:11Z</time></trkpt><trkpt lat="37.378868" lon="-83.921476"><ele>380.4</ele><time>2025-09-19T22:29:14Z</time></trkpt><trkpt lat="37.378703" lon="-83.921416"><ele>381.0</ele><time>2025-09-19T22:29:15Z</time></trkpt><trkpt lat="37.378545" lon="-83.921352"><ele>380.5</ele><time>2025-09-19T22:29:15Z</time></trkpt><trkpt lat="37.37839" lon="-83.92127"><ele>380.7</ele><time>2025-09-19T22:29:16Z</time></trkpt><trkpt lat="37.378245" lon="-83.921176"><ele>379.9</ele><time>2025-09-19T22:29:17Z</time></trkpt><trkpt lat="37.376708" lon="-83.920054"><ele>378.1</ele><time>2025-09-19T22:29:28Z</time></trkpt><trkpt lat="37.376603" lon="-83.919953"><ele>376.3</ele><time>2025-09-19T22:29:29Z</time></trkpt><trkpt lat="37.376505" lon="-83.919841"><ele>375.7</ele><time>2025-09-19T22:29:30Z</time></trkpt><trkpt lat="37.376418" lon="-83.919705"><ele>374.9</ele><time>2025-09-19T22:29:31Z</time></trkpt><trkpt lat="37.376352" lon="-83.919546"><ele>373.8</ele><time>2025-09-19T22:29:32Z</time></trkpt><trkpt lat="37.376253" lon="-83.919184"><ele>371.8</ele><time>2025-09-19T22:29:34Z</time></trkpt><trkpt lat="37.376216" lon="-83.918984"><ele>370.8</ele><time>2025-09-19T22:29:35Z</time></trkpt><trkpt lat="37.37606" lon="-83.917916"><ele>369.1</ele><time>2025-09-19T22:29:40Z</time></trkpt><trkpt lat="37.375769" lon="-83.916052"><ele>370.8</ele><time>2025-09-19T22:29:49Z</time></trkpt><trkpt lat="37.375726" lon="-83.915866"><ele>371.2</ele><time>2025-09-19T22:29:50Z</time></trkpt><trkpt lat="37.375667" lon="-83.915686"><ele>371.9</ele><time>2025-09-19T22:29:51Z</time></trkpt><trkpt lat="37.375595" lon="-83.915512"><ele>372.3</ele><time>2025-09-19T22:29:53Z</time></trkpt><trkpt lat="37.375401" lon="-83.915198"><ele>373.3</ele><time>2025-09-19T22:29:55Z</time></trkpt><trkpt lat="37.374473" lon="-83.914028"><ele>383.5</ele><time>2025-09-19T22:30:03Z</time></trkpt><trkpt lat="37.373848" lon="-83.913205"><ele>390.6</ele><time>2025-09-19T22:30:09Z</time></trkpt><trkpt lat="37.372003" lon="-83.910843"><ele>395.2</ele><time>2025-09-19T22:30:25Z</time></trkpt><trkpt lat="37.371879" lon="-83.910699"><ele>395.1</ele><time>2025-09-19T22:30:26Z</time></trkpt><trkpt lat="37.371745" lon="-83.910566"><ele>395.2</ele><time>2025-09-19T22:30:27Z</time></trkpt><trkpt lat="37.371598" lon="-83.910459"><ele>395.3</ele><time>2025-09-19T22:30:28Z</time></trkpt><trkpt lat="37.371445" lon="-83.910373"><ele>395.2</ele><time>2025-09-19T22:30:29Z</time></trkpt><trkpt lat="37.37128" lon="-83.910306"><ele>395.7</ele><time>2025-09-19T22:30:30Z</time></trkpt><trkpt lat="37.370948" lon="-83.910206"><ele>395.3</ele><time>2025-09-19T22:30:32Z</time></trkpt><trkpt lat="37.37027" lon="-83.910061"><ele>397.9</ele><time>2025-09-19T22:30:36Z</time></trkpt><trkpt lat="37.370113" lon="-83.910017"><ele>398.6</ele><time>2025-09-19T22:30:37Z</time></trkpt><trkpt lat="37.369965" lon="-83.909953"><ele>399.0</ele><time>2025-09-19T22:30:38Z</time></trkpt><trkpt lat="37.369824" lon="-83.90987"><ele>399.7</ele><time>2025-09-19T22:30:39Z</time></trkpt><trkpt lat="37.369694" lon="-83.909762"><ele>400.6</ele><time>2025-09-19T22:30:40Z</time></trkpt><trkpt lat="37.369439" lon="-83.909521"><ele>403.1</ele><time>2025-09-19T22:30:42Z</time></trkpt><trkpt lat="37.368437" lon="-83.908425"><ele>408.2</ele><time>2025-09-19T22:30:50Z</time></trkpt><trkpt lat="37.368053" lon="-83.908021"><ele>411.1</ele><time>2025-09-19T22:30:53Z</time></trkpt><trkpt lat="37.367924" lon="-83.907904"><ele>411.8</ele><time>2025-09-19T22:30:54Z</time></trkpt><trkpt lat="37.367792" lon="-83.907803"><ele>412.2</ele><time>2025-09-19T22:30:55Z</time></trkpt><trkpt lat="37.367656" lon="-83.907718"><ele>412.2</ele><time>2025-09-19T22:30:56Z</time></trkpt><trkpt lat="37.367514" lon="-83.907645"><ele>412.0</ele><time>2025-09-19T22:30:57Z</time></trkpt><trkpt lat="37.367368" lon="-83.907591"><ele>411.4</ele><time>2025-09-19T22:30:58Z</time></trkpt><trkpt lat="37.367214" lon="-83.907552"><ele>410.5</ele><time>2025-09-19T22:30:59Z</time></trkpt><trkpt lat="37.366711" lon="-83.907491"><ele>408.0</ele><time>2025-09-19T22:31:02Z</time></trkpt><trkpt lat="37.365274" lon="-83.907398"><ele>403.2</ele><time>2025-09-19T22:31:10Z</time></trkpt><trkpt lat="37.364924" lon="-83.907385"><ele>401.8</ele><time>2025-09-19T22:31:12Z</time></trkpt><trkpt lat="37.364751" lon="-83.907395"><ele>401.0</ele><time>2025-09-19T22:31:13Z</time></trkpt><trkpt lat="37.36458" lon="-83.907425"><ele>400.5</ele><time>2025-09-19T22:31:14Z</time></trkpt><trkpt lat="37.364413" lon="-83.907474"><ele>399.7</ele><time>2025-09-19T22:31:15Z</time></trkpt><trkpt lat="37.364093" lon="-83.907622"><ele>398.6</ele><time>2025-09-19T22:31:17Z</time></trkpt><trkpt lat="37.363479" lon="-83.907943"><ele>395.9</ele><time>2025-09-19T22:31:21Z</time></trkpt><trkpt lat="37.363175" lon="-83.908083"><ele>394.9</ele><time>2025-09-19T22:31:22Z</time></trkpt><trkpt lat="37.363021" lon="-83.908135"><ele>394.9</ele><time>2025-09-19T22:31:23Z</time></trkpt><trkpt lat="37.362867" lon="-83.908172"><ele>395.0</ele><time>2025-09-19T22:31:24Z</time></trkpt><trkpt lat="37.362715" lon="-83.908192"><ele>394.8</ele><time>2025-09-19T22:31:25Z</time></trkpt><trkpt lat="37.362559" lon="-83.9082"><ele>394.7</ele><time>2025-09-19T22:31:26Z</time></trkpt><trkpt lat="37.361949" lon="-83.90818"><ele>393.7</ele><time>2025-09-19T22:31:30Z</time></trkpt><trkpt lat="37.36164" lon="-83.908185"><ele>391.7</ele><time>2025-09-19T22:31:32Z</time></trkpt><trkpt lat="37.361482" lon="-83.908205"><ele>390.6</ele><time>2025-09-19T22:31:33Z</time></trkpt><trkpt lat="37.361324" lon="-83.90824"><ele>389.3</ele><time>2025-09-19T22:31:34Z</time></trkpt><trkpt lat="37.361164" lon="-83.908296"><ele>387.8</ele><time>2025-09-19T22:31:35Z</time></trkpt><trkpt lat="37.361002" lon="-83.908371"><ele>386.5</ele><time>2025-09-19T22:31:36Z</time></trkpt><trkpt lat="37.360839" lon="-83.908461"><ele>385.1</ele><time>2025-09-19T22:31:37Z</time></trkpt><trkpt lat="37.358519" lon="-83.909812"><ele>374.8</ele><time>2025-09-19T22:31:51Z</time></trkpt><trkpt lat="37.358196" lon="-83.909977"><ele>372.2</ele><time>2025-09-19T22:31:53Z</time></trkpt><trkpt lat="37.358027" lon="-83.910042"><ele>371.0</ele><time>2025-09-19T22:31:54Z</time></trkpt><trkpt lat="37.357853" lon="-83.910083"><ele>369.8</ele><time>2025-09-19T22:31:55Z</time></trkpt><trkpt lat="37.35768" lon="-83.910087"><ele>369.1</ele><time>2025-09-19T22:31:56Z</time></trkpt><trkpt lat="37.357508" lon="-83.910065"><ele>368.6</ele><time>2025-09-19T22:31:57Z</time></trkpt><trkpt lat="37.35734" lon="-83.910015"><ele>368.1</ele><time>2025-09-19T22:31:58Z</time></trkpt><trkpt lat="37.357182" lon="-83.90994"><ele>367.8</ele><time>2025-09-19T22:31:59Z</time></trkpt><trkpt lat="37.357033" lon="-83.90984"><ele>368.1</ele><time>2025-09-19T22:32:00Z</time></trkpt><trkpt lat="37.356897" lon="-83.909717"><ele>368.2</ele><time>2025-09-19T22:32:01Z</time></trkpt><trkpt lat="37.356777" lon="-83.909579"><ele>368.4</ele><time>2025-09-19T22:32:02Z</time></trkpt><trkpt lat="37.35629" lon="-83.908866"><ele>372.5</ele><time>2025-09-19T22:32:07Z</time></trkpt><trkpt lat="37.356186" lon="-83.908737"><ele>373.5</ele><time>2025-09-19T22:32:08Z</time></trkpt><trkpt lat="37.355956" lon="-83.908501"><ele>374.7</ele><time>2025-09-19T22:32:10Z</time></trkpt><trkpt lat="37.354776" lon="-83.907424"><ele>380.9</ele><time>2025-09-19T22:32:20Z</time></trkpt><trkpt lat="37.354379" lon="-83.907094"><ele>383.6</ele><time>2025-09-19T22:32:23Z</time></trkpt><trkpt lat="37.354241" lon="-83.906994"><ele>384.1</ele><time>2025-09-19T22:32:24Z</time></trkpt><trkpt lat="37.354096" lon="-83.906907"><ele>384.7</ele><time>2025-09-19T22:32:25Z</time></trkpt><trkpt lat="37.353947" lon="-83.906836"><ele>385.5</ele><time>2025-09-19T22:32:26Z</time></trkpt><trkpt lat="37.353793" lon="-83.906778"><ele>386.5</ele><time>2025-09-19T22:32:27Z</time></trkpt><trkpt lat="37.353475" lon="-83.906679"><ele>388.8</ele><time>2025-09-19T22:32:29Z</time></trkpt><trkpt lat="37.353146" lon="-83.906613"><ele>390.5</ele><time>2025-09-19T22:32:31Z</time></trkpt><trkpt lat="37.352979" lon="-83.906609"><ele>391.5</ele><time>2025-09-19T22:32:32Z</time></trkpt><trkpt lat="37.352812" lon="-83.90663"><ele>392.1</ele><time>2025-09-19T22:32:33Z</time></trkpt><trkpt lat="37.352651" lon="-83.906677"><ele>392.4</ele><time>2025-09-19T22:32:34Z</time></trkpt><trkpt lat="37.352496" lon="-83.906751"><ele>391.9</ele><time>2025-09-19T22:32:35Z</time></trkpt><trkpt lat="37.35204" lon="-83.907013"><ele>389.8</ele><time>2025-09-19T22:32:38Z</time></trkpt><trkpt lat="37.351882" lon="-83.907075"><ele>389.8</ele><time>2025-09-19T22:32:39Z</time></trkpt><trkpt lat="37.35172" lon="-83.90711"><ele>389.8</ele><time>2025-09-19T22:32:40Z</time></trkpt><trkpt lat="37.351392" lon="-83.907124"><ele>389.6</ele><time>2025-09-19T22:32:42Z</time></trkpt><trkpt lat="37.349774" lon="-83.907055"><ele>379.1</ele><time>2025-09-19T22:32:51Z</time></trkpt><trkpt lat="37.349247" lon="-83.907013"><ele>381.9</ele><time>2025-09-19T22:32:54Z</time></trkpt><trkpt lat="37.349089" lon="-83.906979"><ele>382.6</ele><time>2025-09-19T22:32:55Z</time></trkpt><trkpt lat="37.348938" lon="-83.906928"><ele>382.8</ele><time>2025-09-19T22:32:56Z</time></trkpt><trkpt lat="37.348792" lon="-83.906865"><ele>382.3</ele><time>2025-09-19T22:32:57Z</time></trkpt><trkpt lat="37.348649" lon="-83.906789"><ele>381.5</ele><time>2025-09-19T22:32:58Z</time></trkpt><trkpt lat="37.347557" lon="-83.906042"><ele>372.0</ele><time>2025-09-19T22:33:06Z</time></trkpt><trkpt lat="37.34714" lon="-83.905724"><ele>367.4</ele><time>2025-09-19T22:33:09Z</time></trkpt><trkpt lat="37.346616" lon="-83.905278"><ele>363.8</ele><time>2025-09-19T22:33:13Z</time></trkpt><trkpt lat="37.345981" lon="-83.904715"><ele>363.8</ele><time>2025-09-19T22:33:18Z</time></trkpt><trkpt lat="37.345588" lon="-83.904351"><ele>365.0</ele><time>2025-09-19T22:33:21Z</time></trkpt><trkpt lat="37.345461" lon="-83.904215"><ele>365.5</ele><time>2025-09-19T22:33:22Z</time></trkpt><trkpt lat="37.345223" lon="-83.903909"><ele>366.8</ele><time>2025-09-19T22:33:24Z</time></trkpt><trkpt lat="37.344666" lon="-83.90314"><ele>368.3</ele><time>2025-09-19T22:33:28Z</time></trkpt><trkpt lat="37.343696" lon="-83.90176"><ele>371.8</ele><time>2025-09-19T22:33:37Z</time></trkpt><trkpt lat="37.34311" lon="-83.900957"><ele>372.8</ele><time>2025-09-19T22:33:42Z</time></trkpt><trkpt lat="37.342862" lon="-83.900641"><ele>373.3</ele><time>2025-09-19T22:33:44Z</time></trkpt><trkpt lat="37.342727" lon="-83.9005"><ele>373.7</ele><time>2025-09-19T22:33:45Z</time></trkpt><trkpt lat="37.342579" lon="-83.900375"><ele>373.8</ele><time>2025-09-19T22:33:46Z</time></trkpt><trkpt lat="37.342259" lon="-83.900154"><ele>374.2</ele><time>2025-09-19T22:33:48Z</time></trkpt><trkpt lat="37.340817" lon="-83.899299"><ele>378.8</ele><time>2025-09-19T22:33:57Z</time></trkpt><trkpt lat="37.339422" lon="-83.898493"><ele>381.0</ele><time>2025-09-19T22:34:06Z</time></trkpt><trkpt lat="37.339264" lon="-83.89842"><ele>380.9</ele><time>2025-09-19T22:34:08Z</time></trkpt><trkpt lat="37.339101" lon="-83.898362"><ele>380.8</ele><time>2025-09-19T22:34:09Z</time></trkpt><trkpt lat="37.338935" lon="-83.898321"><ele>380.9</ele><time>2025-09-19T22:34:10Z</time></trkpt><trkpt lat="37.338591" lon="-83.898269"><ele>380.7</ele><time>2025-09-19T22:34:12Z</time></trkpt><trkpt lat="37.338069" lon="-83.898226"><ele>380.9</ele><time>2025-09-19T22:34:15Z</time></trkpt><trkpt lat="37.337902" lon="-83.898226"><ele>381.1</ele><time>2025-09-19T22:34:16Z</time></trkpt><trkpt lat="37.337735" lon="-83.898244"><ele>381.6</ele><time>2025-09-19T22:34:17Z</time></trkpt><trkpt lat="37.33757" lon="-83.898281"><ele>382.0</ele><time>2025-09-19T22:34:18Z</time></trkpt><trkpt lat="37.337407" lon="-83.898337"><ele>381.9</ele><time>2025-09-19T22:34:19Z</time></trkpt><trkpt lat="37.337245" lon="-83.898412"><ele>381.9</ele><time>2025-09-19T22:34:20Z</time></trkpt><trkpt lat="37.337086" lon="-83.898504"><ele>381.7</ele><time>2025-09-19T22:34:21Z</time></trkpt><trkpt lat="37.336931" lon="-83.898613"><ele>381.9</ele><time>2025-09-19T22:34:22Z</time></trkpt><trkpt lat="37.336626" lon="-83.898874"><ele>382.4</ele><time>2025-09-19T22:34:24Z</time></trkpt><trkpt lat="37.335408" lon="-83.900035"><ele>385.5</ele><time>2025-09-19T22:34:32Z</time></trkpt><trkpt lat="37.334982" lon="-83.900419"><ele>387.3</ele><time>2025-09-19T22:34:35Z</time></trkpt><trkpt lat="37.33484" lon="-83.900531"><ele>387.7</ele><time>2025-09-19T22:34:36Z</time></trkpt><trkpt lat="37.334691" lon="-83.900631"><ele>387.7</ele><time>2025-09-19T22:34:37Z</time></trkpt><trkpt lat="37.334534" lon="-83.900717"><ele>387.2</ele><time>2025-09-19T22:34:38Z</time></trkpt><trkpt lat="37.334016" lon="-83.900944"><ele>383.4</ele><time>2025-09-19T22:34:41Z</time></trkpt><trkpt lat="37.332215" lon="-83.901766"><ele>373.8</ele><time>2025-09-19T22:34:51Z</time></trkpt><trkpt lat="37.331876" lon="-83.901894"><ele>372.4</ele><time>2025-09-19T22:34:53Z</time></trkpt><trkpt lat="37.331708" lon="-83.901937"><ele>372.1</ele><time>2025-09-19T22:34:54Z</time></trkpt><trkpt lat="37.331371" lon="-83.901996"><ele>371.3</ele><time>2025-09-19T22:34:56Z</time></trkpt><trkpt lat="37.329622" lon="-83.902226"><ele>366.9</ele><time>2025-09-19T22:35:06Z</time></trkpt><trkpt lat="37.328215" lon="-83.902394"><ele>362.6</ele><time>2025-09-19T22:35:14Z</time></trkpt><trkpt lat="37.327845" lon="-83.902428"><ele>360.6</ele><time>2025-09-19T22:35:16Z</time></trkpt><trkpt lat="37.327464" lon="-83.902434"><ele>359.3</ele><time>2025-09-19T22:35:18Z</time></trkpt><trkpt lat="37.321473" lon="-83.901992"><ele>349.6</ele><time>2025-09-19T22:35:50Z</time></trkpt><trkpt lat="37.321103" lon="-83.901983"><ele>348.7</ele><time>2025-09-19T22:35:52Z</time></trkpt><trkpt lat="37.320924" lon="-83.902002"><ele>348.2</ele><time>2025-09-19T22:35:53Z</time></trkpt><trkpt lat="37.320743" lon="-83.902039"><ele>347.7</ele><time>2025-09-19T22:35:54Z</time></trkpt><trkpt lat="37.320381" lon="-83.902153"><ele>347.2</ele><time>2025-09-19T22:35:56Z</time></trkpt><trkpt lat="37.319835" lon="-83.902375"><ele>347.1</ele><time>2025-09-19T22:35:59Z</time></trkpt><trkpt lat="37.318423" lon="-83.902981"><ele>348.2</ele><time>2025-09-19T22:36:08Z</time></trkpt><trkpt lat="37.318076" lon="-83.903119"><ele>347.7</ele><time>2025-09-19T22:36:10Z</time></trkpt><trkpt lat="37.317904" lon="-83.903166"><ele>347.9</ele><time>2025-09-19T22:36:11Z</time></trkpt><trkpt lat="37.317729" lon="-83.903195"><ele>348.0</ele><time>2025-09-19T22:36:12Z</time></trkpt><trkpt lat="37.317549" lon="-83.903205"><ele>348.3</ele><time>2025-09-19T22:36:13Z</time></trkpt><trkpt lat="37.317371" lon="-83.90319"><ele>348.3</ele><time>2025-09-19T22:36:14Z</time></trkpt><trkpt lat="37.317196" lon="-83.90315"><ele>348.5</ele><time>2025-09-19T22:36:15Z</time></trkpt><trkpt lat="37.317027" lon="-83.903082"><ele>349.0</ele><time>2025-09-19T22:36:16Z</time></trkpt><trkpt lat="37.316869" lon="-83.902989"><ele>349.3</ele><time>2025-09-19T22:36:17Z</time></trkpt><trkpt lat="37.316721" lon="-83.90288"><ele>349.9</ele><time>2025-09-19T22:36:18Z</time></trkpt><trkpt lat="37.316588" lon="-83.90275"><ele>350.3</ele><time>2025-09-19T22:36:19Z</time></trkpt><trkpt lat="37.316467" lon="-83.902604"><ele>350.6</ele><time>2025-09-19T22:36:20Z</time></trkpt><trkpt lat="37.316352" lon="-83.902445"><ele>350.6</ele><time>2025-09-19T22:36:21Z</time></trkpt><trkpt lat="37.316248" lon="-83.902269"><ele>350.9</ele><time>2025-09-19T22:36:22Z</time></trkpt><trkpt lat="37.316061" lon="-83.901877"><ele>351.3</ele><time>2025-09-19T22:36:24Z</time></trkpt><trkpt lat="37.313435" lon="-83.895872"><ele>353.2</ele><time>2025-09-19T22:36:53Z</time></trkpt><trkpt lat="37.313352" lon="-83.895701"><ele>352.9</ele><time>2025-09-19T22:36:54Z</time></trkpt><trkpt lat="37.313261" lon="-83.895536"><ele>352.4</ele><time>2025-09-19T22:36:55Z</time></trkpt><trkpt lat="37.313048" lon="-83.895221"><ele>352.2</ele><time>2025-09-19T22:36:57Z</time></trkpt><trkpt lat="37.312091" lon="-83.894016"><ele>355.3</ele><time>2025-09-19T22:37:05Z</time></trkpt><trkpt lat="37.311877" lon="-83.893719"><ele>356.0</ele><time>2025-09-19T22:37:07Z</time></trkpt><trkpt lat="37.311787" lon="-83.893559"><ele>355.8</ele><time>2025-09-19T22:37:08Z</time></trkpt><trkpt lat="37.311717" lon="-83.893384"><ele>356.0</ele><time>2025-09-19T22:37:09Z</time></trkpt><trkpt lat="37.311671" lon="-83.8932"><ele>356.3</ele><time>2025-09-19T22:37:10Z</time></trkpt><trkpt lat="37.311647" lon="-83.893004"><ele>356.8</ele><time>2025-09-19T22:37:11Z</time></trkpt><trkpt lat="37.311647" lon="-83.892594"><ele>357.4</ele><time>2025-09-19T22:37:13Z</time></trkpt><trkpt lat="37.31184" lon="-83.888419"><ele>360.2</ele><time>2025-09-19T22:37:32Z</time></trkpt><trkpt lat="37.311943" lon="-83.88642"><ele>358.0</ele><time>2025-09-19T22:37:40Z</time></trkpt><trkpt lat="37.31206" lon="-83.884822"><ele>360.4</ele><time>2025-09-19T22:37:47Z</time></trkpt><trkpt lat="37.31206" lon="-83.884598"><ele>361.2</ele><time>2025-09-19T22:37:48Z</time></trkpt><trkpt lat="37.312047" lon="-83.884382"><ele>361.2</ele><time>2025-09-19T22:37:49Z</time></trkpt><trkpt lat="37.312021" lon="-83.884172"><ele>361.8</ele><time>2025-09-19T22:37:50Z</time></trkpt><trkpt lat="37.31198" lon="-83.883961"><ele>362.7</ele><time>2025-09-19T22:37:51Z</time></trkpt><trkpt lat="37.311857" lon="-83.883555"><ele>363.9</ele><time>2025-09-19T22:37:54Z</time></trkpt><trkpt lat="37.311633" lon="-83.882975"><ele>365.1</ele><time>2025-09-19T22:37:57Z</time></trkpt><trkpt lat="37.311544" lon="-83.882793"><ele>366.1</ele><time>2025-09-19T22:37:58Z</time></trkpt><trkpt lat="37.311446" lon="-83.882627"><ele>367.1</ele><time>2025-09-19T22:37:59Z</time></trkpt><trkpt lat="37.311341" lon="-83.882475"><ele>368.6</ele><time>2025-09-19T22:38:00Z</time></trkpt><trkpt lat="37.30901" lon="-83.879572"><ele>359.4</ele><time>2025-09-19T22:38:19Z</time></trkpt><trkpt lat="37.308889" lon="-83.879437"><ele>358.8</ele><time>2025-09-19T22:38:20Z</time></trkpt><trkpt lat="37.308764" lon="-83.879323"><ele>358.1</ele><time>2025-09-19T22:38:21Z</time></trkpt><trkpt lat="37.308628" lon="-83.879231"><ele>357.4</ele><time>2025-09-19T22:38:22Z</time></trkpt><trkpt lat="37.308482" lon="-83.879168"><ele>357.2</ele><time>2025-09-19T22:38:23Z</time></trkpt><trkpt lat="37.30833" lon="-83.879139"><ele>356.9</ele><time>2025-09-19T22:38:24Z</time></trkpt><trkpt lat="37.307649" lon="-83.879126"><ele>354.6</ele><time>2025-09-19T22:38:28Z</time></trkpt><trkpt lat="37.307467" lon="-83.879112"><ele>353.9</ele><time>2025-09-19T22:38:29Z</time></trkpt><trkpt lat="37.307285" lon="-83.879077"><ele>353.8</ele><time>2025-09-19T22:38:30Z</time></trkpt><trkpt lat="37.307104" lon="-83.879025"><ele>353.6</ele><time>2025-09-19T22:38:31Z</time></trkpt><trkpt lat="37.306923" lon="-83.878957"><ele>353.0</ele><time>2025-09-19T22:38:32Z</time></trkpt><trkpt lat="37.304357" lon="-83.877864"><ele>345.5</ele><time>2025-09-19T22:38:46Z</time></trkpt><trkpt lat="37.304189" lon="-83.877766"><ele>344.9</ele><time>2025-09-19T22:38:47Z</time></trkpt><trkpt lat="37.304027" lon="-83.877656"><ele>344.3</ele><time>2025-09-19T22:38:48Z</time></trkpt><trkpt lat="37.303874" lon="-83.87753"><ele>344.0</ele><time>2025-09-19T22:38:49Z</time></trkpt><trkpt lat="37.303591" lon="-83.877244"><ele>344.0</ele><time>2025-09-19T22:38:51Z</time></trkpt><trkpt lat="37.301758" lon="-83.874964"><ele>336.5</ele><time>2025-09-19T22:39:05Z</time></trkpt><trkpt lat="37.301479" lon="-83.87466"><ele>335.3</ele><time>2025-09-19T22:39:07Z</time></trkpt><trkpt lat="37.301178" lon="-83.874401"><ele>334.1</ele><time>2025-09-19T22:39:09Z</time></trkpt><trkpt lat="37.300258" lon="-83.873702"><ele>331.3</ele><time>2025-09-19T22:39:15Z</time></trkpt><trkpt lat="37.299941" lon="-83.873493"><ele>331.0</ele><time>2025-09-19T22:39:17Z</time></trkpt><trkpt lat="37.2991" lon="-83.873022"><ele>328.8</ele><time>2025-09-19T22:39:22Z</time></trkpt><trkpt lat="37.297394" lon="-83.87213"><ele>325.8</ele><time>2025-09-19T22:39:32Z</time></trkpt><trkpt lat="37.297226" lon="-83.872057"><ele>326.2</ele><time>2025-09-19T22:39:33Z</time></trkpt><trkpt lat="37.296881" lon="-83.871965"><ele>327.2</ele><time>2025-09-19T22:39:35Z</time></trkpt><trkpt lat="37.294548" lon="-83.871576"><ele>322.7</ele><time>2025-09-19T22:39:47Z</time></trkpt><trkpt lat="37.294157" lon="-83.871495"><ele>321.7</ele><time>2025-09-19T22:39:49Z</time></trkpt><trkpt lat="37.293968" lon="-83.871437"><ele>321.2</ele><time>2025-09-19T22:39:50Z</time></trkpt><trkpt lat="37.292483" lon="-83.870881"><ele>312.6</ele><time>2025-09-19T22:39:58Z</time></trkpt><trkpt lat="37.290676" lon="-83.870176"><ele>301.5</ele><time>2025-09-19T22:40:08Z</time></trkpt><trkpt lat="37.2902" lon="-83.869944"><ele>298.3</ele><time>2025-09-19T22:40:11Z</time></trkpt><trkpt lat="37.289504" lon="-83.869528"><ele>293.7</ele><time>2025-09-19T22:40:16Z</time></trkpt><trkpt lat="37.288966" lon="-83.869191"><ele>291.6</ele><time>2025-09-19T22:40:20Z</time></trkpt><trkpt lat="37.288839" lon="-83.869098"><ele>291.5</ele><time>2025-09-19T22:40:21Z</time></trkpt><trkpt lat="37.288723" lon="-83.868976"><ele>291.5</ele><time>2025-09-19T22:40:22Z</time></trkpt><trkpt lat="37.28862" lon="-83.868829"><ele>291.2</ele><time>2025-09-19T22:40:23Z</time></trkpt><trkpt lat="37.288527" lon="-83.868662"><ele>290.8</ele><time>2025-09-19T22:40:24Z</time></trkpt><trkpt lat="37.287953" lon="-83.867329"><ele>289.8</ele><time>2025-09-19T22:40:31Z</time></trkpt><trkpt lat="37.286404" lon="-83.863614"><ele>285.1</ele><time>2025-09-19T22:40:49Z</time></trkpt><trkpt lat="37.28624" lon="-83.863245"><ele>284.7</ele><time>2025-09-19T22:40:51Z</time></trkpt><trkpt lat="37.286149" lon="-83.863071"><ele>284.5</ele><time>2025-09-19T22:40:52Z</time></trkpt><trkpt lat="37.286048" lon="-83.862898"><ele>284.6</ele><time>2025-09-19T22:40:53Z</time></trkpt><trkpt lat="37.285932" lon="-83.862735"><ele>284.7</ele><time>2025-09-19T22:40:54Z</time></trkpt><trkpt lat="37.284802" lon="-83.861309"><ele>281.3</ele><time>2025-09-19T22:41:03Z</time></trkpt><trkpt lat="37.28455" lon="-83.860978"><ele>280.5</ele><time>2025-09-19T22:41:05Z</time></trkpt><trkpt lat="37.284433" lon="-83.860801"><ele>280.1</ele><time>2025-09-19T22:41:06Z</time></trkpt><trkpt lat="37.284016" lon="-83.860032"><ele>279.6</ele><time>2025-09-19T22:41:10Z</time></trkpt><trkpt lat="37.281793" lon="-83.855678"><ele>276.6</ele><time>2025-09-19T22:41:31Z</time></trkpt><trkpt lat="37.281609" lon="-83.855265"><ele>276.2</ele><time>2025-09-19T22:41:33Z</time></trkpt><trkpt lat="37.281459" lon="-83.85483"><ele>276.4</ele><time>2025-09-19T22:41:35Z</time></trkpt><trkpt lat="37.281325" lon="-83.854371"><ele>276.8</ele><time>2025-09-19T22:41:37Z</time></trkpt><trkpt lat="37.279355" lon="-83.84674"><ele>273.0</ele><time>2025-09-19T22:42:11Z</time></trkpt><trkpt lat="37.278149" lon="-83.842121"><ele>271.3</ele><time>2025-09-19T22:42:31Z</time></trkpt><trkpt lat="37.278048" lon="-83.841667"><ele>270.9</ele><time>2025-09-19T22:42:33Z</time></trkpt><trkpt lat="37.27801" lon="-83.841437"><ele>270.6</ele><time>2025-09-19T22:42:34Z</time></trkpt><trkpt lat="37.277987" lon="-83.841208"><ele>270.4</ele><time>2025-09-19T22:42:35Z</time></trkpt><trkpt lat="37.277978" lon="-83.840979"><ele>269.9</ele><time>2025-09-19T22:42:36Z</time></trkpt><trkpt lat="37.277986" lon="-83.839271"><ele>268.2</ele><time>2025-09-19T22:42:44Z</time></trkpt><trkpt lat="37.278008" lon="-83.838693"><ele>267.6</ele><time>2025-09-19T22:42:47Z</time></trkpt><trkpt lat="37.277991" lon="-83.837954"><ele>267.6</ele><time>2025-09-19T22:42:51Z</time></trkpt><trkpt lat="37.277988" lon="-83.835827"><ele>266.3</ele><time>2025-09-19T22:43:01Z</time></trkpt><trkpt lat="37.278003" lon="-83.82778"><ele>263.3</ele><time>2025-09-19T22:43:35Z</time></trkpt><trkpt lat="37.278024" lon="-83.824185"><ele>264.3</ele><time>2025-09-19T22:43:50Z</time></trkpt><trkpt lat="37.278017" lon="-83.822762"><ele>266.2</ele><time>2025-09-19T22:43:57Z</time></trkpt><trkpt lat="37.278001" lon="-83.822568"><ele>266.6</ele><time>2025-09-19T22:43:58Z</time></trkpt><trkpt lat="37.277973" lon="-83.822381"><ele>266.5</ele><time>2025-09-19T22:43:59Z</time></trkpt><trkpt lat="37.277886" lon="-83.822036"><ele>266.8</ele><time>2025-09-19T22:44:01Z</time></trkpt><trkpt lat="37.277766" lon="-83.82172"><ele>266.6</ele><time>2025-09-19T22:44:03Z</time></trkpt><trkpt lat="37.277528" lon="-83.821179"><ele>265.5</ele><time>2025-09-19T22:44:07Z</time></trkpt><trkpt lat="37.277291" lon="-83.820704"><ele>264.8</ele><time>2025-09-19T22:44:11Z</time></trkpt><trkpt lat="37.277146" lon="-83.820466"><ele>264.3</ele><time>2025-09-19T22:44:13Z</time></trkpt><trkpt lat="37.276987" lon="-83.820239"><ele>264.0</ele><time>2025-09-19T22:44:15Z</time></trkpt><trkpt lat="37.27677" lon="-83.819984"><ele>263.8</ele><time>2025-09-19T22:44:18Z</time></trkpt><trkpt lat="37.276579" lon="-83.819802"><ele>263.8</ele><time>2025-09-19T22:44:22Z</time></trkpt><trkpt lat="37.276542" lon="-83.819756"><ele>263.8</ele><time>2025-09-19T22:44:23Z</time></trkpt><trkpt lat="37.276525" lon="-83.819696"><ele>264.2</ele><time>2025-09-19T22:44:24Z</time></trkpt><trkpt lat="37.276526" lon="-83.81963"><ele>264.3</ele><time>2025-09-19T22:44:25Z</time></trkpt><trkpt lat="37.276552" lon="-83.819564"><ele>264.0</ele><time>2025-09-19T22:44:26Z</time></trkpt><trkpt lat="37.2767" lon="-83.819319"><ele>263.2</ele><time>2025-09-19T22:44:29Z</time></trkpt><trkpt lat="37.276749" lon="-83.81922"><ele>263.4</ele><time>2025-09-19T22:44:30Z</time></trkpt><trkpt lat="37.276788" lon="-83.819106"><ele>263.3</ele><time>2025-09-19T22:44:31Z</time></trkpt><trkpt lat="37.27682" lon="-83.818982"><ele>263.7</ele><time>2025-09-19T22:44:32Z</time></trkpt><trkpt lat="37.277035" lon="-83.817868"><ele>265.3</ele><time>2025-09-19T22:44:40Z</time></trkpt><trkpt lat="37.277053" lon="-83.81771"><ele>265.0</ele><time>2025-09-19T22:44:41Z</time></trkpt><trkpt lat="37.277053" lon="-83.817385"><ele>265.4</ele><time>2025-09-19T22:44:43Z</time></trkpt><trkpt lat="37.276971" lon="-83.81645"><ele>266.1</ele><time>2025-09-19T22:44:49Z</time></trkpt><trkpt lat="37.276964" lon="-83.816287"><ele>267.0</ele><time>2025-09-19T22:44:50Z</time></trkpt><trkpt lat="37.276971" lon="-83.816123"><ele>267.1</ele><time>2025-09-19T22:44:51Z</time></trkpt><trkpt lat="37.276998" lon="-83.815951"><ele>266.4</ele><time>2025-09-19T22:44:52Z</time></trkpt><trkpt lat="37.277036" lon="-83.815788"><ele>266.3</ele><time>2025-09-19T22:44:53Z</time></trkpt><trkpt lat="37.277181" lon="-83.815326"><ele>266.9</ele><time>2025-09-19T22:44:56Z</time></trkpt><trkpt lat="37.277244" lon="-83.81518"><ele>267.6</ele><time>2025-09-19T22:44:57Z</time></trkpt><trkpt lat="37.277319" lon="-83.815047"><ele>268.3</ele><time>2025-09-19T22:44:58Z</time></trkpt><trkpt lat="37.277406" lon="-83.814926"><ele>268.9</ele><time>2025-09-19T22:44:59Z</time></trkpt><trkpt lat="37.277501" lon="-83.814822"><ele>269.4</ele><time>2025-09-19T22:45:00Z</time></trkpt><trkpt lat="37.277913" lon="-83.814481"><ele>268.9</ele><time>2025-09-19T22:45:04Z</time></trkpt><trkpt lat="37.278103" lon="-83.814264"><ele>268.5</ele><time>2025-09-19T22:45:06Z</time></trkpt><trkpt lat="37.278807" lon="-83.813273"><ele>266.1</ele><time>2025-09-19T22:45:14Z</time></trkpt><trkpt lat="37.279043" lon="-83.812896"><ele>265.4</ele><time>2025-09-19T22:45:17Z</time></trkpt><trkpt lat="37.279312" lon="-83.812301"><ele>265.3</ele><time>2025-09-19T22:45:21Z</time></trkpt><trkpt lat="37.279565" lon="-83.811699"><ele>265.3</ele><time>2025-09-19T22:45:25Z</time></trkpt><trkpt lat="37.279609" lon="-83.811543"><ele>264.9</ele><time>2025-09-19T22:45:26Z</time></trkpt><trkpt lat="37.279642" lon="-83.811376"><ele>263.8</ele><time>2025-09-19T22:45:27Z</time></trkpt><trkpt lat="37.279756" lon="-83.810627"><ele>260.3</ele><time>2025-09-19T22:45:31Z</time></trkpt><trkpt lat="37.27983" lon="-83.810245"><ele>259.6</ele><time>2025-09-19T22:45:33Z</time></trkpt><trkpt lat="37.279954" lon="-83.809688"><ele>259.0</ele><time>2025-09-19T22:45:36Z</time></trkpt><trkpt lat="37.279979" lon="-83.809504"><ele>258.9</ele><time>2025-09-19T22:45:37Z</time></trkpt><trkpt lat="37.27999" lon="-83.809317"><ele>258.8</ele><time>2025-09-19T22:45:38Z</time></trkpt><trkpt lat="37.279988" lon="-83.809125"><ele>258.4</ele><time>2025-09-19T22:45:39Z</time></trkpt><trkpt lat="37.279913" lon="-83.808325"><ele>257.1</ele><time>2025-09-19T22:45:43Z</time></trkpt><trkpt lat="37.279895" lon="-83.807731"><ele>257.4</ele><time>2025-09-19T22:45:46Z</time></trkpt><trkpt lat="37.279864" lon="-83.807358"><ele>258.0</ele><time>2025-09-19T22:45:48Z</time></trkpt><trkpt lat="37.279823" lon="-83.807179"><ele>258.6</ele><time>2025-09-19T22:45:49Z</time></trkpt><trkpt lat="37.279768" lon="-83.807012"><ele>259.2</ele><time>2025-09-19T22:45:50Z</time></trkpt><trkpt lat="37.279554" lon="-83.806567"><ele>259.7</ele><time>2025-09-19T22:45:53Z</time></trkpt><trkpt lat="37.279441" lon="-83.806247"><ele>259.6</ele><time>2025-09-19T22:45:55Z</time></trkpt><trkpt lat="37.279333" lon="-83.805734"><ele>259.2</ele><time>2025-09-19T22:45:58Z</time></trkpt><trkpt lat="37.279291" lon="-83.805401"><ele>259.9</ele><time>2025-09-19T22:46:00Z</time></trkpt><trkpt lat="37.279281" lon="-83.805069"><ele>260.6</ele><time>2025-09-19T22:46:02Z</time></trkpt><trkpt lat="37.279295" lon="-83.804574"><ele>261.5</ele><time>2025-09-19T22:46:05Z</time></trkpt><trkpt lat="37.279382" lon="-83.803476"><ele>259.8</ele><time>2025-09-19T22:46:11Z</time></trkpt><trkpt lat="37.279387" lon="-83.802728"><ele>261.1</ele><time>2025-09-19T22:46:15Z</time></trkpt><trkpt lat="37.279411" lon="-83.802172"><ele>259.4</ele><time>2025-09-19T22:46:18Z</time></trkpt><trkpt lat="37.279462" lon="-83.801609"><ele>257.9</ele><time>2025-09-19T22:46:21Z</time></trkpt><trkpt lat="37.279478" lon="-83.801232"><ele>257.0</ele><time>2025-09-19T22:46:23Z</time></trkpt><trkpt lat="37.279465" lon="-83.801049"><ele>256.6</ele><time>2025-09-19T22:46:24Z</time></trkpt><trkpt lat="37.2794" lon="-83.800503"><ele>257.5</ele><time>2025-09-19T22:46:27Z</time></trkpt><trkpt lat="37.279396" lon="-83.800176"><ele>257.8</ele><time>2025-09-19T22:46:29Z</time></trkpt><trkpt lat="37.27941" lon="-83.800034"><ele>258.3</ele><time>2025-09-19T22:46:30Z</time></trkpt><trkpt lat="37.279438" lon="-83.799913"><ele>258.5</ele><time>2025-09-19T22:46:31Z</time></trkpt><trkpt lat="37.279491" lon="-83.799804"><ele>258.5</ele><time>2025-09-19T22:46:32Z</time></trkpt><trkpt lat="37.279566" lon="-83.799701"><ele>258.0</ele><time>2025-09-19T22:46:33Z</time></trkpt><trkpt lat="37.279663" lon="-83.799623"><ele>257.3</ele><time>2025-09-19T22:46:34Z</time></trkpt><trkpt lat="37.279779" lon="-83.799574"><ele>256.9</ele><time>2025-09-19T22:46:35Z</time></trkpt><trkpt lat="37.279901" lon="-83.799545"><ele>257.1</ele><time>2025-09-19T22:46:36Z</time></trkpt><trkpt lat="37.280029" lon="-83.799533"><ele>256.9</ele><time>2025-09-19T22:46:37Z</time></trkpt><trkpt lat="37.280304" lon="-83.799541"><ele>256.4</ele><time>2025-09-19T22:46:39Z</time></trkpt><trkpt lat="37.280587" lon="-83.799579"><ele>256.0</ele><time>2025-09-19T22:46:41Z</time></trkpt><trkpt lat="37.280994" lon="-83.799616"><ele>257.0</ele><time>2025-09-19T22:46:44Z</time></trkpt><trkpt lat="37.28126" lon="-83.799611"><ele>258.3</ele><time>2025-09-19T22:46:46Z</time></trkpt><trkpt lat="37.281392" lon="-83.799597"><ele>259.3</ele><time>2025-09-19T22:46:47Z</time></trkpt><trkpt lat="37.281675" lon="-83.799536"><ele>259.4</ele><time>2025-09-19T22:46:49Z</time></trkpt><trkpt lat="37.282288" lon="-83.799335"><ele>259.7</ele><time>2025-09-19T22:46:53Z</time></trkpt><trkpt lat="37.282753" lon="-83.799217"><ele>257.8</ele><time>2025-09-19T22:46:56Z</time></trkpt><trkpt lat="37.282904" lon="-83.799154"><ele>257.2</ele><time>2025-09-19T22:46:57Z</time></trkpt><trkpt lat="37.28318" lon="-83.798984"><ele>258.2</ele><time>2025-09-19T22:46:59Z</time></trkpt><trkpt lat="37.283447" lon="-83.798797"><ele>257.9</ele><time>2025-09-19T22:47:01Z</time></trkpt><trkpt lat="37.283572" lon="-83.798696"><ele>258.0</ele><time>2025-09-19T22:47:02Z</time></trkpt><trkpt lat="37.283679" lon="-83.79858"><ele>257.7</ele><time>2025-09-19T22:47:03Z</time></trkpt><trkpt lat="37.283765" lon="-83.798451"><ele>258.9</ele><time>2025-09-19T22:47:04Z</time></trkpt><trkpt lat="37.283841" lon="-83.798311"><ele>259.7</ele><time>2025-09-19T22:47:05Z</time></trkpt><trkpt lat="37.284347" lon="-83.797263"><ele>260.1</ele><time>2025-09-19T22:47:12Z</time></trkpt><trkpt lat="37.284495" lon="-83.796832"><ele>262.3</ele><time>2025-09-19T22:47:15Z</time></trkpt><trkpt lat="37.28456" lon="-83.796711"><ele>263.1</ele><time>2025-09-19T22:47:16Z</time></trkpt><trkpt lat="37.284639" lon="-83.796613"><ele>263.0</ele><time>2025-09-19T22:47:17Z</time></trkpt><trkpt lat="37.284731" lon="-83.796533"><ele>262.7</ele><time>2025-09-19T22:47:18Z</time></trkpt><trkpt lat="37.284833" lon="-83.796462"><ele>262.4</ele><time>2025-09-19T22:47:19Z</time></trkpt><trkpt lat="37.285586" lon="-83.796023"><ele>264.3</ele><time>2025-09-19T22:47:25Z</time></trkpt><trkpt lat="37.285728" lon="-83.795949"><ele>264.6</ele><time>2025-09-19T22:47:26Z</time></trkpt><trkpt lat="37.286134" lon="-83.795777"><ele>266.5</ele><time>2025-09-19T22:47:29Z</time></trkpt><trkpt lat="37.28626" lon="-83.795743"><ele>267.0</ele><time>2025-09-19T22:47:30Z</time></trkpt><trkpt lat="37.286384" lon="-83.795745"><ele>268.2</ele><time>2025-09-19T22:47:31Z</time></trkpt><trkpt lat="37.286498" lon="-83.795776"><ele>268.5</ele><time>2025-09-19T22:47:32Z</time></trkpt><trkpt lat="37.286922" lon="-83.796041"><ele>268.4</ele><time>2025-09-19T22:47:36Z</time></trkpt><trkpt lat="37.287042" lon="-83.796086"><ele>267.6</ele><time>2025-09-19T22:47:37Z</time></trkpt><trkpt lat="37.287739" lon="-83.796252"><ele>263.7</ele><time>2025-09-19T22:47:42Z</time></trkpt><trkpt lat="37.288004" lon="-83.796343"><ele>260.7</ele><time>2025-09-19T22:47:44Z</time></trkpt><trkpt lat="37.288223" lon="-83.796455"><ele>258.7</ele><time>2025-09-19T22:47:46Z</time></trkpt><trkpt lat="37.288814" lon="-83.79683"><ele>253.1</ele><time>2025-09-19T22:47:54Z</time></trkpt><trkpt lat="37.288859" lon="-83.796834"><ele>253.0</ele><time>2025-09-19T22:47:55Z</time></trkpt><trkpt lat="37.288908" lon="-83.796806"><ele>253.2</ele><time>2025-09-19T22:47:56Z</time></trkpt><trkpt lat="37.288989" lon="-83.796684"><ele>252.5</ele><time>2025-09-19T22:47:58Z</time></trkpt><trkpt lat="37.289207" lon="-83.796238"><ele>252.0</ele><time>2025-09-19T22:48:03Z</time></trkpt><trkpt lat="37.289327" lon="-83.79605"><ele>252.0</ele><time>2025-09-19T22:48:05Z</time></trkpt><trkpt lat="37.289551" lon="-83.795799"><ele>251.7</ele><time>2025-09-19T22:48:08Z</time></trkpt><trkpt lat="37.289683" lon="-83.795613"><ele>251.7</ele><time>2025-09-19T22:48:10Z</time></trkpt><trkpt lat="37.289925" lon="-83.795148"><ele>252.6</ele><time>2025-09-19T22:48:16Z</time></trkpt><trkpt lat="37.290043" lon="-83.794895"><ele>252.1</ele><time>2025-09-19T22:48:20Z</time></trkpt><trkpt lat="37.290136" lon="-83.794741"><ele>252.1</ele><time>2025-09-19T22:48:22Z</time></trkpt><trkpt lat="37.290258" lon="-83.79459"><ele>252.3</ele><time>2025-09-19T22:48:24Z</time></trkpt><trkpt lat="37.290466" lon="-83.794373"><ele>253.3</ele><time>2025-09-19T22:48:27Z</time></trkpt><trkpt lat="37.291109" lon="-83.793813"><ele>255.6</ele><time>2025-09-19T22:48:34Z</time></trkpt><trkpt lat="37.291198" lon="-83.793714"><ele>255.7</ele><time>2025-09-19T22:48:35Z</time></trkpt><trkpt lat="37.291371" lon="-83.793489"><ele>255.7</ele><time>2025-09-19T22:48:37Z</time></trkpt><trkpt lat="37.291728" lon="-83.792984"><ele>255.6</ele><time>2025-09-19T22:48:41Z</time></trkpt><trkpt lat="37.291902" lon="-83.792694"><ele>256.1</ele><time>2025-09-19T22:48:43Z</time></trkpt><trkpt lat="37.292042" lon="-83.792392"><ele>256.8</ele><time>2025-09-19T22:48:45Z</time></trkpt><trkpt lat="37.292095" lon="-83.792241"><ele>257.0</ele><time>2025-09-19T22:48:46Z</time></trkpt><trkpt lat="37.292177" lon="-83.791932"><ele>257.9</ele><time>2025-09-19T22:48:48Z</time></trkpt><trkpt lat="37.292206" lon="-83.791777"><ele>257.7</ele><time>2025-09-19T22:48:49Z</time></trkpt><trkpt lat="37.292221" lon="-83.79162"><ele>257.7</ele><time>2025-09-19T22:48:50Z</time></trkpt><trkpt lat="37.292222" lon="-83.791454"><ele>257.6</ele><time>2025-09-19T22:48:51Z</time></trkpt><trkpt lat="37.292139" lon="-83.790786"><ele>257.7</ele><time>2025-09-19T22:48:55Z</time></trkpt><trkpt lat="37.292112" lon="-83.790275"><ele>257.7</ele><time>2025-09-19T22:48:58Z</time></trkpt><trkpt lat="37.292139" lon="-83.789621"><ele>256.5</ele><time>2025-09-19T22:49:02Z</time></trkpt><trkpt lat="37.292211" lon="-83.788917"><ele>255.3</ele><time>2025-09-19T22:49:07Z</time></trkpt><trkpt lat="37.292201" lon="-83.788666"><ele>255.2</ele><time>2025-09-19T22:49:09Z</time></trkpt><trkpt lat="37.292179" lon="-83.788542"><ele>255.3</ele><time>2025-09-19T22:49:10Z</time></trkpt><trkpt lat="37.292143" lon="-83.788415"><ele>255.5</ele><time>2025-09-19T22:49:11Z</time></trkpt><trkpt lat="37.292048" lon="-83.788165"><ele>255.6</ele><time>2025-09-19T22:49:13Z</time></trkpt><trkpt lat="37.291977" lon="-83.787911"><ele>255.4</ele><time>2025-09-19T22:49:15Z</time></trkpt><trkpt lat="37.291954" lon="-83.787778"><ele>255.6</ele><time>2025-09-19T22:49:16Z</time></trkpt><trkpt lat="37.291899" lon="-83.787236"><ele>256.3</ele><time>2025-09-19T22:49:20Z</time></trkpt><trkpt lat="37.291876" lon="-83.787102"><ele>256.3</ele><time>2025-09-19T22:49:21Z</time></trkpt><trkpt lat="37.291616" lon="-83.786339"><ele>259.6</ele><time>2025-09-19T22:49:28Z</time></trkpt><trkpt lat="37.291446" lon="-83.785701"><ele>259.7</ele><time>2025-09-19T22:49:34Z</time></trkpt><trkpt lat="37.291221" lon="-83.784656"><ele>258.1</ele><time>2025-09-19T22:49:43Z</time></trkpt><trkpt lat="37.291216" lon="-83.784557"><ele>257.9</ele><time>2025-09-19T22:49:44Z</time></trkpt><trkpt lat="37.291224" lon="-83.784468"><ele>257.5</ele><time>2025-09-19T22:49:45Z</time></trkpt><trkpt lat="37.29128" lon="-83.784295"><ele>256.7</ele><time>2025-09-19T22:49:47Z</time></trkpt><trkpt lat="37.291375" lon="-83.784124"><ele>256.5</ele><time>2025-09-19T22:49:49Z</time></trkpt><trkpt lat="37.291534" lon="-83.783876"><ele>257.2</ele><time>2025-09-19T22:49:52Z</time></trkpt><trkpt lat="37.291569" lon="-83.783795"><ele>257.5</ele><time>2025-09-19T22:49:53Z</time></trkpt><trkpt lat="37.291619" lon="-83.783633"><ele>257.4</ele><time>2025-09-19T22:49:55Z</time></trkpt><trkpt lat="37.291646" lon="-83.783348"><ele>258.0</ele><time>2025-09-19T22:49:58Z</time></trkpt><trkpt lat="37.291644" lon="-83.783139"><ele>258.4</ele><time>2025-09-19T22:50:00Z</time></trkpt><trkpt lat="37.29162" lon="-83.782848"><ele>258.5</ele><time>2025-09-19T22:50:03Z</time></trkpt><trkpt lat="37.291398" lon="-83.781129"><ele>260.2</ele><time>2025-09-19T22:50:22Z</time></trkpt><trkpt lat="37.291332" lon="-83.780749"><ele>259.2</ele><time>2025-09-19T22:50:27Z</time></trkpt><trkpt lat="37.29122" lon="-83.78041"><ele>257.8</ele><time>2025-09-19T22:50:31Z</time></trkpt><trkpt lat="37.291158" lon="-83.779982"><ele>258.0</ele><time>2025-09-19T22:50:36Z</time></trkpt><trkpt lat="37.291053" lon="-83.779577"><ele>256.3</ele><time>2025-09-19T22:50:41Z</time></trkpt><trkpt lat="37.290998" lon="-83.779251"><ele>257.6</ele><time>2025-09-19T22:50:45Z</time></trkpt><trkpt lat="37.290847" lon="-83.778772"><ele>260.4</ele><time>2025-09-19T22:50:51Z</time></trkpt><trkpt lat="37.290815" lon="-83.778612"><ele>260.2</ele><time>2025-09-19T22:50:53Z</time></trkpt><trkpt lat="37.290759" lon="-83.777703"><ele>254.6</ele><time>2025-09-19T22:51:03Z</time></trkpt><trkpt lat="37.29076" lon="-83.777454"><ele>253.5</ele><time>2025-09-19T22:51:05Z</time></trkpt><trkpt lat="37.290782" lon="-83.777238"><ele>253.1</ele><time>2025-09-19T22:51:07Z</time></trkpt><trkpt lat="37.290894" lon="-83.776778"><ele>252.3</ele><time>2025-09-19T22:51:12Z</time></trkpt><trkpt lat="37.291019" lon="-83.776153"><ele>250.1</ele><time>2025-09-19T22:51:18Z</time></trkpt><trkpt lat="37.291074" lon="-83.775923"><ele>248.1</ele><time>2025-09-19T22:51:20Z</time></trkpt><trkpt lat="37.291299" lon="-83.775145"><ele>245.4</ele><time>2025-09-19T22:51:27Z</time></trkpt><trkpt lat="37.291349" lon="-83.774914"><ele>245.5</ele><time>2025-09-19T22:51:29Z</time></trkpt><trkpt lat="37.291401" lon="-83.774575"><ele>245.3</ele><time>2025-09-19T22:51:32Z</time></trkpt><trkpt lat="37.291496" lon="-83.774219"><ele>245.5</ele><time>2025-09-19T22:51:35Z</time></trkpt><trkpt lat="37.291842" lon="-83.773172"><ele>245.1</ele><time>2025-09-19T22:51:43Z</time></trkpt><trkpt lat="37.291951" lon="-83.772905"><ele>245.0</ele><time>2025-09-19T22:51:45Z</time></trkpt><trkpt lat="37.292067" lon="-83.772662"><ele>244.8</ele><time>2025-09-19T22:51:47Z</time></trkpt><trkpt lat="37.292195" lon="-83.772446"><ele>244.8</ele><time>2025-09-19T22:51:49Z</time></trkpt><trkpt lat="37.292343" lon="-83.772254"><ele>244.6</ele><time>2025-09-19T22:51:51Z</time></trkpt><trkpt lat="37.292591" lon="-83.771991"><ele>243.8</ele><time>2025-09-19T22:51:54Z</time></trkpt><trkpt lat="37.293037" lon="-83.771581"><ele>244.9</ele><time>2025-09-19T22:51:59Z</time></trkpt><trkpt lat="37.29326" lon="-83.771348"><ele>245.3</ele><time>2025-09-19T22:52:02Z</time></trkpt><trkpt lat="37.293812" lon="-83.77073"><ele>243.2</ele><time>2025-09-19T22:52:10Z</time></trkpt><trkpt lat="37.294021" lon="-83.770449"><ele>242.4</ele><time>2025-09-19T22:52:13Z</time></trkpt><trkpt lat="37.294137" lon="-83.770237"><ele>242.4</ele><time>2025-09-19T22:52:15Z</time></trkpt><trkpt lat="37.294225" lon="-83.770016"><ele>243.4</ele><time>2025-09-19T22:52:17Z</time></trkpt><trkpt lat="37.294242" lon="-83.769895"><ele>243.6</ele><time>2025-09-19T22:52:18Z</time></trkpt><trkpt lat="37.294244" lon="-83.769767"><ele>244.0</ele><time>2025-09-19T22:52:19Z</time></trkpt><trkpt lat="37.294226" lon="-83.769639"><ele>244.6</ele><time>2025-09-19T22:52:20Z</time></trkpt><trkpt lat="37.294195" lon="-83.769514"><ele>245.1</ele><time>2025-09-19T22:52:21Z</time></trkpt><trkpt lat="37.294022" lon="-83.76904"><ele>246.2</ele><time>2025-09-19T22:52:26Z</time></trkpt><trkpt lat="37.293963" lon="-83.768818"><ele>245.0</ele><time>2025-09-19T22:52:33Z</time></trkpt><trkpt lat="37.29397" lon="-83.76861"><ele>246.1</ele><time>2025-09-19T22:52:40Z</time></trkpt><trkpt lat="37.294021" lon="-83.768262"><ele>246.4</ele><time>2025-09-19T22:52:48Z</time></trkpt><trkpt lat="37.294046" lon="-83.768214"><ele>246.6</ele><time>2025-09-19T22:52:49Z</time></trkpt><trkpt lat="37.294086" lon="-83.768175"><ele>246.5</ele><time>2025-09-19T22:52:50Z</time></trkpt><trkpt lat="37.294249" lon="-83.768059"><ele>247.6</ele><time>2025-09-19T22:52:53Z</time></trkpt><trkpt lat="37.294359" lon="-83.767951"><ele>248.6</ele><time>2025-09-19T22:52:55Z</time></trkpt><trkpt lat="37.294503" lon="-83.76774"><ele>250.4</ele><time>2025-09-19T22:52:58Z</time></trkpt><trkpt lat="37.294551" lon="-83.767658"><ele>250.9</ele><time>2025-09-19T22:52:59Z</time></trkpt><trkpt lat="37.29459" lon="-83.767564"><ele>251.3</ele><time>2025-09-19T22:53:00Z</time></trkpt><trkpt lat="37.294774" lon="-83.766982"><ele>252.9</ele><time>2025-09-19T22:53:06Z</time></trkpt><trkpt lat="37.295075" lon="-83.765538"><ele>253.4</ele><time>2025-09-19T22:53:19Z</time></trkpt><trkpt lat="37.295188" lon="-83.76524"><ele>253.4</ele><time>2025-09-19T22:53:22Z</time></trkpt><trkpt lat="37.295324" lon="-83.764737"><ele>254.1</ele><time>2025-09-19T22:53:27Z</time></trkpt><trkpt lat="37.295399" lon="-83.764551"><ele>254.0</ele><time>2025-09-19T22:53:29Z</time></trkpt><trkpt lat="37.295444" lon="-83.764466"><ele>254.0</ele><time>2025-09-19T22:53:30Z</time></trkpt><trkpt lat="37.295537" lon="-83.764333"><ele>254.1</ele><time>2025-09-19T22:53:32Z</time></trkpt><trkpt lat="37.296012" lon="-83.763896"><ele>252.6</ele><time>2025-09-19T22:53:40Z</time></trkpt><trkpt lat="37.296175" lon="-83.763789"><ele>252.4</ele><time>2025-09-19T22:53:42Z</time></trkpt><trkpt lat="37.296368" lon="-83.763685"><ele>251.1</ele><time>2025-09-19T22:53:44Z</time></trkpt><trkpt lat="37.296582" lon="-83.763608"><ele>251.0</ele><time>2025-09-19T22:53:46Z</time></trkpt><trkpt lat="37.297399" lon="-83.763407"><ele>251.0</ele><time>2025-09-19T22:53:54Z</time></trkpt><trkpt lat="37.297843" lon="-83.76326"><ele>251.1</ele><time>2025-09-19T22:53:59Z</time></trkpt><trkpt lat="37.298516" lon="-83.762935"><ele>248.1</ele><time>2025-09-19T22:54:09Z</time></trkpt><trkpt lat="37.298698" lon="-83.762829"><ele>246.5</ele><time>2025-09-19T22:54:12Z</time></trkpt><trkpt lat="37.298822" lon="-83.762735"><ele>245.1</ele><time>2025-09-19T22:54:14Z</time></trkpt><trkpt lat="37.299251" lon="-83.762345"><ele>244.2</ele><time>2025-09-19T22:54:21Z</time></trkpt><trkpt lat="37.299602" lon="-83.76194"><ele>244.0</ele><time>2025-09-19T22:54:27Z</time></trkpt><trkpt lat="37.299727" lon="-83.761806"><ele>243.4</ele><time>2025-09-19T22:54:29Z</time></trkpt><trkpt lat="37.299945" lon="-83.761596"><ele>242.2</ele><time>2025-09-19T22:54:32Z</time></trkpt><trkpt lat="37.300279" lon="-83.761347"><ele>241.2</ele><time>2025-09-19T22:54:36Z</time></trkpt><trkpt lat="37.300757" lon="-83.761028"><ele>239.6</ele><time>2025-09-19T22:54:41Z</time></trkpt><trkpt lat="37.300935" lon="-83.760899"><ele>239.0</ele><time>2025-09-19T22:54:43Z</time></trkpt><trkpt lat="37.301184" lon="-83.760693"><ele>238.6</ele><time>2025-09-19T22:54:47Z</time></trkpt><trkpt lat="37.301304" lon="-83.760611"><ele>239.4</ele><time>2025-09-19T22:54:50Z</time></trkpt><trkpt lat="37.301329" lon="-83.760588"><ele>239.1</ele><time>2025-09-19T22:54:51Z</time></trkpt><trkpt lat="37.301348" lon="-83.760548"><ele>239.2</ele><time>2025-09-19T22:54:52Z</time></trkpt><trkpt lat="37.301343" lon="-83.760495"><ele>238.9</ele><time>2025-09-19T22:54:53Z</time></trkpt><trkpt lat="37.301179" lon="-83.760178"><ele>239.4</ele><time>2025-09-19T22:55:00Z</time></trkpt><trkpt lat="37.300816" lon="-83.759556"><ele>241.5</ele><time>2025-09-19T22:55:19Z</time></trkpt><trkpt lat="37.300651" lon="-83.759284"><ele>242.3</ele><time>2025-09-19T22:55:25Z</time></trkpt><trkpt lat="37.300435" lon="-83.758983"><ele>242.9</ele><time>2025-09-19T22:55:31Z</time></trkpt><trkpt lat="37.300122" lon="-83.758512"><ele>243.7</ele><time>2025-09-19T22:55:40Z</time></trkpt><trkpt lat="37.299837" lon="-83.758225"><ele>243.9</ele><time>2025-09-19T22:55:47Z</time></trkpt><trkpt lat="37.299609" lon="-83.757954"><ele>244.2</ele><time>2025-09-19T22:55:52Z</time></trkpt><trkpt lat="37.299452" lon="-83.757795"><ele>244.1</ele><time>2025-09-19T22:55:55Z</time></trkpt><trkpt lat="37.299233" lon="-83.757599"><ele>244.3</ele><time>2025-09-19T22:55:59Z</time></trkpt><trkpt lat="37.298891" lon="-83.75733"><ele>246.5</ele><time>2025-09-19T22:56:05Z</time></trkpt><trkpt lat="37.298618" lon="-83.757017"><ele>246.8</ele><time>2025-09-19T22:56:10Z</time></trkpt><trkpt lat="37.298323" lon="-83.756756"><ele>247.5</ele><time>2025-09-19T22:56:15Z</time></trkpt><trkpt lat="37.298173" lon="-83.756581"><ele>247.7</ele><time>2025-09-19T22:56:18Z</time></trkpt><trkpt lat="37.298021" lon="-83.756371"><ele>248.0</ele><time>2025-09-19T22:56:21Z</time></trkpt><trkpt lat="37.297788" lon="-83.756004"><ele>248.9</ele><time>2025-09-19T22:56:26Z</time></trkpt><trkpt lat="37.297743" lon="-83.755955"><ele>249.2</ele><time>2025-09-19T22:56:27Z</time></trkpt><trkpt lat="37.29755" lon="-83.755828"><ele>250.1</ele><time>2025-09-19T22:56:31Z</time></trkpt><trkpt lat="37.297458" lon="-83.755734"><ele>250.2</ele><time>2025-09-19T22:56:33Z</time></trkpt><trkpt lat="37.297366" lon="-83.755605"><ele>250.3</ele><time>2025-09-19T22:56:35Z</time></trkpt><trkpt lat="37.297182" lon="-83.755273"><ele>252.0</ele><time>2025-09-19T22:56:39Z</time></trkpt><trkpt lat="37.29704" lon="-83.755044"><ele>252.3</ele><time>2025-09-19T22:56:42Z</time></trkpt><trkpt lat="37.296984" lon="-83.754982"><ele>252.1</ele><time>2025-09-19T22:56:43Z</time></trkpt><trkpt lat="37.296669" lon="-83.754699"><ele>252.7</ele><time>2025-09-19T22:56:48Z</time></trkpt><trkpt lat="37.296613" lon="-83.754624"><ele>253.3</ele><time>2025-09-19T22:56:49Z</time></trkpt><trkpt lat="37.296478" lon="-83.754374"><ele>254.2</ele><time>2025-09-19T22:56:52Z</time></trkpt><trkpt lat="37.296366" lon="-83.754217"><ele>254.4</ele><time>2025-09-19T22:56:54Z</time></trkpt><trkpt lat="37.296292" lon="-83.75416"><ele>254.5</ele><time>2025-09-19T22:56:55Z</time></trkpt><trkpt lat="37.296213" lon="-83.754123"><ele>254.5</ele><time>2025-09-19T22:56:56Z</time></trkpt><trkpt lat="37.296129" lon="-83.754102"><ele>253.6</ele><time>2025-09-19T22:56:57Z</time></trkpt><trkpt lat="37.296048" lon="-83.754068"><ele>253.6</ele><time>2025-09-19T22:56:58Z</time></trkpt><trkpt lat="37.295977" lon="-83.75402"><ele>253.8</ele><time>2025-09-19T22:56:59Z</time></trkpt><trkpt lat="37.295866" lon="-83.753871"><ele>254.4</ele><time>2025-09-19T22:57:01Z</time></trkpt><trkpt lat="37.295742" lon="-83.753599"><ele>254.8</ele><time>2025-09-19T22:57:04Z</time></trkpt><trkpt lat="37.295694" lon="-83.753521"><ele>255.0</ele><time>2025-09-19T22:57:05Z</time></trkpt><trkpt lat="37.295578" lon="-83.753396"><ele>255.6</ele><time>2025-09-19T22:57:07Z</time></trkpt><trkpt lat="37.295465" lon="-83.75331"><ele>256.4</ele><time>2025-09-19T22:57:09Z</time></trkpt><trkpt lat="37.295416" lon="-83.75326"><ele>256.5</ele><time>2025-09-19T22:57:10Z</time></trkpt><trkpt lat="37.295375" lon="-83.753205"><ele>256.6</ele><time>2025-09-19T22:57:11Z</time></trkpt><trkpt lat="37.295263" lon="-83.753007"><ele>257.0</ele><time>2025-09-19T22:57:14Z</time></trkpt><trkpt lat="37.295129" lon="-83.752828"><ele>257.1</ele><time>2025-09-19T22:57:17Z</time></trkpt><trkpt lat="37.294977" lon="-83.752693"><ele>257.2</ele><time>2025-09-19T22:57:20Z</time></trkpt><trkpt lat="37.294732" lon="-83.752546"><ele>257.7</ele><time>2025-09-19T22:57:25Z</time></trkpt><trkpt lat="37.294481" lon="-83.75229"><ele>258.0</ele><time>2025-09-19T22:57:46Z</time></trkpt><trkpt lat="37.294425" lon="-83.752222"><ele>258.0</ele><time>2025-09-19T22:57:50Z</time></trkpt><trkpt lat="37.29438" lon="-83.752146"><ele>258.0</ele><time>2025-09-19T22:57:54Z</time></trkpt><trkpt lat="37.294292" lon="-83.752055"><ele>259.0</ele><time>2025-09-19T22:58:01Z</time></trkpt><trkpt lat="37.294172" lon="-83.752016"><ele>260.7</ele><time>2025-09-19T22:58:06Z</time></trkpt><trkpt lat="37.294119" lon="-83.751985"><ele>261.8</ele><time>2025-09-19T22:58:08Z</time></trkpt><trkpt lat="37.293955" lon="-83.751836"><ele>261.1</ele><time>2025-09-19T22:58:14Z</time></trkpt><trkpt lat="37.293681" lon="-83.751663"><ele>260.0</ele><time>2025-09-19T22:58:25Z</time></trkpt><trkpt lat="37.293487" lon="-83.751565"><ele>260.0</ele><time>2025-09-19T22:58:35Z</time></trkpt><trkpt lat="37.293324" lon="-83.751496"><ele>260.3</ele><time>2025-09-19T22:58:43Z</time></trkpt><trkpt lat="37.292892" lon="-83.751157"><ele>262.0</ele><time>2025-09-19T22:59:04Z</time></trkpt><trkpt lat="37.292671" lon="-83.75095"><ele>264.0</ele><time>2025-09-19T22:59:14Z</time></trkpt><trkpt lat="37.292599" lon="-83.750915"><ele>264.0</ele><time>2025-09-19T22:59:18Z</time></trkpt><trkpt lat="37.292529" lon="-83.7509"><ele>261.0</ele><time>2025-09-19T22:59:27Z</time></trkpt><trkpt lat="37.292466" lon="-83.75087"><ele>261.0</ele><time>2025-09-19T22:59:32Z</time></trkpt><trkpt lat="37.292344" lon="-83.750867"><ele>262.0</ele><time>2025-09-19T22:59:42Z</time></trkpt><trkpt lat="37.292278" lon="-83.750854"><ele>261.0</ele><time>2025-09-19T22:59:49Z</time></trkpt><trkpt lat="37.292153" lon="-83.750796"><ele>260.0</ele><time>2025-09-19T23:00:05Z</time></trkpt><trkpt lat="37.292065" lon="-83.750726"><ele>263.0</ele><time>2025-09-19T23:00:12Z</time></trkpt><trkpt lat="37.291918" lon="-83.75068"><ele>266.0</ele><time>2025-09-19T23:00:23Z</time></trkpt><trkpt lat="37.29184" lon="-83.750631"><ele>266.8</ele><time>2025-09-19T23:00:27Z</time></trkpt><trkpt lat="37.291745" lon="-83.750543"><ele>267.1</ele><time>2025-09-19T23:00:31Z</time></trkpt><trkpt lat="37.291547" lon="-83.750319"><ele>269.0</ele><time>2025-09-19T23:00:50Z</time></trkpt><trkpt lat="37.291418" lon="-83.750077"><ele>270.0</ele><time>2025-09-19T23:01:00Z</time></trkpt><trkpt lat="37.291154" lon="-83.749647"><ele>274.0</ele><time>2025-09-19T23:01:20Z</time></trkpt><trkpt lat="37.291097" lon="-83.749538"><ele>275.3</ele><time>2025-09-19T23:01:25Z</time></trkpt><trkpt lat="37.290973" lon="-83.74935"><ele>274.0</ele><time>2025-09-19T23:01:32Z</time></trkpt><trkpt lat="37.29092" lon="-83.749243"><ele>275.9</ele><time>2025-09-19T23:01:36Z</time></trkpt><trkpt lat="37.290791" lon="-83.7487"><ele>278.0</ele><time>2025-09-19T23:01:54Z</time></trkpt><trkpt lat="37.290763" lon="-83.748648"><ele>278.0</ele><time>2025-09-19T23:01:56Z</time></trkpt><trkpt lat="37.290675" lon="-83.748534"><ele>278.0</ele><time>2025-09-19T23:02:02Z</time></trkpt><trkpt lat="37.290583" lon="-83.74835"><ele>280.5</ele><time>2025-09-19T23:02:10Z</time></trkpt><trkpt lat="37.290431" lon="-83.747934"><ele>280.0</ele><time>2025-09-19T23:02:21Z</time></trkpt><trkpt lat="37.290366" lon="-83.747792"><ele>280.3</ele><time>2025-09-19T23:02:25Z</time></trkpt><trkpt lat="37.29022" lon="-83.747493"><ele>282.5</ele><time>2025-09-19T23:02:34Z</time></trkpt><trkpt lat="37.290048" lon="-83.747177"><ele>284.1</ele><time>2025-09-19T23:02:42Z</time></trkpt><trkpt lat="37.28995" lon="-83.746949"><ele>284.9</ele><time>2025-09-19T23:02:48Z</time></trkpt><trkpt lat="37.289787" lon="-83.74661"><ele>285.5</ele><time>2025-09-19T23:02:58Z</time></trkpt><trkpt lat="37.289666" lon="-83.746384"><ele>285.4</ele><time>2025-09-19T23:03:05Z</time></trkpt><trkpt lat="37.289484" lon="-83.745936"><ele>284.3</ele><time>2025-09-19T23:03:22Z</time></trkpt><trkpt lat="37.28946" lon="-83.745822"><ele>284.3</ele><time>2025-09-19T23:03:25Z</time></trkpt><trkpt lat="37.28938" lon="-83.745674"><ele>284.0</ele><time>2025-09-19T23:03:30Z</time></trkpt><trkpt lat="37.289331" lon="-83.745491"><ele>286.0</ele><time>2025-09-19T23:03:38Z</time></trkpt><trkpt lat="37.289272" lon="-83.745149"><ele>289.2</ele><time>2025-09-19T23:03:50Z</time></trkpt><trkpt lat="37.289097" lon="-83.744421"><ele>290.7</ele><time>2025-09-19T23:04:13Z</time></trkpt><trkpt lat="37.289023" lon="-83.743994"><ele>288.6</ele><time>2025-09-19T23:04:24Z</time></trkpt><trkpt lat="37.288944" lon="-83.743734"><ele>289.5</ele><time>2025-09-19T23:04:31Z</time></trkpt><trkpt lat="37.288686" lon="-83.742742"><ele>293.2</ele><time>2025-09-19T23:04:57Z</time></trkpt><trkpt lat="37.288676" lon="-83.742568"><ele>291.0</ele><time>2025-09-19T23:05:01Z</time></trkpt><trkpt lat="37.288683" lon="-83.742488"><ele>290.3</ele><time>2025-09-19T23:05:03Z</time></trkpt><trkpt lat="37.288659" lon="-83.742241"><ele>288.0</ele><time>2025-09-19T23:05:13Z</time></trkpt><trkpt lat="37.288507" lon="-83.741526"><ele>290.1</ele><time>2025-09-19T23:05:38Z</time></trkpt><trkpt lat="37.288468" lon="-83.741189"><ele>290.0</ele><time>2025-09-19T23:05:49Z</time></trkpt><trkpt lat="37.288461" lon="-83.741043"><ele>291.7</ele><time>2025-09-19T23:05:54Z</time></trkpt><trkpt lat="37.288406" lon="-83.740769"><ele>290.2</ele><time>2025-09-19T23:06:01Z</time></trkpt><trkpt lat="37.288377" lon="-83.740679"><ele>289.8</ele><time>2025-09-19T23:06:03Z</time></trkpt><trkpt lat="37.288344" lon="-83.740496"><ele>290.5</ele><time>2025-09-19T23:06:07Z</time></trkpt><trkpt lat="37.288319" lon="-83.740415"><ele>291.0</ele><time>2025-09-19T23:06:09Z</time></trkpt><trkpt lat="37.288274" lon="-83.740125"><ele>292.0</ele><time>2025-09-19T23:06:16Z</time></trkpt><trkpt lat="37.288209" lon="-83.739971"><ele>293.7</ele><time>2025-09-19T23:06:21Z</time></trkpt><trkpt lat="37.288101" lon="-83.73977"><ele>293.6</ele><time>2025-09-19T23:06:27Z</time></trkpt><trkpt lat="37.287966" lon="-83.7396"><ele>294.0</ele><time>2025-09-19T23:06:34Z</time></trkpt><trkpt lat="37.287915" lon="-83.739511"><ele>296.0</ele><time>2025-09-19T23:06:38Z</time></trkpt><trkpt lat="37.287905" lon="-83.739463"><ele>296.0</ele><time>2025-09-19T23:06:40Z</time></trkpt><trkpt lat="37.287933" lon="-83.739283"><ele>298.0</ele><time>2025-09-19T23:06:48Z</time></trkpt><trkpt lat="37.287925" lon="-83.739158"><ele>299.0</ele><time>2025-09-19T23:06:53Z</time></trkpt><trkpt lat="37.287903" lon="-83.739064"><ele>299.0</ele><time>2025-09-19T23:06:56Z</time></trkpt><trkpt lat="37.287835" lon="-83.738932"><ele>299.0</ele><time>2025-09-19T23:07:00Z</time></trkpt><trkpt lat="37.287645" lon="-83.738665"><ele>302.0</ele><time>2025-09-19T23:07:10Z</time></trkpt><trkpt lat="37.28746" lon="-83.738491"><ele>302.5</ele><time>2025-09-19T23:07:19Z</time></trkpt><trkpt lat="37.287401" lon="-83.738412"><ele>302.8</ele><time>2025-09-19T23:07:22Z</time></trkpt><trkpt lat="37.287282" lon="-83.738286"><ele>303.1</ele><time>2025-09-19T23:07:27Z</time></trkpt><trkpt lat="37.287067" lon="-83.738103"><ele>300.5</ele><time>2025-09-19T23:07:37Z</time></trkpt><trkpt lat="37.286934" lon="-83.737876"><ele>300.0</ele><time>2025-09-19T23:07:46Z</time></trkpt><trkpt lat="37.286726" lon="-83.737582"><ele>302.0</ele><time>2025-09-19T23:08:00Z</time></trkpt><trkpt lat="37.286629" lon="-83.737474"><ele>303.7</ele><time>2025-09-19T23:08:05Z</time></trkpt><trkpt lat="37.286325" lon="-83.737027"><ele>301.4</ele><time>2025-09-19T23:08:22Z</time></trkpt><trkpt lat="37.285991" lon="-83.736614"><ele>300.0</ele><time>2025-09-19T23:08:38Z</time></trkpt><trkpt lat="37.285898" lon="-83.736446"><ele>302.4</ele><time>2025-09-19T23:08:45Z</time></trkpt><trkpt lat="37.285727" lon="-83.736217"><ele>302.0</ele><time>2025-09-19T23:08:54Z</time></trkpt><trkpt lat="37.285654" lon="-83.736148"><ele>304.0</ele><time>2025-09-19T23:08:58Z</time></trkpt><trkpt lat="37.285596" lon="-83.736029"><ele>304.0</ele><time>2025-09-19T23:09:05Z</time></trkpt><trkpt lat="37.285577" lon="-83.735901"><ele>304.0</ele><time>2025-09-19T23:09:11Z</time></trkpt><trkpt lat="37.285591" lon="-83.735614"><ele>306.0</ele><time>2025-09-19T23:09:22Z</time></trkpt><trkpt lat="37.285532" lon="-83.735414"><ele>304.0</ele><time>2025-09-19T23:09:32Z</time></trkpt><trkpt lat="37.285535" lon="-83.735163"><ele>305.0</ele><time>2025-09-19T23:09:45Z</time></trkpt><trkpt lat="37.285525" lon="-83.735123"><ele>306.0</ele><time>2025-09-19T23:09:47Z</time></trkpt><trkpt lat="37.285312" lon="-83.734655"><ele>312.0</ele><time>2025-09-19T23:10:30Z</time></trkpt><trkpt lat="37.285267" lon="-83.734518"><ele>316.0</ele><time>2025-09-19T23:10:39Z</time></trkpt><trkpt lat="37.285242" lon="-83.734344"><ele>316.0</ele><time>2025-09-19T23:10:47Z</time></trkpt><trkpt lat="37.28515" lon="-83.734086"><ele>317.7</ele><time>2025-09-19T23:10:56Z</time></trkpt><trkpt lat="37.28512" lon="-83.733932"><ele>318.7</ele><time>2025-09-19T23:11:01Z</time></trkpt><trkpt lat="37.285116" lon="-83.733796"><ele>318.0</ele><time>2025-09-19T23:11:05Z</time></trkpt><trkpt lat="37.285152" lon="-83.733594"><ele>319.0</ele><time>2025-09-19T23:11:13Z</time></trkpt><trkpt lat="37.285203" lon="-83.733096"><ele>319.9</ele><time>2025-09-19T23:11:28Z</time></trkpt><trkpt lat="37.285189" lon="-83.732813"><ele>320.6</ele><time>2025-09-19T23:11:35Z</time></trkpt><trkpt lat="37.285174" lon="-83.732725"><ele>320.0</ele><time>2025-09-19T23:11:37Z</time></trkpt><trkpt lat="37.285146" lon="-83.732642"><ele>320.0</ele><time>2025-09-19T23:11:39Z</time></trkpt><trkpt lat="37.285149" lon="-83.732575"><ele>318.0</ele><time>2025-09-19T23:11:52Z</time></trkpt><trkpt lat="37.285089" lon="-83.732438"><ele>322.0</ele><time>2025-09-19T23:12:03Z</time></trkpt><trkpt lat="37.284994" lon="-83.732296"><ele>325.7</ele><time>2025-09-19T23:12:14Z</time></trkpt><trkpt lat="37.284925" lon="-83.732242"><ele>327.0</ele><time>2025-09-19T23:12:18Z</time></trkpt><trkpt lat="37.284877" lon="-83.732272"><ele>328.0</ele><time>2025-09-19T23:12:21Z</time></trkpt><trkpt lat="37.284828" lon="-83.732383"><ele>330.0</ele><time>2025-09-19T23:12:27Z</time></trkpt><trkpt lat="37.284821" lon="-83.73243"><ele>330.0</ele><time>2025-09-19T23:12:30Z</time></trkpt><trkpt lat="37.284832" lon="-83.732547"><ele>334.0</ele><time>2025-09-19T23:13:00Z</time></trkpt><trkpt lat="37.284784" lon="-83.732937"><ele>330.0</ele><time>2025-09-19T23:13:24Z</time></trkpt><trkpt lat="37.284748" lon="-83.733032"><ele>330.0</ele><time>2025-09-19T23:13:28Z</time></trkpt><trkpt lat="37.284668" lon="-83.733128"><ele>330.0</ele><time>2025-09-19T23:13:34Z</time></trkpt><trkpt lat="37.284602" lon="-83.733173"><ele>330.0</ele><time>2025-09-19T23:13:38Z</time></trkpt><trkpt lat="37.284528" lon="-83.733206"><ele>330.0</ele><time>2025-09-19T23:13:42Z</time></trkpt><trkpt lat="37.28431" lon="-83.733218"><ele>331.7</ele><time>2025-09-19T23:13:54Z</time></trkpt><trkpt lat="37.28411" lon="-83.73317"><ele>332.0</ele><time>2025-09-19T23:14:05Z</time></trkpt><trkpt lat="37.284037" lon="-83.733169"><ele>332.0</ele><time>2025-09-19T23:14:09Z</time></trkpt><trkpt lat="37.283956" lon="-83.733151"><ele>332.0</ele><time>2025-09-19T23:14:13Z</time></trkpt><trkpt lat="37.283607" lon="-83.733063"><ele>336.0</ele><time>2025-09-19T23:14:33Z</time></trkpt><trkpt lat="37.283518" lon="-83.733006"><ele>340.0</ele><time>2025-09-19T23:14:40Z</time></trkpt><trkpt lat="37.283456" lon="-83.732951"><ele>339.0</ele><time>2025-09-19T23:14:48Z</time></trkpt><trkpt lat="37.283412" lon="-83.732958"><ele>328.0</ele><time>2025-09-19T23:14:59Z</time></trkpt><trkpt lat="37.28329" lon="-83.733048"><ele>336.0</ele><time>2025-09-19T23:15:21Z</time></trkpt><trkpt lat="37.283141" lon="-83.733044"><ele>345.0</ele><time>2025-09-19T23:15:41Z</time></trkpt><trkpt lat="37.283" lon="-83.73301"><ele>348.0</ele><time>2025-09-19T23:15:56Z</time></trkpt><trkpt lat="37.282848" lon="-83.733038"><ele>351.0</ele><time>2025-09-19T23:16:05Z</time></trkpt><trkpt lat="37.282743" lon="-83.73309"><ele>354.0</ele><time>2025-09-19T23:16:11Z</time></trkpt><trkpt lat="37.282616" lon="-83.733101"><ele>357.0</ele><time>2025-09-19T23:16:20Z</time></trkpt><trkpt lat="37.282563" lon="-83.733087"><ele>358.0</ele><time>2025-09-19T23:16:24Z</time></trkpt><trkpt lat="37.282413" lon="-83.733012"><ele>360.0</ele><time>2025-09-19T23:16:37Z</time></trkpt><trkpt lat="37.282299" lon="-83.733003"><ele>362.0</ele><time>2025-09-19T23:16:45Z</time></trkpt><trkpt lat="37.282196" lon="-83.732965"><ele>364.0</ele><time>2025-09-19T23:16:49Z</time></trkpt><trkpt lat="37.281975" lon="-83.732822"><ele>366.0</ele><time>2025-09-19T23:17:03Z</time></trkpt><trkpt lat="37.281948" lon="-83.732791"><ele>368.0</ele><time>2025-09-19T23:17:05Z</time></trkpt><trkpt lat="37.28152" lon="-83.732016"><ele>368.0</ele><time>2025-09-19T23:17:37Z</time></trkpt><trkpt lat="37.281478" lon="-83.7319"><ele>366.0</ele><time>2025-09-19T23:17:45Z</time></trkpt><trkpt lat="37.281458" lon="-83.731796"><ele>366.0</ele><time>2025-09-19T23:17:54Z</time></trkpt><trkpt lat="37.281451" lon="-83.731509"><ele>362.0</ele><time>2025-09-19T23:18:11Z</time></trkpt><trkpt lat="37.281466" lon="-83.731284"><ele>362.0</ele><time>2025-09-19T23:18:23Z</time></trkpt><trkpt lat="37.281438" lon="-83.730898"><ele>361.0</ele><time>2025-09-19T23:18:41Z</time></trkpt><trkpt lat="37.281382" lon="-83.730496"><ele>357.0</ele><time>2025-09-19T23:18:59Z</time></trkpt><trkpt lat="37.281312" lon="-83.730299"><ele>356.0</ele><time>2025-09-19T23:19:09Z</time></trkpt><trkpt lat="37.281223" lon="-83.729703"><ele>352.0</ele><time>2025-09-19T23:19:40Z</time></trkpt><trkpt lat="37.281227" lon="-83.729548"><ele>351.0</ele><time>2025-09-19T23:19:53Z</time></trkpt><trkpt lat="37.281215" lon="-83.729374"><ele>348.0</ele><time>2025-09-19T23:20:09Z</time></trkpt><trkpt lat="37.281243" lon="-83.729209"><ele>349.0</ele><time>2025-09-19T23:20:57Z</time></trkpt><trkpt lat="37.281233" lon="-83.729057"><ele>349.0</ele><time>2025-09-19T23:21:20Z</time></trkpt><trkpt lat="37.281216" lon="-83.729012"><ele>343.0</ele><time>2025-09-19T23:21:28Z</time></trkpt><trkpt lat="37.281216" lon="-83.728981"><ele>344.0</ele><time>2025-09-19T23:21:33Z</time></trkpt><trkpt lat="37.281242" lon="-83.728842"><ele>341.0</ele><time>2025-09-19T23:21:59Z</time></trkpt><trkpt lat="37.281237" lon="-83.728793"><ele>348.0</ele><time>2025-09-19T23:22:15Z</time></trkpt><trkpt lat="37.281249" lon="-83.728759"><ele>342.0</ele><time>2025-09-19T23:22:27Z</time></trkpt><trkpt lat="37.281236" lon="-83.728687"><ele>340.0</ele><time>2025-09-19T23:22:44Z</time></trkpt><trkpt lat="37.281244" lon="-83.728577"><ele>342.0</ele><time>2025-09-19T23:22:55Z</time></trkpt><trkpt lat="37.281334" lon="-83.728368"><ele>333.0</ele><time>2025-09-19T23:23:14Z</time></trkpt><trkpt lat="37.281355" lon="-83.728295"><ele>335.0</ele><time>2025-09-19T23:23:20Z</time></trkpt><trkpt lat="37.281434" lon="-83.72817"><ele>333.0</ele><time>2025-09-19T23:23:30Z</time></trkpt><trkpt lat="37.2815" lon="-83.728105"><ele>332.0</ele><time>2025-09-19T23:23:35Z</time></trkpt><trkpt lat="37.281526" lon="-83.728045"><ele>330.0</ele><time>2025-09-19T23:23:39Z</time></trkpt><trkpt lat="37.281502" lon="-83.727962"><ele>332.0</ele><time>2025-09-19T23:23:43Z</time></trkpt><trkpt lat="37.281448" lon="-83.727873"><ele>332.8</ele><time>2025-09-19T23:23:47Z</time></trkpt><trkpt lat="37.281335" lon="-83.727784"><ele>330.0</ele><time>2025-09-19T23:23:52Z</time></trkpt><trkpt lat="37.2812" lon="-83.727641"><ele>331.4</ele><time>2025-09-19T23:23:59Z</time></trkpt><trkpt lat="37.281166" lon="-83.727579"><ele>331.3</ele><time>2025-09-19T23:24:01Z</time></trkpt><trkpt lat="37.281145" lon="-83.727508"><ele>330.0</ele><time>2025-09-19T23:24:58Z</time></trkpt><trkpt lat="37.281113" lon="-83.727539"><ele>330.0</ele><time>2025-09-19T23:25:54Z</time></trkpt><trkpt lat="37.281084" lon="-83.727244"><ele>332.0</ele><time>2025-09-19T23:26:39Z</time></trkpt><trkpt lat="37.281043" lon="-83.727066"><ele>330.0</ele><time>2025-09-19T23:26:52Z</time></trkpt><trkpt lat="37.280698" lon="-83.726067"><ele>326.0</ele><time>2025-09-19T23:27:37Z</time></trkpt><trkpt lat="37.280605" lon="-83.725847"><ele>324.0</ele><time>2025-09-19T23:27:47Z</time></trkpt><trkpt lat="37.28059" lon="-83.725717"><ele>324.0</ele><time>2025-09-19T23:27:53Z</time></trkpt><trkpt lat="37.280528" lon="-83.725568"><ele>324.0</ele><time>2025-09-19T23:27:59Z</time></trkpt><trkpt lat="37.280482" lon="-83.725374"><ele>324.0</ele><time>2025-09-19T23:28:07Z</time></trkpt><trkpt lat="37.280524" lon="-83.724936"><ele>327.6</ele><time>2025-09-19T23:28:55Z</time></trkpt><trkpt lat="37.2806" lon="-83.724682"><ele>327.7</ele><time>2025-09-19T23:29:03Z</time></trkpt><trkpt lat="37.280665" lon="-83.724336"><ele>326.8</ele><time>2025-09-19T23:29:17Z</time></trkpt><trkpt lat="37.280841" lon="-83.723722"><ele>322.0</ele><time>2025-09-19T23:29:42Z</time></trkpt><trkpt lat="37.2809" lon="-83.723545"><ele>322.0</ele><time>2025-09-19T23:29:50Z</time></trkpt><trkpt lat="37.280916" lon="-83.723436"><ele>321.0</ele><time>2025-09-19T23:29:57Z</time></trkpt><trkpt lat="37.280946" lon="-83.723342"><ele>324.0</ele><time>2025-09-19T23:30:07Z</time></trkpt><trkpt lat="37.281039" lon="-83.723201"><ele>322.0</ele><time>2025-09-19T23:30:22Z</time></trkpt><trkpt lat="37.281053" lon="-83.723153"><ele>322.0</ele><time>2025-09-19T23:30:24Z</time></trkpt><trkpt lat="37.281083" lon="-83.722866"><ele>322.0</ele><time>2025-09-19T23:30:35Z</time></trkpt><trkpt lat="37.28112" lon="-83.722637"><ele>326.5</ele><time>2025-09-19T23:30:44Z</time></trkpt><trkpt lat="37.281207" lon="-83.722223"><ele>325.6</ele><time>2025-09-19T23:30:57Z</time></trkpt><trkpt lat="37.28128" lon="-83.72206"><ele>322.0</ele><time>2025-09-19T23:31:03Z</time></trkpt><trkpt lat="37.281344" lon="-83.721981"><ele>322.0</ele><time>2025-09-19T23:31:09Z</time></trkpt><trkpt lat="37.281407" lon="-83.721936"><ele>320.0</ele><time>2025-09-19T23:31:16Z</time></trkpt><trkpt lat="37.281488" lon="-83.721941"><ele>318.0</ele><time>2025-09-19T23:31:22Z</time></trkpt><trkpt lat="37.281526" lon="-83.72192"><ele>318.0</ele><time>2025-09-19T23:31:24Z</time></trkpt><trkpt lat="37.281578" lon="-83.721856"><ele>316.0</ele><time>2025-09-19T23:31:28Z</time></trkpt><trkpt lat="37.281588" lon="-83.721819"><ele>316.0</ele><time>2025-09-19T23:31:30Z</time></trkpt><trkpt lat="37.281579" lon="-83.721748"><ele>315.0</ele><time>2025-09-19T23:31:35Z</time></trkpt><trkpt lat="37.281343" lon="-83.721373"><ele>318.0</ele><time>2025-09-19T23:32:02Z</time></trkpt><trkpt lat="37.281305" lon="-83.72128"><ele>317.0</ele><time>2025-09-19T23:32:09Z</time></trkpt><trkpt lat="37.28129" lon="-83.721199"><ele>316.0</ele><time>2025-09-19T23:32:13Z</time></trkpt><trkpt lat="37.28129" lon="-83.721082"><ele>316.0</ele><time>2025-09-19T23:32:19Z</time></trkpt><trkpt lat="37.281343" lon="-83.720841"><ele>314.0</ele><time>2025-09-19T23:32:33Z</time></trkpt><trkpt lat="37.281521" lon="-83.72048"><ele>311.1</ele><time>2025-09-19T23:32:54Z</time></trkpt><trkpt lat="37.281607" lon="-83.720355"><ele>310.0</ele><time>2025-09-19T23:32:59Z</time></trkpt><trkpt lat="37.28179" lon="-83.720133"><ele>310.0</ele><time>2025-09-19T23:33:09Z</time></trkpt><trkpt lat="37.281937" lon="-83.719985"><ele>309.0</ele><time>2025-09-19T23:33:17Z</time></trkpt><trkpt lat="37.282334" lon="-83.719634"><ele>306.0</ele><time>2025-09-19T23:33:41Z</time></trkpt><trkpt lat="37.282504" lon="-83.71944"><ele>306.0</ele><time>2025-09-19T23:34:00Z</time></trkpt><trkpt lat="37.282582" lon="-83.719392"><ele>306.0</ele><time>2025-09-19T23:34:04Z</time></trkpt><trkpt lat="37.28266" lon="-83.719322"><ele>304.0</ele><time>2025-09-19T23:34:08Z</time></trkpt><trkpt lat="37.282721" lon="-83.719283"><ele>304.0</ele><time>2025-09-19T23:34:14Z</time></trkpt><trkpt lat="37.282789" lon="-83.719213"><ele>304.8</ele><time>2025-09-19T23:34:17Z</time></trkpt><trkpt lat="37.283096" lon="-83.718868"><ele>302.9</ele><time>2025-09-19T23:34:30Z</time></trkpt><trkpt lat="37.283411" lon="-83.718481"><ele>303.6</ele><time>2025-09-19T23:34:40Z</time></trkpt><trkpt lat="37.283736" lon="-83.718051"><ele>307.3</ele><time>2025-09-19T23:34:48Z</time></trkpt><trkpt lat="37.283776" lon="-83.718009"><ele>307.2</ele><time>2025-09-19T23:34:49Z</time></trkpt><trkpt lat="37.283991" lon="-83.717855"><ele>305.5</ele><time>2025-09-19T23:34:53Z</time></trkpt><trkpt lat="37.284035" lon="-83.717804"><ele>305.5</ele><time>2025-09-19T23:34:54Z</time></trkpt><trkpt lat="37.284096" lon="-83.717689"><ele>306.5</ele><time>2025-09-19T23:34:56Z</time></trkpt><trkpt lat="37.284291" lon="-83.71723"><ele>306.5</ele><time>2025-09-19T23:35:03Z</time></trkpt><trkpt lat="37.284369" lon="-83.717088"><ele>305.4</ele><time>2025-09-19T23:35:05Z</time></trkpt><trkpt lat="37.284626" lon="-83.716787"><ele>301.8</ele><time>2025-09-19T23:35:10Z</time></trkpt><trkpt lat="37.284758" lon="-83.716576"><ele>304.5</ele><time>2025-09-19T23:35:13Z</time></trkpt><trkpt lat="37.284964" lon="-83.71633"><ele>305.6</ele><time>2025-09-19T23:35:17Z</time></trkpt><trkpt lat="37.28517" lon="-83.716008"><ele>303.4</ele><time>2025-09-19T23:35:21Z</time></trkpt><trkpt lat="37.28543" lon="-83.715669"><ele>300.0</ele><time>2025-09-19T23:35:25Z</time></trkpt><trkpt lat="37.285593" lon="-83.71538"><ele>299.4</ele><time>2025-09-19T23:35:28Z</time></trkpt><trkpt lat="37.285656" lon="-83.71529"><ele>298.8</ele><time>2025-09-19T23:35:29Z</time></trkpt><trkpt lat="37.285878" lon="-83.715052"><ele>297.9</ele><time>2025-09-19T23:35:32Z</time></trkpt><trkpt lat="37.286412" lon="-83.714407"><ele>293.6</ele><time>2025-09-19T23:35:39Z</time></trkpt><trkpt lat="37.286717" lon="-83.714101"><ele>293.1</ele><time>2025-09-19T23:35:43Z</time></trkpt><trkpt lat="37.286814" lon="-83.71398"><ele>293.4</ele><time>2025-09-19T23:35:45Z</time></trkpt><trkpt lat="37.286853" lon="-83.713917"><ele>293.5</ele><time>2025-09-19T23:35:46Z</time></trkpt><trkpt lat="37.286912" lon="-83.713777"><ele>293.9</ele><time>2025-09-19T23:35:48Z</time></trkpt><trkpt lat="37.287041" lon="-83.71324"><ele>292.3</ele><time>2025-09-19T23:35:54Z</time></trkpt><trkpt lat="37.287073" lon="-83.71315"><ele>291.9</ele><time>2025-09-19T23:35:55Z</time></trkpt><trkpt lat="37.287205" lon="-83.712893"><ele>290.8</ele><time>2025-09-19T23:35:58Z</time></trkpt><trkpt lat="37.287365" lon="-83.712669"><ele>290.7</ele><time>2025-09-19T23:36:01Z</time></trkpt><trkpt lat="37.287504" lon="-83.712442"><ele>291.5</ele><time>2025-09-19T23:36:04Z</time></trkpt><trkpt lat="37.287586" lon="-83.712282"><ele>291.9</ele><time>2025-09-19T23:36:06Z</time></trkpt><trkpt lat="37.287661" lon="-83.712107"><ele>291.6</ele><time>2025-09-19T23:36:08Z</time></trkpt><trkpt lat="37.287798" lon="-83.711619"><ele>290.6</ele><time>2025-09-19T23:36:13Z</time></trkpt><trkpt lat="37.287942" lon="-83.711188"><ele>289.3</ele><time>2025-09-19T23:36:17Z</time></trkpt><trkpt lat="37.288155" lon="-83.71049"><ele>286.7</ele><time>2025-09-19T23:36:23Z</time></trkpt><trkpt lat="37.288236" lon="-83.710256"><ele>285.6</ele><time>2025-09-19T23:36:25Z</time></trkpt><trkpt lat="37.288328" lon="-83.710028"><ele>285.1</ele><time>2025-09-19T23:36:27Z</time></trkpt><trkpt lat="37.288358" lon="-83.709907"><ele>284.9</ele><time>2025-09-19T23:36:28Z</time></trkpt><trkpt lat="37.288379" lon="-83.709666"><ele>285.1</ele><time>2025-09-19T23:36:30Z</time></trkpt><trkpt lat="37.288421" lon="-83.709427"><ele>285.0</ele><time>2025-09-19T23:36:32Z</time></trkpt><trkpt lat="37.288626" lon="-83.708667"><ele>283.8</ele><time>2025-09-19T23:36:38Z</time></trkpt><trkpt lat="37.288684" lon="-83.708413"><ele>282.4</ele><time>2025-09-19T23:36:40Z</time></trkpt><trkpt lat="37.288704" lon="-83.708277"><ele>281.6</ele><time>2025-09-19T23:36:41Z</time></trkpt><trkpt lat="37.288729" lon="-83.707899"><ele>281.0</ele><time>2025-09-19T23:36:44Z</time></trkpt><trkpt lat="37.28876" lon="-83.707788"><ele>281.1</ele><time>2025-09-19T23:36:45Z</time></trkpt><trkpt lat="37.289178" lon="-83.706974"><ele>283.8</ele><time>2025-09-19T23:36:53Z</time></trkpt><trkpt lat="37.289625" lon="-83.706184"><ele>287.1</ele><time>2025-09-19T23:37:01Z</time></trkpt><trkpt lat="37.289982" lon="-83.705493"><ele>286.6</ele><time>2025-09-19T23:37:08Z</time></trkpt><trkpt lat="37.290037" lon="-83.705409"><ele>285.9</ele><time>2025-09-19T23:37:09Z</time></trkpt><trkpt lat="37.290097" lon="-83.705342"><ele>285.3</ele><time>2025-09-19T23:37:10Z</time></trkpt><trkpt lat="37.29016" lon="-83.705291"><ele>284.5</ele><time>2025-09-19T23:37:11Z</time></trkpt><trkpt lat="37.290287" lon="-83.705211"><ele>282.9</ele><time>2025-09-19T23:37:13Z</time></trkpt><trkpt lat="37.290345" lon="-83.705152"><ele>282.8</ele><time>2025-09-19T23:37:14Z</time></trkpt><trkpt lat="37.290395" lon="-83.705076"><ele>282.3</ele><time>2025-09-19T23:37:15Z</time></trkpt><trkpt lat="37.29047" lon="-83.704906"><ele>283.1</ele><time>2025-09-19T23:37:17Z</time></trkpt><trkpt lat="37.290528" lon="-83.704717"><ele>282.8</ele><time>2025-09-19T23:37:19Z</time></trkpt><trkpt lat="37.290552" lon="-83.704524"><ele>282.6</ele><time>2025-09-19T23:37:21Z</time></trkpt><trkpt lat="37.290549" lon="-83.704153"><ele>284.3</ele><time>2025-09-19T23:37:25Z</time></trkpt><trkpt lat="37.290649" lon="-83.703704"><ele>283.0</ele><time>2025-09-19T23:37:29Z</time></trkpt><trkpt lat="37.29073" lon="-83.703443"><ele>281.5</ele><time>2025-09-19T23:37:31Z</time></trkpt><trkpt lat="37.290835" lon="-83.70319"><ele>280.4</ele><time>2025-09-19T23:37:33Z</time></trkpt><trkpt lat="37.290957" lon="-83.702947"><ele>278.7</ele><time>2025-09-19T23:37:35Z</time></trkpt><trkpt lat="37.291086" lon="-83.702731"><ele>278.2</ele><time>2025-09-19T23:37:37Z</time></trkpt><trkpt lat="37.291127" lon="-83.702612"><ele>278.2</ele><time>2025-09-19T23:37:38Z</time></trkpt><trkpt lat="37.291208" lon="-83.702238"><ele>279.1</ele><time>2025-09-19T23:37:41Z</time></trkpt><trkpt lat="37.291435" lon="-83.701453"><ele>277.1</ele><time>2025-09-19T23:37:47Z</time></trkpt><trkpt lat="37.291526" lon="-83.701089"><ele>277.3</ele><time>2025-09-19T23:37:50Z</time></trkpt><trkpt lat="37.291614" lon="-83.700856"><ele>276.7</ele><time>2025-09-19T23:37:52Z</time></trkpt><trkpt lat="37.291775" lon="-83.700565"><ele>275.3</ele><time>2025-09-19T23:37:55Z</time></trkpt><trkpt lat="37.291806" lon="-83.700465"><ele>274.9</ele><time>2025-09-19T23:37:56Z</time></trkpt><trkpt lat="37.29182" lon="-83.700358"><ele>275.0</ele><time>2025-09-19T23:37:57Z</time></trkpt><trkpt lat="37.29183" lon="-83.699946"><ele>277.2</ele><time>2025-09-19T23:38:01Z</time></trkpt><trkpt lat="37.291892" lon="-83.699446"><ele>276.6</ele><time>2025-09-19T23:38:05Z</time></trkpt><trkpt lat="37.291943" lon="-83.699189"><ele>275.8</ele><time>2025-09-19T23:38:07Z</time></trkpt><trkpt lat="37.292073" lon="-83.698701"><ele>275.1</ele><time>2025-09-19T23:38:11Z</time></trkpt><trkpt lat="37.292192" lon="-83.698355"><ele>274.9</ele><time>2025-09-19T23:38:14Z</time></trkpt><trkpt lat="37.292275" lon="-83.698156"><ele>273.6</ele><time>2025-09-19T23:38:16Z</time></trkpt><trkpt lat="37.292297" lon="-83.698049"><ele>273.3</ele><time>2025-09-19T23:38:17Z</time></trkpt><trkpt lat="37.292295" lon="-83.697934"><ele>273.6</ele><time>2025-09-19T23:38:18Z</time></trkpt><trkpt lat="37.292277" lon="-83.697822"><ele>274.1</ele><time>2025-09-19T23:38:19Z</time></trkpt><trkpt lat="37.292101" lon="-83.697124"><ele>278.0</ele><time>2025-09-19T23:38:25Z</time></trkpt><trkpt lat="37.29207" lon="-83.696869"><ele>278.3</ele><time>2025-09-19T23:38:27Z</time></trkpt><trkpt lat="37.292064" lon="-83.696731"><ele>278.0</ele><time>2025-09-19T23:38:28Z</time></trkpt><trkpt lat="37.292067" lon="-83.696447"><ele>277.3</ele><time>2025-09-19T23:38:30Z</time></trkpt><trkpt lat="37.292112" lon="-83.695835"><ele>274.3</ele><time>2025-09-19T23:38:33Z</time></trkpt><trkpt lat="37.292099" lon="-83.695384"><ele>275.4</ele><time>2025-09-19T23:38:36Z</time></trkpt><trkpt lat="37.292097" lon="-83.694219"><ele>274.7</ele><time>2025-09-19T23:38:45Z</time></trkpt><trkpt lat="37.292074" lon="-83.693968"><ele>274.1</ele><time>2025-09-19T23:38:47Z</time></trkpt><trkpt lat="37.292008" lon="-83.693657"><ele>274.6</ele><time>2025-09-19T23:38:50Z</time></trkpt><trkpt lat="37.292001" lon="-83.693569"><ele>274.1</ele><time>2025-09-19T23:38:51Z</time></trkpt><trkpt lat="37.292012" lon="-83.693481"><ele>273.5</ele><time>2025-09-19T23:38:53Z</time></trkpt><trkpt lat="37.29209" lon="-83.693235"><ele>271.6</ele><time>2025-09-19T23:38:56Z</time></trkpt><trkpt lat="37.292093" lon="-83.69314"><ele>271.3</ele><time>2025-09-19T23:38:57Z</time></trkpt><trkpt lat="37.292072" lon="-83.693041"><ele>271.6</ele><time>2025-09-19T23:38:58Z</time></trkpt><trkpt lat="37.292027" lon="-83.692958"><ele>272.4</ele><time>2025-09-19T23:38:59Z</time></trkpt><trkpt lat="37.291964" lon="-83.692896"><ele>273.1</ele><time>2025-09-19T23:39:00Z</time></trkpt><trkpt lat="37.291753" lon="-83.692767"><ele>274.7</ele><time>2025-09-19T23:39:03Z</time></trkpt><trkpt lat="37.29161" lon="-83.692633"><ele>273.3</ele><time>2025-09-19T23:39:05Z</time></trkpt><trkpt lat="37.291326" lon="-83.6922"><ele>271.1</ele><time>2025-09-19T23:39:09Z</time></trkpt><trkpt lat="37.290948" lon="-83.691557"><ele>270.2</ele><time>2025-09-19T23:39:15Z</time></trkpt><trkpt lat="37.290802" lon="-83.691245"><ele>271.0</ele><time>2025-09-19T23:39:18Z</time></trkpt><trkpt lat="37.290692" lon="-83.690904"><ele>270.5</ele><time>2025-09-19T23:39:21Z</time></trkpt><trkpt lat="37.290664" lon="-83.690787"><ele>270.0</ele><time>2025-09-19T23:39:22Z</time></trkpt><trkpt lat="37.290634" lon="-83.690542"><ele>269.2</ele><time>2025-09-19T23:39:24Z</time></trkpt><trkpt lat="37.290594" lon="-83.690427"><ele>269.3</ele><time>2025-09-19T23:39:25Z</time></trkpt><trkpt lat="37.290305" lon="-83.689937"><ele>270.6</ele><time>2025-09-19T23:39:30Z</time></trkpt><trkpt lat="37.290202" lon="-83.689723"><ele>269.5</ele><time>2025-09-19T23:39:32Z</time></trkpt><trkpt lat="37.289961" lon="-83.689094"><ele>268.0</ele><time>2025-09-19T23:39:37Z</time></trkpt><trkpt lat="37.289918" lon="-83.688941"><ele>267.8</ele><time>2025-09-19T23:39:38Z</time></trkpt><trkpt lat="37.289689" lon="-83.688336"><ele>268.9</ele><time>2025-09-19T23:39:42Z</time></trkpt><trkpt lat="37.289597" lon="-83.688052"><ele>268.9</ele><time>2025-09-19T23:39:44Z</time></trkpt><trkpt lat="37.289427" lon="-83.687661"><ele>267.9</ele><time>2025-09-19T23:39:47Z</time></trkpt><trkpt lat="37.289333" lon="-83.687412"><ele>267.1</ele><time>2025-09-19T23:39:49Z</time></trkpt><trkpt lat="37.289253" lon="-83.687155"><ele>265.5</ele><time>2025-09-19T23:39:51Z</time></trkpt><trkpt lat="37.28918" lon="-83.686881"><ele>264.1</ele><time>2025-09-19T23:39:53Z</time></trkpt><trkpt lat="37.289001" lon="-83.68603"><ele>261.8</ele><time>2025-09-19T23:39:59Z</time></trkpt><trkpt lat="37.288827" lon="-83.685476"><ele>259.1</ele><time>2025-09-19T23:40:03Z</time></trkpt><trkpt lat="37.288689" lon="-83.684964"><ele>256.7</ele><time>2025-09-19T23:40:07Z</time></trkpt><trkpt lat="37.288571" lon="-83.684479"><ele>254.0</ele><time>2025-09-19T23:40:11Z</time></trkpt><trkpt lat="37.288515" lon="-83.68411"><ele>254.2</ele><time>2025-09-19T23:40:14Z</time></trkpt><trkpt lat="37.288521" lon="-83.683867"><ele>254.1</ele><time>2025-09-19T23:40:16Z</time></trkpt><trkpt lat="37.288555" lon="-83.683639"><ele>254.2</ele><time>2025-09-19T23:40:18Z</time></trkpt><trkpt lat="37.288611" lon="-83.683417"><ele>254.1</ele><time>2025-09-19T23:40:20Z</time></trkpt><trkpt lat="37.288846" lon="-83.682734"><ele>252.8</ele><time>2025-09-19T23:40:26Z</time></trkpt><trkpt lat="37.289275" lon="-83.681292"><ele>254.4</ele><time>2025-09-19T23:40:37Z</time></trkpt><trkpt lat="37.289364" lon="-83.681044"><ele>254.0</ele><time>2025-09-19T23:40:39Z</time></trkpt><trkpt lat="37.289466" lon="-83.680795"><ele>254.5</ele><time>2025-09-19T23:40:40Z</time></trkpt><trkpt lat="37.289653" lon="-83.680433"><ele>256.6</ele><time>2025-09-19T23:40:43Z</time></trkpt><trkpt lat="37.289794" lon="-83.680225"><ele>257.9</ele><time>2025-09-19T23:40:45Z</time></trkpt><trkpt lat="37.290005" lon="-83.679972"><ele>258.9</ele><time>2025-09-19T23:40:48Z</time></trkpt><trkpt lat="37.290148" lon="-83.679839"><ele>257.9</ele><time>2025-09-19T23:40:50Z</time></trkpt><trkpt lat="37.290295" lon="-83.679736"><ele>257.3</ele><time>2025-09-19T23:40:52Z</time></trkpt><trkpt lat="37.290377" lon="-83.679703"><ele>256.7</ele><time>2025-09-19T23:40:53Z</time></trkpt><trkpt lat="37.290456" lon="-83.679688"><ele>256.2</ele><time>2025-09-19T23:40:54Z</time></trkpt><trkpt lat="37.290531" lon="-83.679677"><ele>256.2</ele><time>2025-09-19T23:40:55Z</time></trkpt><trkpt lat="37.290604" lon="-83.67968"><ele>255.3</ele><time>2025-09-19T23:40:56Z</time></trkpt><trkpt lat="37.290682" lon="-83.679695"><ele>254.7</ele><time>2025-09-19T23:40:57Z</time></trkpt><trkpt lat="37.290763" lon="-83.679724"><ele>253.7</ele><time>2025-09-19T23:40:58Z</time></trkpt><trkpt lat="37.291041" lon="-83.679873"><ele>249.4</ele><time>2025-09-19T23:41:02Z</time></trkpt><trkpt lat="37.291435" lon="-83.680141"><ele>248.6</ele><time>2025-09-19T23:41:07Z</time></trkpt><trkpt lat="37.291537" lon="-83.680195"><ele>248.2</ele><time>2025-09-19T23:41:09Z</time></trkpt><trkpt lat="37.291706" lon="-83.680244"><ele>248.6</ele><time>2025-09-19T23:41:13Z</time></trkpt><trkpt lat="37.291753" lon="-83.680242"><ele>249.0</ele><time>2025-09-19T23:41:14Z</time></trkpt><trkpt lat="37.291798" lon="-83.680215"><ele>250.3</ele><time>2025-09-19T23:41:16Z</time></trkpt><trkpt lat="37.291825" lon="-83.68017"><ele>250.4</ele><time>2025-09-19T23:41:17Z</time></trkpt><trkpt lat="37.291896" lon="-83.679774"><ele>249.8</ele><time>2025-09-19T23:41:21Z</time></trkpt><trkpt lat="37.291962" lon="-83.679517"><ele>249.9</ele><time>2025-09-19T23:41:23Z</time></trkpt><trkpt lat="37.292346" lon="-83.678267"><ele>251.5</ele><time>2025-09-19T23:41:32Z</time></trkpt><trkpt lat="37.292638" lon="-83.677461"><ele>251.4</ele><time>2025-09-19T23:41:38Z</time></trkpt><trkpt lat="37.293016" lon="-83.676015"><ele>249.5</ele><time>2025-09-19T23:41:48Z</time></trkpt><trkpt lat="37.29308" lon="-83.675705"><ele>249.3</ele><time>2025-09-19T23:41:50Z</time></trkpt><trkpt lat="37.293096" lon="-83.675548"><ele>249.2</ele><time>2025-09-19T23:41:51Z</time></trkpt><trkpt lat="37.293068" lon="-83.674794"><ele>247.4</ele><time>2025-09-19T23:41:56Z</time></trkpt><trkpt lat="37.293068" lon="-83.674336"><ele>245.5</ele><time>2025-09-19T23:41:59Z</time></trkpt><trkpt lat="37.293046" lon="-83.674021"><ele>244.6</ele><time>2025-09-19T23:42:01Z</time></trkpt><trkpt lat="37.293054" lon="-83.673723"><ele>244.0</ele><time>2025-09-19T23:42:03Z</time></trkpt><trkpt lat="37.293121" lon="-83.673106"><ele>240.9</ele><time>2025-09-19T23:42:07Z</time></trkpt><trkpt lat="37.293385" lon="-83.671854"><ele>239.2</ele><time>2025-09-19T23:42:16Z</time></trkpt><trkpt lat="37.293405" lon="-83.671727"><ele>238.7</ele><time>2025-09-19T23:42:17Z</time></trkpt><trkpt lat="37.293421" lon="-83.671467"><ele>238.0</ele><time>2025-09-19T23:42:19Z</time></trkpt><trkpt lat="37.293411" lon="-83.671039"><ele>236.9</ele><time>2025-09-19T23:42:22Z</time></trkpt><trkpt lat="37.293386" lon="-83.670746"><ele>236.4</ele><time>2025-09-19T23:42:24Z</time></trkpt><trkpt lat="37.293363" lon="-83.670609"><ele>236.2</ele><time>2025-09-19T23:42:25Z</time></trkpt><trkpt lat="37.293185" lon="-83.67008"><ele>235.6</ele><time>2025-09-19T23:42:29Z</time></trkpt><trkpt lat="37.293116" lon="-83.669804"><ele>235.1</ele><time>2025-09-19T23:42:31Z</time></trkpt><trkpt lat="37.293067" lon="-83.66953"><ele>234.9</ele><time>2025-09-19T23:42:33Z</time></trkpt><trkpt lat="37.293057" lon="-83.6694"><ele>235.5</ele><time>2025-09-19T23:42:34Z</time></trkpt><trkpt lat="37.293071" lon="-83.669286"><ele>236.6</ele><time>2025-09-19T23:42:35Z</time></trkpt><trkpt lat="37.293107" lon="-83.669186"><ele>237.7</ele><time>2025-09-19T23:42:36Z</time></trkpt><trkpt lat="37.293363" lon="-83.668752"><ele>240.2</ele><time>2025-09-19T23:42:41Z</time></trkpt><trkpt lat="37.293439" lon="-83.668599"><ele>240.5</ele><time>2025-09-19T23:42:43Z</time></trkpt><trkpt lat="37.293457" lon="-83.668539"><ele>239.9</ele><time>2025-09-19T23:42:44Z</time></trkpt><trkpt lat="37.293475" lon="-83.668395"><ele>239.4</ele><time>2025-09-19T23:42:46Z</time></trkpt><trkpt lat="37.293459" lon="-83.668219"><ele>238.8</ele><time>2025-09-19T23:42:50Z</time></trkpt><trkpt lat="37.293428" lon="-83.668146"><ele>238.8</ele><time>2025-09-19T23:42:52Z</time></trkpt><trkpt lat="37.293376" lon="-83.668115"><ele>239.0</ele><time>2025-09-19T23:42:53Z</time></trkpt><trkpt lat="37.293304" lon="-83.668117"><ele>238.8</ele><time>2025-09-19T23:42:54Z</time></trkpt><trkpt lat="37.292372" lon="-83.668297"><ele>242.2</ele><time>2025-09-19T23:43:05Z</time></trkpt><trkpt lat="37.29158" lon="-83.668421"><ele>248.6</ele><time>2025-09-19T23:43:13Z</time></trkpt><trkpt lat="37.291471" lon="-83.668451"><ele>249.0</ele><time>2025-09-19T23:43:14Z</time></trkpt><trkpt lat="37.291243" lon="-83.668532"><ele>249.9</ele><time>2025-09-19T23:43:16Z</time></trkpt><trkpt lat="37.291" lon="-83.668665"><ele>250.4</ele><time>2025-09-19T23:43:18Z</time></trkpt><trkpt lat="37.290773" lon="-83.668845"><ele>250.7</ele><time>2025-09-19T23:43:20Z</time></trkpt><trkpt lat="37.290573" lon="-83.669066"><ele>249.4</ele><time>2025-09-19T23:43:22Z</time></trkpt><trkpt lat="37.290388" lon="-83.669313"><ele>248.0</ele><time>2025-09-19T23:43:24Z</time></trkpt><trkpt lat="37.29013" lon="-83.669748"><ele>246.7</ele><time>2025-09-19T23:43:27Z</time></trkpt><trkpt lat="37.289901" lon="-83.670238"><ele>246.8</ele><time>2025-09-19T23:43:30Z</time></trkpt><trkpt lat="37.289779" lon="-83.670583"><ele>247.5</ele><time>2025-09-19T23:43:32Z</time></trkpt><trkpt lat="37.289737" lon="-83.670765"><ele>248.0</ele><time>2025-09-19T23:43:33Z</time></trkpt><trkpt lat="37.289712" lon="-83.670948"><ele>248.3</ele><time>2025-09-19T23:43:34Z</time></trkpt><trkpt lat="37.289653" lon="-83.671671"><ele>249.9</ele><time>2025-09-19T23:43:38Z</time></trkpt><trkpt lat="37.289607" lon="-83.672027"><ele>250.3</ele><time>2025-09-19T23:43:40Z</time></trkpt><trkpt lat="37.289543" lon="-83.672378"><ele>251.1</ele><time>2025-09-19T23:43:42Z</time></trkpt><trkpt lat="37.289462" lon="-83.672735"><ele>252.6</ele><time>2025-09-19T23:43:44Z</time></trkpt><trkpt lat="37.289234" lon="-83.673618"><ele>255.2</ele><time>2025-09-19T23:43:49Z</time></trkpt><trkpt lat="37.288951" lon="-83.674774"><ele>258.3</ele><time>2025-09-19T23:43:56Z</time></trkpt><trkpt lat="37.288858" lon="-83.675104"><ele>258.6</ele><time>2025-09-19T23:43:58Z</time></trkpt><trkpt lat="37.288736" lon="-83.675439"><ele>258.8</ele><time>2025-09-19T23:44:00Z</time></trkpt><trkpt lat="37.288592" lon="-83.675769"><ele>258.4</ele><time>2025-09-19T23:44:02Z</time></trkpt><trkpt lat="37.28843" lon="-83.676068"><ele>257.4</ele><time>2025-09-19T23:44:04Z</time></trkpt><trkpt lat="37.288244" lon="-83.676352"><ele>256.4</ele><time>2025-09-19T23:44:06Z</time></trkpt><trkpt lat="37.288035" lon="-83.676624"><ele>255.8</ele><time>2025-09-19T23:44:08Z</time></trkpt><trkpt lat="37.287817" lon="-83.676873"><ele>255.0</ele><time>2025-09-19T23:44:10Z</time></trkpt><trkpt lat="37.28748" lon="-83.677217"><ele>254.4</ele><time>2025-09-19T23:44:13Z</time></trkpt><trkpt lat="37.287248" lon="-83.677416"><ele>254.4</ele><time>2025-09-19T23:44:15Z</time></trkpt><trkpt lat="37.287014" lon="-83.677574"><ele>254.0</ele><time>2025-09-19T23:44:17Z</time></trkpt><trkpt lat="37.286895" lon="-83.677637"><ele>253.5</ele><time>2025-09-19T23:44:18Z</time></trkpt><trkpt lat="37.28651" lon="-83.677794"><ele>252.9</ele><time>2025-09-19T23:44:21Z</time></trkpt><trkpt lat="37.28624" lon="-83.677872"><ele>252.7</ele><time>2025-09-19T23:44:23Z</time></trkpt><trkpt lat="37.285958" lon="-83.677927"><ele>251.9</ele><time>2025-09-19T23:44:25Z</time></trkpt><trkpt lat="37.285817" lon="-83.677938"><ele>251.6</ele><time>2025-09-19T23:44:26Z</time></trkpt><trkpt lat="37.285675" lon="-83.677939"><ele>251.2</ele><time>2025-09-19T23:44:27Z</time></trkpt><trkpt lat="37.285537" lon="-83.677919"><ele>251.2</ele><time>2025-09-19T23:44:28Z</time></trkpt><trkpt lat="37.285403" lon="-83.677884"><ele>251.2</ele><time>2025-09-19T23:44:29Z</time></trkpt><trkpt lat="37.285274" lon="-83.677834"><ele>250.3</ele><time>2025-09-19T23:44:30Z</time></trkpt><trkpt lat="37.285027" lon="-83.677698"><ele>249.5</ele><time>2025-09-19T23:44:32Z</time></trkpt><trkpt lat="37.284797" lon="-83.677519"><ele>248.9</ele><time>2025-09-19T23:44:34Z</time></trkpt><trkpt lat="37.284687" lon="-83.677411"><ele>248.5</ele><time>2025-09-19T23:44:35Z</time></trkpt><trkpt lat="37.284583" lon="-83.677289"><ele>248.3</ele><time>2025-09-19T23:44:36Z</time></trkpt><trkpt lat="37.284488" lon="-83.677156"><ele>247.8</ele><time>2025-09-19T23:44:37Z</time></trkpt><trkpt lat="37.284401" lon="-83.677007"><ele>247.6</ele><time>2025-09-19T23:44:38Z</time></trkpt><trkpt lat="37.284324" lon="-83.676848"><ele>246.7</ele><time>2025-09-19T23:44:39Z</time></trkpt><trkpt lat="37.283974" lon="-83.675966"><ele>241.4</ele><time>2025-09-19T23:44:44Z</time></trkpt><trkpt lat="37.283851" lon="-83.675595"><ele>239.9</ele><time>2025-09-19T23:44:46Z</time></trkpt><trkpt lat="37.283806" lon="-83.675405"><ele>239.4</ele><time>2025-09-19T23:44:47Z</time></trkpt><trkpt lat="37.28378" lon="-83.675212"><ele>239.0</ele><time>2025-09-19T23:44:48Z</time></trkpt><trkpt lat="37.283772" lon="-83.675021"><ele>238.7</ele><time>2025-09-19T23:44:49Z</time></trkpt><trkpt lat="37.28379" lon="-83.674647"><ele>238.5</ele><time>2025-09-19T23:44:51Z</time></trkpt><trkpt lat="37.283976" lon="-83.673251"><ele>238.3</ele><time>2025-09-19T23:44:58Z</time></trkpt><trkpt lat="37.284001" lon="-83.672876"><ele>238.7</ele><time>2025-09-19T23:45:00Z</time></trkpt><trkpt lat="37.283997" lon="-83.672487"><ele>239.0</ele><time>2025-09-19T23:45:02Z</time></trkpt><trkpt lat="37.283939" lon="-83.67169"><ele>239.2</ele><time>2025-09-19T23:45:07Z</time></trkpt><trkpt lat="37.283743" lon="-83.669416"><ele>243.5</ele><time>2025-09-19T23:45:18Z</time></trkpt><trkpt lat="37.2836" lon="-83.667955"><ele>244.4</ele><time>2025-09-19T23:45:25Z</time></trkpt><trkpt lat="37.283511" lon="-83.667397"><ele>244.9</ele><time>2025-09-19T23:45:28Z</time></trkpt><trkpt lat="37.28343" lon="-83.66705"><ele>244.9</ele><time>2025-09-19T23:45:30Z</time></trkpt><trkpt lat="37.283256" lon="-83.666525"><ele>244.3</ele><time>2025-09-19T23:45:33Z</time></trkpt><trkpt lat="37.283122" lon="-83.66619"><ele>243.4</ele><time>2025-09-19T23:45:35Z</time></trkpt><trkpt lat="37.28296" lon="-83.665856"><ele>242.7</ele><time>2025-09-19T23:45:37Z</time></trkpt><trkpt lat="37.282775" lon="-83.665529"><ele>242.2</ele><time>2025-09-19T23:45:39Z</time></trkpt><trkpt lat="37.282577" lon="-83.665213"><ele>241.9</ele><time>2025-09-19T23:45:41Z</time></trkpt><trkpt lat="37.28155" lon="-83.663656"><ele>242.8</ele><time>2025-09-19T23:45:52Z</time></trkpt><trkpt lat="37.280999" lon="-83.662839"><ele>244.9</ele><time>2025-09-19T23:45:58Z</time></trkpt><trkpt lat="37.280429" lon="-83.661951"><ele>245.3</ele><time>2025-09-19T23:46:04Z</time></trkpt><trkpt lat="37.279924" lon="-83.661192"><ele>244.3</ele><time>2025-09-19T23:46:09Z</time></trkpt><trkpt lat="37.27952" lon="-83.660613"><ele>243.5</ele><time>2025-09-19T23:46:13Z</time></trkpt><trkpt lat="37.278997" lon="-83.659941"><ele>242.1</ele><time>2025-09-19T23:46:18Z</time></trkpt><trkpt lat="37.278568" lon="-83.659429"><ele>242.3</ele><time>2025-09-19T23:46:22Z</time></trkpt><trkpt lat="37.278104" lon="-83.658913"><ele>242.2</ele><time>2025-09-19T23:46:26Z</time></trkpt><trkpt lat="37.277848" lon="-83.658643"><ele>242.3</ele><time>2025-09-19T23:46:28Z</time></trkpt><trkpt lat="37.277583" lon="-83.658382"><ele>242.4</ele><time>2025-09-19T23:46:30Z</time></trkpt><trkpt lat="37.277177" lon="-83.658003"><ele>242.6</ele><time>2025-09-19T23:46:33Z</time></trkpt><trkpt lat="37.276245" lon="-83.657189"><ele>243.5</ele><time>2025-09-19T23:46:40Z</time></trkpt><trkpt lat="37.272866" lon="-83.654475"><ele>240.9</ele><time>2025-09-19T23:47:04Z</time></trkpt><trkpt lat="37.272579" lon="-83.654278"><ele>240.3</ele><time>2025-09-19T23:47:06Z</time></trkpt><trkpt lat="37.272434" lon="-83.654194"><ele>240.4</ele><time>2025-09-19T23:47:07Z</time></trkpt><trkpt lat="37.272281" lon="-83.654129"><ele>240.2</ele><time>2025-09-19T23:47:08Z</time></trkpt><trkpt lat="37.272125" lon="-83.654085"><ele>240.0</ele><time>2025-09-19T23:47:09Z</time></trkpt><trkpt lat="37.271968" lon="-83.654059"><ele>240.2</ele><time>2025-09-19T23:47:10Z</time></trkpt><trkpt lat="37.271812" lon="-83.654053"><ele>240.1</ele><time>2025-09-19T23:47:11Z</time></trkpt><trkpt lat="37.2715" lon="-83.654083"><ele>240.2</ele><time>2025-09-19T23:47:13Z</time></trkpt><trkpt lat="37.271177" lon="-83.65415"><ele>240.3</ele><time>2025-09-19T23:47:15Z</time></trkpt><trkpt lat="37.270679" lon="-83.65427"><ele>240.3</ele><time>2025-09-19T23:47:18Z</time></trkpt><trkpt lat="37.269718" lon="-83.654456"><ele>241.6</ele><time>2025-09-19T23:47:24Z</time></trkpt><trkpt lat="37.269425" lon="-83.6545"><ele>242.0</ele><time>2025-09-19T23:47:26Z</time></trkpt><trkpt lat="37.269135" lon="-83.654499"><ele>242.1</ele><time>2025-09-19T23:47:28Z</time></trkpt><trkpt lat="37.268994" lon="-83.654476"><ele>241.5</ele><time>2025-09-19T23:47:29Z</time></trkpt><trkpt lat="37.268856" lon="-83.654433"><ele>241.4</ele><time>2025-09-19T23:47:30Z</time></trkpt><trkpt lat="37.268725" lon="-83.654371"><ele>240.8</ele><time>2025-09-19T23:47:31Z</time></trkpt><trkpt lat="37.268601" lon="-83.654296"><ele>240.1</ele><time>2025-09-19T23:47:32Z</time></trkpt><trkpt lat="37.268483" lon="-83.6542"><ele>240.0</ele><time>2025-09-19T23:47:33Z</time></trkpt><trkpt lat="37.268374" lon="-83.654092"><ele>239.6</ele><time>2025-09-19T23:47:34Z</time></trkpt><trkpt lat="37.268279" lon="-83.653962"><ele>239.6</ele><time>2025-09-19T23:47:35Z</time></trkpt><trkpt lat="37.268131" lon="-83.65367"><ele>239.3</ele><time>2025-09-19T23:47:37Z</time></trkpt><trkpt lat="37.268077" lon="-83.653521"><ele>239.3</ele><time>2025-09-19T23:47:38Z</time></trkpt><trkpt lat="37.268003" lon="-83.653255"><ele>239.5</ele><time>2025-09-19T23:47:40Z</time></trkpt><trkpt lat="37.267884" lon="-83.652719"><ele>238.4</ele><time>2025-09-19T23:47:48Z</time></trkpt><trkpt lat="37.267885" lon="-83.652681"><ele>238.7</ele><time>2025-09-19T23:47:49Z</time></trkpt><trkpt lat="37.267929" lon="-83.6526"><ele>238.1</ele><time>2025-09-19T23:47:51Z</time></trkpt><trkpt lat="37.267939" lon="-83.652552"><ele>238.3</ele><time>2025-09-19T23:47:52Z</time></trkpt><trkpt lat="37.267929" lon="-83.652437"><ele>236.0</ele><time>2025-09-19T23:49:03Z</time></trkpt><trkpt lat="37.267854" lon="-83.652236"><ele>239.0</ele><time>2025-09-19T23:50:17Z</time></trkpt><trkpt lat="37.267866" lon="-83.652164"><ele>238.0</ele><time>2025-09-19T23:50:23Z</time></trkpt><trkpt lat="37.267847" lon="-83.652056"><ele>238.4</ele><time>2025-09-19T23:50:27Z</time></trkpt><trkpt lat="37.267847" lon="-83.652"><ele>238.1</ele><time>2025-09-19T23:50:28Z</time></trkpt><trkpt lat="37.267868" lon="-83.65193"><ele>238.0</ele><time>2025-09-19T23:50:29Z</time></trkpt><trkpt lat="37.267914" lon="-83.651853"><ele>237.6</ele><time>2025-09-19T23:50:30Z</time></trkpt><trkpt lat="37.269111" lon="-83.650145"><ele>236.8</ele><time>2025-09-19T23:50:46Z</time></trkpt><trkpt lat="37.269253" lon="-83.649989"><ele>236.8</ele><time>2025-09-19T23:50:48Z</time></trkpt><trkpt lat="37.269865" lon="-83.64945"><ele>236.7</ele><time>2025-09-19T23:50:56Z</time></trkpt><trkpt lat="37.270016" lon="-83.649289"><ele>236.7</ele><time>2025-09-19T23:50:58Z</time></trkpt><trkpt lat="37.270089" lon="-83.64919"><ele>236.8</ele><time>2025-09-19T23:50:59Z</time></trkpt><trkpt lat="37.270832" lon="-83.647987"><ele>235.9</ele><time>2025-09-19T23:51:09Z</time></trkpt><trkpt lat="37.271623" lon="-83.646679"><ele>236.2</ele><time>2025-09-19T23:51:19Z</time></trkpt><trkpt lat="37.271808" lon="-83.646428"><ele>237.0</ele><time>2025-09-19T23:51:22Z</time></trkpt><trkpt lat="37.271872" lon="-83.646362"><ele>237.7</ele><time>2025-09-19T23:51:23Z</time></trkpt><trkpt lat="37.272011" lon="-83.646242"><ele>238.5</ele><time>2025-09-19T23:51:25Z</time></trkpt><trkpt lat="37.272179" lon="-83.646148"><ele>239.3</ele><time>2025-09-19T23:51:27Z</time></trkpt><trkpt lat="37.272379" lon="-83.646085"><ele>239.6</ele><time>2025-09-19T23:51:29Z</time></trkpt><trkpt lat="37.27249" lon="-83.646065"><ele>240.0</ele><time>2025-09-19T23:51:30Z</time></trkpt><trkpt lat="37.272713" lon="-83.646068"><ele>240.0</ele><time>2025-09-19T23:51:32Z</time></trkpt><trkpt lat="37.272922" lon="-83.64611"><ele>239.9</ele><time>2025-09-19T23:51:34Z</time></trkpt><trkpt lat="37.274127" lon="-83.646399"><ele>241.2</ele><time>2025-09-19T23:51:46Z</time></trkpt><trkpt lat="37.2758" lon="-83.646783"><ele>252.7</ele><time>2025-09-19T23:52:02Z</time></trkpt><trkpt lat="37.276217" lon="-83.646895"><ele>254.5</ele><time>2025-09-19T23:52:06Z</time></trkpt><trkpt lat="37.276311" lon="-83.646914"><ele>254.7</ele><time>2025-09-19T23:52:07Z</time></trkpt><trkpt lat="37.276402" lon="-83.646912"><ele>254.7</ele><time>2025-09-19T23:52:08Z</time></trkpt><trkpt lat="37.276492" lon="-83.646885"><ele>254.2</ele><time>2025-09-19T23:52:09Z</time></trkpt><trkpt lat="37.27658" lon="-83.646827"><ele>254.0</ele><time>2025-09-19T23:52:10Z</time></trkpt><trkpt lat="37.276667" lon="-83.646747"><ele>253.7</ele><time>2025-09-19T23:52:11Z</time></trkpt><trkpt lat="37.277421" lon="-83.645885"><ele>253.2</ele><time>2025-09-19T23:52:19Z</time></trkpt><trkpt lat="37.277525" lon="-83.645802"><ele>253.0</ele><time>2025-09-19T23:52:20Z</time></trkpt><trkpt lat="37.277634" lon="-83.645743"><ele>253.0</ele><time>2025-09-19T23:52:21Z</time></trkpt><trkpt lat="37.277855" lon="-83.645653"><ele>252.2</ele><time>2025-09-19T23:52:23Z</time></trkpt><trkpt lat="37.277952" lon="-83.645589"><ele>251.7</ele><time>2025-09-19T23:52:24Z</time></trkpt><trkpt lat="37.278039" lon="-83.645504"><ele>251.8</ele><time>2025-09-19T23:52:25Z</time></trkpt><trkpt lat="37.278114" lon="-83.645402"><ele>251.8</ele><time>2025-09-19T23:52:26Z</time></trkpt><trkpt lat="37.278179" lon="-83.645288"><ele>252.2</ele><time>2025-09-19T23:52:27Z</time></trkpt><trkpt lat="37.278286" lon="-83.645035"><ele>252.0</ele><time>2025-09-19T23:52:29Z</time></trkpt><trkpt lat="37.278329" lon="-83.644894"><ele>252.0</ele><time>2025-09-19T23:52:30Z</time></trkpt><trkpt lat="37.278421" lon="-83.644428"><ele>252.0</ele><time>2025-09-19T23:52:33Z</time></trkpt><trkpt lat="37.278493" lon="-83.644121"><ele>252.2</ele><time>2025-09-19T23:52:35Z</time></trkpt><trkpt lat="37.278603" lon="-83.64384"><ele>252.7</ele><time>2025-09-19T23:52:37Z</time></trkpt><trkpt lat="37.278843" lon="-83.643348"><ele>253.0</ele><time>2025-09-19T23:52:41Z</time></trkpt><trkpt lat="37.278883" lon="-83.643212"><ele>252.8</ele><time>2025-09-19T23:52:42Z</time></trkpt><trkpt lat="37.278909" lon="-83.643064"><ele>252.9</ele><time>2025-09-19T23:52:43Z</time></trkpt><trkpt lat="37.278917" lon="-83.64291"><ele>252.8</ele><time>2025-09-19T23:52:44Z</time></trkpt><trkpt lat="37.27891" lon="-83.642602"><ele>252.4</ele><time>2025-09-19T23:52:46Z</time></trkpt><trkpt lat="37.278894" lon="-83.642451"><ele>252.8</ele><time>2025-09-19T23:52:47Z</time></trkpt><trkpt lat="37.278784" lon="-83.641883"><ele>252.0</ele><time>2025-09-19T23:52:51Z</time></trkpt><trkpt lat="37.278767" lon="-83.641733"><ele>251.6</ele><time>2025-09-19T23:52:52Z</time></trkpt><trkpt lat="37.278759" lon="-83.641576"><ele>251.4</ele><time>2025-09-19T23:52:53Z</time></trkpt><trkpt lat="37.278776" lon="-83.641075"><ele>249.4</ele><time>2025-09-19T23:52:56Z</time></trkpt><trkpt lat="37.278769" lon="-83.640903"><ele>249.1</ele><time>2025-09-19T23:52:57Z</time></trkpt><trkpt lat="37.278744" lon="-83.640729"><ele>249.0</ele><time>2025-09-19T23:52:58Z</time></trkpt><trkpt lat="37.278703" lon="-83.640556"><ele>248.9</ele><time>2025-09-19T23:52:59Z</time></trkpt><trkpt lat="37.278648" lon="-83.640385"><ele>248.3</ele><time>2025-09-19T23:53:00Z</time></trkpt><trkpt lat="37.278264" lon="-83.639332"><ele>242.4</ele><time>2025-09-19T23:53:06Z</time></trkpt><trkpt lat="37.277965" lon="-83.63863"><ele>240.6</ele><time>2025-09-19T23:53:10Z</time></trkpt><trkpt lat="37.277767" lon="-83.638135"><ele>239.8</ele><time>2025-09-19T23:53:13Z</time></trkpt><trkpt lat="37.277691" lon="-83.637992"><ele>239.5</ele><time>2025-09-19T23:53:14Z</time></trkpt><trkpt lat="37.277603" lon="-83.637866"><ele>239.2</ele><time>2025-09-19T23:53:15Z</time></trkpt><trkpt lat="37.27714" lon="-83.637349"><ele>238.5</ele><time>2025-09-19T23:53:20Z</time></trkpt><trkpt lat="37.277061" lon="-83.637245"><ele>238.5</ele><time>2025-09-19T23:53:21Z</time></trkpt><trkpt lat="37.276919" lon="-83.637008"><ele>238.3</ele><time>2025-09-19T23:53:23Z</time></trkpt><trkpt lat="37.276727" lon="-83.636598"><ele>237.6</ele><time>2025-09-19T23:53:26Z</time></trkpt><trkpt lat="37.276435" lon="-83.635876"><ele>237.9</ele><time>2025-09-19T23:53:31Z</time></trkpt><trkpt lat="37.276063" lon="-83.635002"><ele>238.7</ele><time>2025-09-19T23:53:37Z</time></trkpt><trkpt lat="37.275781" lon="-83.634289"><ele>238.0</ele><time>2025-09-19T23:53:42Z</time></trkpt><trkpt lat="37.275659" lon="-83.634026"><ele>237.7</ele><time>2025-09-19T23:53:44Z</time></trkpt><trkpt lat="37.275591" lon="-83.633904"><ele>237.4</ele><time>2025-09-19T23:53:45Z</time></trkpt><trkpt lat="37.27551" lon="-83.63379"><ele>237.1</ele><time>2025-09-19T23:53:46Z</time></trkpt><trkpt lat="37.275415" lon="-83.633689"><ele>237.3</ele><time>2025-09-19T23:53:47Z</time></trkpt><trkpt lat="37.275102" lon="-83.633443"><ele>237.5</ele><time>2025-09-19T23:53:50Z</time></trkpt><trkpt lat="37.275" lon="-83.633351"><ele>237.3</ele><time>2025-09-19T23:53:51Z</time></trkpt><trkpt lat="37.274902" lon="-83.633241"><ele>237.3</ele><time>2025-09-19T23:53:52Z</time></trkpt><trkpt lat="37.274813" lon="-83.633108"><ele>237.3</ele><time>2025-09-19T23:53:53Z</time></trkpt><trkpt lat="37.274664" lon="-83.632801"><ele>237.1</ele><time>2025-09-19T23:53:55Z</time></trkpt><trkpt lat="37.274388" lon="-83.632178"><ele>237.2</ele><time>2025-09-19T23:53:59Z</time></trkpt><trkpt lat="37.274273" lon="-83.631877"><ele>237.4</ele><time>2025-09-19T23:54:01Z</time></trkpt><trkpt lat="37.274178" lon="-83.631576"><ele>237.5</ele><time>2025-09-19T23:54:03Z</time></trkpt><trkpt lat="37.274144" lon="-83.63142"><ele>237.2</ele><time>2025-09-19T23:54:04Z</time></trkpt><trkpt lat="37.274122" lon="-83.63126"><ele>237.1</ele><time>2025-09-19T23:54:05Z</time></trkpt><trkpt lat="37.274115" lon="-83.631096"><ele>237.2</ele><time>2025-09-19T23:54:06Z</time></trkpt><trkpt lat="37.274127" lon="-83.630933"><ele>237.1</ele><time>2025-09-19T23:54:07Z</time></trkpt><trkpt lat="37.274152" lon="-83.630776"><ele>237.0</ele><time>2025-09-19T23:54:08Z</time></trkpt><trkpt lat="37.274194" lon="-83.630625"><ele>237.2</ele><time>2025-09-19T23:54:09Z</time></trkpt><trkpt lat="37.274321" lon="-83.630327"><ele>237.8</ele><time>2025-09-19T23:54:11Z</time></trkpt><trkpt lat="37.274671" lon="-83.629567"><ele>242.0</ele><time>2025-09-19T23:54:16Z</time></trkpt><trkpt lat="37.274922" lon="-83.628922"><ele>243.9</ele><time>2025-09-19T23:54:20Z</time></trkpt><trkpt lat="37.275067" lon="-83.628438"><ele>245.3</ele><time>2025-09-19T23:54:23Z</time></trkpt><trkpt lat="37.275133" lon="-83.628128"><ele>246.3</ele><time>2025-09-19T23:54:25Z</time></trkpt><trkpt lat="37.275148" lon="-83.627968"><ele>246.5</ele><time>2025-09-19T23:54:26Z</time></trkpt><trkpt lat="37.275149" lon="-83.627808"><ele>246.4</ele><time>2025-09-19T23:54:27Z</time></trkpt><trkpt lat="37.275132" lon="-83.627644"><ele>246.1</ele><time>2025-09-19T23:54:28Z</time></trkpt><trkpt lat="37.275095" lon="-83.627476"><ele>245.7</ele><time>2025-09-19T23:54:29Z</time></trkpt><trkpt lat="37.274815" lon="-83.62634"><ele>241.3</ele><time>2025-09-19T23:54:35Z</time></trkpt><trkpt lat="37.274553" lon="-83.625433"><ele>241.6</ele><time>2025-09-19T23:54:40Z</time></trkpt><trkpt lat="37.274472" lon="-83.625088"><ele>242.0</ele><time>2025-09-19T23:54:42Z</time></trkpt><trkpt lat="37.274415" lon="-83.624747"><ele>241.5</ele><time>2025-09-19T23:54:44Z</time></trkpt><trkpt lat="37.274344" lon="-83.6241"><ele>240.7</ele><time>2025-09-19T23:54:48Z</time></trkpt><trkpt lat="37.27432" lon="-83.623787"><ele>239.5</ele><time>2025-09-19T23:54:51Z</time></trkpt><trkpt lat="37.274277" lon="-83.623532"><ele>239.0</ele><time>2025-09-19T23:54:54Z</time></trkpt><trkpt lat="37.274273" lon="-83.623445"><ele>238.9</ele><time>2025-09-19T23:54:55Z</time></trkpt><trkpt lat="37.274283" lon="-83.62335"><ele>238.4</ele><time>2025-09-19T23:54:56Z</time></trkpt><trkpt lat="37.27431" lon="-83.62325"><ele>237.7</ele><time>2025-09-19T23:54:57Z</time></trkpt><trkpt lat="37.274546" lon="-83.622613"><ele>237.6</ele><time>2025-09-19T23:55:03Z</time></trkpt><trkpt lat="37.274737" lon="-83.622173"><ele>239.8</ele><time>2025-09-19T23:55:07Z</time></trkpt><trkpt lat="37.27515" lon="-83.621147"><ele>244.3</ele><time>2025-09-19T23:55:15Z</time></trkpt><trkpt lat="37.275279" lon="-83.620864"><ele>243.8</ele><time>2025-09-19T23:55:17Z</time></trkpt><trkpt lat="37.275544" lon="-83.620355"><ele>245.7</ele><time>2025-09-19T23:55:21Z</time></trkpt><trkpt lat="37.275609" lon="-83.620251"><ele>246.4</ele><time>2025-09-19T23:55:22Z</time></trkpt><trkpt lat="37.275686" lon="-83.620155"><ele>246.6</ele><time>2025-09-19T23:55:23Z</time></trkpt><trkpt lat="37.275944" lon="-83.619874"><ele>248.2</ele><time>2025-09-19T23:55:26Z</time></trkpt><trkpt lat="37.276149" lon="-83.619584"><ele>249.7</ele><time>2025-09-19T23:55:29Z</time></trkpt><trkpt lat="37.2763" lon="-83.61931"><ele>247.7</ele><time>2025-09-19T23:55:32Z</time></trkpt><trkpt lat="37.276414" lon="-83.619034"><ele>246.5</ele><time>2025-09-19T23:55:35Z</time></trkpt><trkpt lat="37.276445" lon="-83.618876"><ele>246.1</ele><time>2025-09-19T23:55:37Z</time></trkpt><trkpt lat="37.276445" lon="-83.618794"><ele>246.3</ele><time>2025-09-19T23:55:38Z</time></trkpt><trkpt lat="37.276335" lon="-83.617918"><ele>247.2</ele><time>2025-09-19T23:55:47Z</time></trkpt><trkpt lat="37.276324" lon="-83.617636"><ele>247.2</ele><time>2025-09-19T23:55:49Z</time></trkpt><trkpt lat="37.276335" lon="-83.61717"><ele>247.3</ele><time>2025-09-19T23:55:52Z</time></trkpt><trkpt lat="37.276326" lon="-83.617012"><ele>247.1</ele><time>2025-09-19T23:55:53Z</time></trkpt><trkpt lat="37.276289" lon="-83.616706"><ele>247.9</ele><time>2025-09-19T23:55:55Z</time></trkpt><trkpt lat="37.276208" lon="-83.61624"><ele>247.7</ele><time>2025-09-19T23:55:58Z</time></trkpt><trkpt lat="37.275957" lon="-83.615159"><ele>248.4</ele><time>2025-09-19T23:56:05Z</time></trkpt><trkpt lat="37.275847" lon="-83.614802"><ele>249.2</ele><time>2025-09-19T23:56:08Z</time></trkpt><trkpt lat="37.275837" lon="-83.614694"><ele>249.1</ele><time>2025-09-19T23:56:09Z</time></trkpt><trkpt lat="37.275851" lon="-83.614587"><ele>248.6</ele><time>2025-09-19T23:56:10Z</time></trkpt><trkpt lat="37.275934" lon="-83.614239"><ele>248.7</ele><time>2025-09-19T23:56:13Z</time></trkpt><trkpt lat="37.276062" lon="-83.613349"><ele>249.8</ele><time>2025-09-19T23:56:21Z</time></trkpt><trkpt lat="37.276072" lon="-83.613132"><ele>250.2</ele><time>2025-09-19T23:56:23Z</time></trkpt><trkpt lat="37.276062" lon="-83.612541"><ele>252.9</ele><time>2025-09-19T23:56:28Z</time></trkpt><trkpt lat="37.276077" lon="-83.611874"><ele>255.8</ele><time>2025-09-19T23:56:33Z</time></trkpt><trkpt lat="37.276086" lon="-83.61173"><ele>256.1</ele><time>2025-09-19T23:56:34Z</time></trkpt><trkpt lat="37.276128" lon="-83.611436"><ele>255.6</ele><time>2025-09-19T23:56:36Z</time></trkpt><trkpt lat="37.27615" lon="-83.611137"><ele>255.4</ele><time>2025-09-19T23:56:38Z</time></trkpt><trkpt lat="37.276192" lon="-83.609904"><ele>256.9</ele><time>2025-09-19T23:56:46Z</time></trkpt><trkpt lat="37.276191" lon="-83.609604"><ele>256.2</ele><time>2025-09-19T23:56:48Z</time></trkpt><trkpt lat="37.276163" lon="-83.609317"><ele>256.0</ele><time>2025-09-19T23:56:50Z</time></trkpt><trkpt lat="37.276139" lon="-83.609176"><ele>255.2</ele><time>2025-09-19T23:56:51Z</time></trkpt><trkpt lat="37.276099" lon="-83.609037"><ele>255.3</ele><time>2025-09-19T23:56:52Z</time></trkpt><trkpt lat="37.276044" lon="-83.608904"><ele>255.5</ele><time>2025-09-19T23:56:53Z</time></trkpt><trkpt lat="37.275915" lon="-83.608657"><ele>256.8</ele><time>2025-09-19T23:56:55Z</time></trkpt><trkpt lat="37.275717" lon="-83.608352"><ele>256.1</ele><time>2025-09-19T23:56:58Z</time></trkpt><trkpt lat="37.275481" lon="-83.608075"><ele>254.7</ele><time>2025-09-19T23:57:01Z</time></trkpt><trkpt lat="37.275407" lon="-83.607974"><ele>254.2</ele><time>2025-09-19T23:57:02Z</time></trkpt><trkpt lat="37.275281" lon="-83.607752"><ele>253.2</ele><time>2025-09-19T23:57:04Z</time></trkpt><trkpt lat="37.275187" lon="-83.607506"><ele>252.6</ele><time>2025-09-19T23:57:06Z</time></trkpt><trkpt lat="37.275135" lon="-83.607255"><ele>251.8</ele><time>2025-09-19T23:57:08Z</time></trkpt><trkpt lat="37.275104" lon="-83.607005"><ele>251.7</ele><time>2025-09-19T23:57:10Z</time></trkpt><trkpt lat="37.275041" lon="-83.606753"><ele>251.3</ele><time>2025-09-19T23:57:12Z</time></trkpt><trkpt lat="37.274997" lon="-83.606639"><ele>251.0</ele><time>2025-09-19T23:57:13Z</time></trkpt><trkpt lat="37.27484" lon="-83.606317"><ele>251.9</ele><time>2025-09-19T23:57:16Z</time></trkpt><trkpt lat="37.274753" lon="-83.606075"><ele>252.2</ele><time>2025-09-19T23:57:18Z</time></trkpt><trkpt lat="37.274674" lon="-83.605803"><ele>252.5</ele><time>2025-09-19T23:57:20Z</time></trkpt><trkpt lat="37.274584" lon="-83.605399"><ele>253.4</ele><time>2025-09-19T23:57:23Z</time></trkpt><trkpt lat="37.274511" lon="-83.605135"><ele>253.7</ele><time>2025-09-19T23:57:25Z</time></trkpt><trkpt lat="37.274458" lon="-83.604862"><ele>254.1</ele><time>2025-09-19T23:57:27Z</time></trkpt><trkpt lat="37.274454" lon="-83.604596"><ele>255.1</ele><time>2025-09-19T23:57:29Z</time></trkpt><trkpt lat="37.274468" lon="-83.60446"><ele>256.0</ele><time>2025-09-19T23:57:30Z</time></trkpt><trkpt lat="37.274522" lon="-83.604062"><ele>258.3</ele><time>2025-09-19T23:57:33Z</time></trkpt><trkpt lat="37.274606" lon="-83.603575"><ele>259.9</ele><time>2025-09-19T23:57:37Z</time></trkpt><trkpt lat="37.274727" lon="-83.602666"><ele>261.8</ele><time>2025-09-19T23:57:47Z</time></trkpt><trkpt lat="37.274718" lon="-83.602449"><ele>263.1</ele><time>2025-09-19T23:57:49Z</time></trkpt><trkpt lat="37.274671" lon="-83.602012"><ele>267.1</ele><time>2025-09-19T23:57:53Z</time></trkpt><trkpt lat="37.274667" lon="-83.601902"><ele>268.1</ele><time>2025-09-19T23:57:54Z</time></trkpt><trkpt lat="37.274686" lon="-83.601569"><ele>270.3</ele><time>2025-09-19T23:57:57Z</time></trkpt><trkpt lat="37.274751" lon="-83.601187"><ele>271.6</ele><time>2025-09-19T23:58:00Z</time></trkpt><trkpt lat="37.274828" lon="-83.600901"><ele>271.5</ele><time>2025-09-19T23:58:02Z</time></trkpt><trkpt lat="37.274919" lon="-83.600622"><ele>271.1</ele><time>2025-09-19T23:58:04Z</time></trkpt><trkpt lat="37.274993" lon="-83.600193"><ele>269.6</ele><time>2025-09-19T23:58:07Z</time></trkpt><trkpt lat="37.274998" lon="-83.600046"><ele>269.0</ele><time>2025-09-19T23:58:08Z</time></trkpt><trkpt lat="37.274986" lon="-83.599896"><ele>268.6</ele><time>2025-09-19T23:58:09Z</time></trkpt><trkpt lat="37.274905" lon="-83.599349"><ele>267.3</ele><time>2025-09-19T23:58:13Z</time></trkpt><trkpt lat="37.274894" lon="-83.598712"><ele>265.8</ele><time>2025-09-19T23:58:18Z</time></trkpt><trkpt lat="37.27485" lon="-83.59833"><ele>265.3</ele><time>2025-09-19T23:58:21Z</time></trkpt><trkpt lat="37.274761" lon="-83.597801"><ele>263.1</ele><time>2025-09-19T23:58:25Z</time></trkpt><trkpt lat="37.274677" lon="-83.596992"><ele>263.0</ele><time>2025-09-19T23:58:31Z</time></trkpt><trkpt lat="37.274473" lon="-83.59604"><ele>263.4</ele><time>2025-09-19T23:58:38Z</time></trkpt><trkpt lat="37.274285" lon="-83.594958"><ele>264.0</ele><time>2025-09-19T23:58:46Z</time></trkpt><trkpt lat="37.274204" lon="-83.594556"><ele>264.4</ele><time>2025-09-19T23:58:49Z</time></trkpt><trkpt lat="37.274029" lon="-83.593781"><ele>266.0</ele><time>2025-09-19T23:58:55Z</time></trkpt><trkpt lat="37.273953" lon="-83.593291"><ele>266.1</ele><time>2025-09-19T23:58:59Z</time></trkpt><trkpt lat="37.273849" lon="-83.592938"><ele>266.9</ele><time>2025-09-19T23:59:03Z</time></trkpt><trkpt lat="37.273796" lon="-83.592807"><ele>267.4</ele><time>2025-09-19T23:59:05Z</time></trkpt><trkpt lat="37.273639" lon="-83.592521"><ele>268.7</ele><time>2025-09-19T23:59:10Z</time></trkpt><trkpt lat="37.273588" lon="-83.592408"><ele>269.1</ele><time>2025-09-19T23:59:12Z</time></trkpt><trkpt lat="37.273464" lon="-83.592003"><ele>269.1</ele><time>2025-09-19T23:59:17Z</time></trkpt><trkpt lat="37.273303" lon="-83.591577"><ele>270.3</ele><time>2025-09-19T23:59:22Z</time></trkpt><trkpt lat="37.273218" lon="-83.591428"><ele>270.7</ele><time>2025-09-19T23:59:24Z</time></trkpt><trkpt lat="37.273168" lon="-83.591367"><ele>270.8</ele><time>2025-09-19T23:59:25Z</time></trkpt><trkpt lat="37.272945" lon="-83.59116"><ele>271.2</ele><time>2025-09-19T23:59:29Z</time></trkpt><trkpt lat="37.272872" lon="-83.591038"><ele>271.4</ele><time>2025-09-19T23:59:31Z</time></trkpt><trkpt lat="37.272845" lon="-83.590888"><ele>271.6</ele><time>2025-09-19T23:59:33Z</time></trkpt><trkpt lat="37.272854" lon="-83.590738"><ele>271.9</ele><time>2025-09-19T23:59:35Z</time></trkpt><trkpt lat="37.272844" lon="-83.59066"><ele>272.1</ele><time>2025-09-19T23:59:36Z</time></trkpt><trkpt lat="37.27282" lon="-83.590589"><ele>272.0</ele><time>2025-09-19T23:59:37Z</time></trkpt><trkpt lat="37.272616" lon="-83.590182"><ele>271.8</ele><time>2025-09-19T23:59:43Z</time></trkpt><trkpt lat="37.27256" lon="-83.590018"><ele>271.9</ele><time>2025-09-19T23:59:45Z</time></trkpt><trkpt lat="37.272542" lon="-83.589929"><ele>272.6</ele><time>2025-09-19T23:59:46Z</time></trkpt><trkpt lat="37.272519" lon="-83.589753"><ele>273.0</ele><time>2025-09-19T23:59:48Z</time></trkpt><trkpt lat="37.272516" lon="-83.58941"><ele>274.5</ele><time>2025-09-19T23:59:52Z</time></trkpt><trkpt lat="37.272507" lon="-83.589325"><ele>274.4</ele><time>2025-09-19T23:59:53Z</time></trkpt><trkpt lat="37.2724" lon="-83.588547"><ele>275.4</ele><time>2025-09-20T00:00:01Z</time></trkpt><trkpt lat="37.272375" lon="-83.588444"><ele>276.0</ele><time>2025-09-20T00:00:02Z</time></trkpt><trkpt lat="37.272299" lon="-83.588245"><ele>276.5</ele><time>2025-09-20T00:00:04Z</time></trkpt><trkpt lat="37.271937" lon="-83.587649"><ele>279.5</ele><time>2025-09-20T00:00:11Z</time></trkpt><trkpt lat="37.271902" lon="-83.587569"><ele>279.2</ele><time>2025-09-20T00:00:12Z</time></trkpt><trkpt lat="37.271869" lon="-83.587375"><ele>278.9</ele><time>2025-09-20T00:00:14Z</time></trkpt><trkpt lat="37.271868" lon="-83.587279"><ele>278.6</ele><time>2025-09-20T00:00:15Z</time></trkpt><trkpt lat="37.271978" lon="-83.586723"><ele>279.5</ele><time>2025-09-20T00:00:23Z</time></trkpt><trkpt lat="37.271999" lon="-83.586504"><ele>279.3</ele><time>2025-09-20T00:00:27Z</time></trkpt><trkpt lat="37.271971" lon="-83.586384"><ele>279.7</ele><time>2025-09-20T00:00:29Z</time></trkpt><trkpt lat="37.271891" lon="-83.586208"><ele>281.1</ele><time>2025-09-20T00:00:32Z</time></trkpt><trkpt lat="37.271843" lon="-83.58607"><ele>282.3</ele><time>2025-09-20T00:00:34Z</time></trkpt><trkpt lat="37.271824" lon="-83.585912"><ele>283.3</ele><time>2025-09-20T00:00:36Z</time></trkpt><trkpt lat="37.271822" lon="-83.585674"><ele>284.3</ele><time>2025-09-20T00:00:39Z</time></trkpt><trkpt lat="37.271784" lon="-83.585532"><ele>284.9</ele><time>2025-09-20T00:00:41Z</time></trkpt><trkpt lat="37.271702" lon="-83.585336"><ele>285.8</ele><time>2025-09-20T00:00:44Z</time></trkpt><trkpt lat="37.271665" lon="-83.585174"><ele>286.2</ele><time>2025-09-20T00:00:46Z</time></trkpt><trkpt lat="37.271636" lon="-83.584902"><ele>288.8</ele><time>2025-09-20T00:00:49Z</time></trkpt><trkpt lat="37.271626" lon="-83.584555"><ele>291.1</ele><time>2025-09-20T00:00:53Z</time></trkpt><trkpt lat="37.271652" lon="-83.584216"><ele>294.4</ele><time>2025-09-20T00:00:57Z</time></trkpt><trkpt lat="37.271732" lon="-83.583825"><ele>295.4</ele><time>2025-09-20T00:01:02Z</time></trkpt><trkpt lat="37.271736" lon="-83.58373"><ele>296.0</ele><time>2025-09-20T00:01:03Z</time></trkpt><trkpt lat="37.271714" lon="-83.58316"><ele>297.9</ele><time>2025-09-20T00:01:09Z</time></trkpt><trkpt lat="37.271696" lon="-83.582958"><ele>298.3</ele><time>2025-09-20T00:01:11Z</time></trkpt><trkpt lat="37.271699" lon="-83.58287"><ele>298.7</ele><time>2025-09-20T00:01:12Z</time></trkpt><trkpt lat="37.27171" lon="-83.582801"><ele>299.4</ele><time>2025-09-20T00:01:13Z</time></trkpt><trkpt lat="37.271771" lon="-83.582675"><ele>300.4</ele><time>2025-09-20T00:01:15Z</time></trkpt><trkpt lat="37.272006" lon="-83.582373"><ele>302.7</ele><time>2025-09-20T00:01:20Z</time></trkpt><trkpt lat="37.272184" lon="-83.582094"><ele>306.4</ele><time>2025-09-20T00:01:24Z</time></trkpt><trkpt lat="37.272663" lon="-83.581524"><ele>314.5</ele><time>2025-09-20T00:01:34Z</time></trkpt><trkpt lat="37.272777" lon="-83.581427"><ele>316.1</ele><time>2025-09-20T00:01:36Z</time></trkpt><trkpt lat="37.272909" lon="-83.581351"><ele>317.2</ele><time>2025-09-20T00:01:38Z</time></trkpt><trkpt lat="37.273045" lon="-83.581318"><ele>319.1</ele><time>2025-09-20T00:01:40Z</time></trkpt><trkpt lat="37.273177" lon="-83.581322"><ele>320.2</ele><time>2025-09-20T00:01:42Z</time></trkpt><trkpt lat="37.273443" lon="-83.581402"><ele>321.1</ele><time>2025-09-20T00:01:46Z</time></trkpt><trkpt lat="37.273511" lon="-83.581411"><ele>321.3</ele><time>2025-09-20T00:01:47Z</time></trkpt><trkpt lat="37.273565" lon="-83.581401"><ele>321.5</ele><time>2025-09-20T00:01:48Z</time></trkpt><trkpt lat="37.273724" lon="-83.58133"><ele>321.8</ele><time>2025-09-20T00:01:51Z</time></trkpt><trkpt lat="37.273775" lon="-83.581319"><ele>322.3</ele><time>2025-09-20T00:01:52Z</time></trkpt><trkpt lat="37.273859" lon="-83.581306"><ele>323.0</ele><time>2025-09-20T00:01:54Z</time></trkpt><trkpt lat="37.273902" lon="-83.581311"><ele>323.4</ele><time>2025-09-20T00:01:55Z</time></trkpt><trkpt lat="37.274132" lon="-83.581298"><ele>325.8</ele><time>2025-09-20T00:02:00Z</time></trkpt><trkpt lat="37.274238" lon="-83.58127"><ele>327.6</ele><time>2025-09-20T00:02:02Z</time></trkpt><trkpt lat="37.274393" lon="-83.581205"><ele>329.3</ele><time>2025-09-20T00:02:05Z</time></trkpt><trkpt lat="37.274617" lon="-83.581169"><ele>331.5</ele><time>2025-09-20T00:02:09Z</time></trkpt><trkpt lat="37.274668" lon="-83.581144"><ele>332.5</ele><time>2025-09-20T00:02:10Z</time></trkpt><trkpt lat="37.274713" lon="-83.5811"><ele>332.8</ele><time>2025-09-20T00:02:11Z</time></trkpt><trkpt lat="37.274748" lon="-83.581041"><ele>333.0</ele><time>2025-09-20T00:02:12Z</time></trkpt><trkpt lat="37.274772" lon="-83.580973"><ele>333.2</ele><time>2025-09-20T00:02:13Z</time></trkpt><trkpt lat="37.274776" lon="-83.580899"><ele>333.5</ele><time>2025-09-20T00:02:14Z</time></trkpt><trkpt lat="37.274759" lon="-83.580824"><ele>333.9</ele><time>2025-09-20T00:02:15Z</time></trkpt><trkpt lat="37.274688" lon="-83.580687"><ele>335.6</ele><time>2025-09-20T00:02:17Z</time></trkpt><trkpt lat="37.274533" lon="-83.58052"><ele>337.1</ele><time>2025-09-20T00:02:20Z</time></trkpt><trkpt lat="37.274339" lon="-83.580354"><ele>338.7</ele><time>2025-09-20T00:02:23Z</time></trkpt><trkpt lat="37.274096" lon="-83.580222"><ele>340.0</ele><time>2025-09-20T00:02:26Z</time></trkpt><trkpt lat="37.273957" lon="-83.580131"><ele>342.5</ele><time>2025-09-20T00:02:28Z</time></trkpt><trkpt lat="37.273882" lon="-83.580026"><ele>343.7</ele><time>2025-09-20T00:02:30Z</time></trkpt><trkpt lat="37.273864" lon="-83.579958"><ele>344.0</ele><time>2025-09-20T00:02:31Z</time></trkpt><trkpt lat="37.273862" lon="-83.579882"><ele>344.4</ele><time>2025-09-20T00:02:32Z</time></trkpt><trkpt lat="37.273876" lon="-83.579808"><ele>344.6</ele><time>2025-09-20T00:02:33Z</time></trkpt><trkpt lat="37.273901" lon="-83.579749"><ele>344.8</ele><time>2025-09-20T00:02:34Z</time></trkpt><trkpt lat="37.273965" lon="-83.579648"><ele>345.6</ele><time>2025-09-20T00:02:36Z</time></trkpt><trkpt lat="37.274073" lon="-83.579515"><ele>345.0</ele><time>2025-09-20T00:02:40Z</time></trkpt><trkpt lat="37.274096" lon="-83.57947"><ele>347.0</ele><time>2025-09-20T00:02:42Z</time></trkpt><trkpt lat="37.274165" lon="-83.579111"><ele>350.6</ele><time>2025-09-20T00:02:50Z</time></trkpt><trkpt lat="37.274284" lon="-83.578751"><ele>353.3</ele><time>2025-09-20T00:02:56Z</time></trkpt><trkpt lat="37.274292" lon="-83.578451"><ele>354.9</ele><time>2025-09-20T00:03:00Z</time></trkpt><trkpt lat="37.274309" lon="-83.578285"><ele>355.8</ele><time>2025-09-20T00:03:02Z</time></trkpt><trkpt lat="37.274351" lon="-83.578081"><ele>356.4</ele><time>2025-09-20T00:03:05Z</time></trkpt><trkpt lat="37.274344" lon="-83.578013"><ele>356.8</ele><time>2025-09-20T00:03:06Z</time></trkpt><trkpt lat="37.274323" lon="-83.577951"><ele>357.2</ele><time>2025-09-20T00:03:07Z</time></trkpt><trkpt lat="37.274204" lon="-83.577778"><ele>357.6</ele><time>2025-09-20T00:03:10Z</time></trkpt><trkpt lat="37.274153" lon="-83.57764"><ele>358.0</ele><time>2025-09-20T00:03:12Z</time></trkpt><trkpt lat="37.274134" lon="-83.577479"><ele>359.8</ele><time>2025-09-20T00:03:14Z</time></trkpt><trkpt lat="37.274138" lon="-83.577235"><ele>360.5</ele><time>2025-09-20T00:03:17Z</time></trkpt><trkpt lat="37.274175" lon="-83.577113"><ele>362.2</ele><time>2025-09-20T00:03:19Z</time></trkpt><trkpt lat="37.274207" lon="-83.577064"><ele>362.6</ele><time>2025-09-20T00:03:20Z</time></trkpt><trkpt lat="37.274247" lon="-83.577021"><ele>363.4</ele><time>2025-09-20T00:03:21Z</time></trkpt><trkpt lat="37.274333" lon="-83.576969"><ele>365.8</ele><time>2025-09-20T00:03:23Z</time></trkpt><trkpt lat="37.274437" lon="-83.576947"><ele>367.7</ele><time>2025-09-20T00:03:25Z</time></trkpt><trkpt lat="37.274617" lon="-83.576933"><ele>368.9</ele><time>2025-09-20T00:03:28Z</time></trkpt><trkpt lat="37.274726" lon="-83.576912"><ele>370.0</ele><time>2025-09-20T00:03:30Z</time></trkpt><trkpt lat="37.274769" lon="-83.576883"><ele>370.6</ele><time>2025-09-20T00:03:31Z</time></trkpt><trkpt lat="37.274815" lon="-83.57683"><ele>371.2</ele><time>2025-09-20T00:03:32Z</time></trkpt><trkpt lat="37.274873" lon="-83.576698"><ele>372.0</ele><time>2025-09-20T00:03:34Z</time></trkpt><trkpt lat="37.274943" lon="-83.576587"><ele>372.6</ele><time>2025-09-20T00:03:36Z</time></trkpt><trkpt lat="37.275047" lon="-83.576513"><ele>373.5</ele><time>2025-09-20T00:03:38Z</time></trkpt><trkpt lat="37.275533" lon="-83.57636"><ele>377.6</ele><time>2025-09-20T00:03:46Z</time></trkpt><trkpt lat="37.275662" lon="-83.576336"><ele>379.6</ele><time>2025-09-20T00:03:48Z</time></trkpt><trkpt lat="37.275802" lon="-83.576334"><ele>381.0</ele><time>2025-09-20T00:03:50Z</time></trkpt><trkpt lat="37.276149" lon="-83.576362"><ele>385.2</ele><time>2025-09-20T00:03:55Z</time></trkpt><trkpt lat="37.276424" lon="-83.57643"><ele>389.0</ele><time>2025-09-20T00:03:59Z</time></trkpt><trkpt lat="37.2765" lon="-83.576434"><ele>389.7</ele><time>2025-09-20T00:04:00Z</time></trkpt><trkpt lat="37.276582" lon="-83.576421"><ele>390.4</ele><time>2025-09-20T00:04:01Z</time></trkpt><trkpt lat="37.276769" lon="-83.576352"><ele>391.9</ele><time>2025-09-20T00:04:04Z</time></trkpt><trkpt lat="37.276978" lon="-83.576229"><ele>392.8</ele><time>2025-09-20T00:04:09Z</time></trkpt><trkpt lat="37.277089" lon="-83.576146"><ele>393.8</ele><time>2025-09-20T00:04:13Z</time></trkpt><trkpt lat="37.27717" lon="-83.576062"><ele>394.8</ele><time>2025-09-20T00:04:15Z</time></trkpt><trkpt lat="37.277256" lon="-83.575935"><ele>396.3</ele><time>2025-09-20T00:04:17Z</time></trkpt><trkpt lat="37.277331" lon="-83.575777"><ele>397.4</ele><time>2025-09-20T00:04:19Z</time></trkpt><trkpt lat="37.277448" lon="-83.575447"><ele>398.7</ele><time>2025-09-20T00:04:24Z</time></trkpt><trkpt lat="37.277444" lon="-83.575337"><ele>398.9</ele><time>2025-09-20T00:04:26Z</time></trkpt><trkpt lat="37.277423" lon="-83.575275"><ele>398.9</ele><time>2025-09-20T00:04:27Z</time></trkpt><trkpt lat="37.277389" lon="-83.575219"><ele>399.7</ele><time>2025-09-20T00:04:28Z</time></trkpt><trkpt lat="37.277338" lon="-83.575169"><ele>399.9</ele><time>2025-09-20T00:04:29Z</time></trkpt><trkpt lat="37.277154" lon="-83.575037"><ele>401.0</ele><time>2025-09-20T00:04:32Z</time></trkpt><trkpt lat="37.277047" lon="-83.574917"><ele>401.9</ele><time>2025-09-20T00:04:34Z</time></trkpt><trkpt lat="37.276901" lon="-83.574687"><ele>403.5</ele><time>2025-09-20T00:04:37Z</time></trkpt><trkpt lat="37.276754" lon="-83.574501"><ele>404.8</ele><time>2025-09-20T00:04:40Z</time></trkpt><trkpt lat="37.2767" lon="-83.574388"><ele>405.2</ele><time>2025-09-20T00:04:42Z</time></trkpt><trkpt lat="37.276686" lon="-83.574242"><ele>406.4</ele><time>2025-09-20T00:04:44Z</time></trkpt><trkpt lat="37.276753" lon="-83.573818"><ele>409.7</ele><time>2025-09-20T00:04:49Z</time></trkpt><trkpt lat="37.276768" lon="-83.573596"><ele>411.3</ele><time>2025-09-20T00:04:52Z</time></trkpt><trkpt lat="37.276724" lon="-83.5734"><ele>413.0</ele><time>2025-09-20T00:04:57Z</time></trkpt><trkpt lat="37.276715" lon="-83.573318"><ele>414.0</ele><time>2025-09-20T00:04:59Z</time></trkpt><trkpt lat="37.276746" lon="-83.572977"><ele>417.3</ele><time>2025-09-20T00:05:12Z</time></trkpt><trkpt lat="37.276748" lon="-83.572699"><ele>420.5</ele><time>2025-09-20T00:05:17Z</time></trkpt><trkpt lat="37.276738" lon="-83.572518"><ele>423.4</ele><time>2025-09-20T00:05:20Z</time></trkpt><trkpt lat="37.276603" lon="-83.571664"><ele>433.7</ele><time>2025-09-20T00:05:32Z</time></trkpt><trkpt lat="37.276547" lon="-83.571432"><ele>435.0</ele><time>2025-09-20T00:05:35Z</time></trkpt><trkpt lat="37.276518" lon="-83.571224"><ele>435.1</ele><time>2025-09-20T00:05:38Z</time></trkpt><trkpt lat="37.276534" lon="-83.571078"><ele>438.0</ele><time>2025-09-20T00:05:56Z</time></trkpt><trkpt lat="37.276552" lon="-83.57104"><ele>438.0</ele><time>2025-09-20T00:05:59Z</time></trkpt><trkpt lat="37.276581" lon="-83.571009"><ele>438.0</ele><time>2025-09-20T00:06:01Z</time></trkpt><trkpt lat="37.276609" lon="-83.570997"><ele>438.0</ele><time>2025-09-20T00:06:04Z</time></trkpt><trkpt lat="37.276723" lon="-83.571042"><ele>436.0</ele><time>2025-09-20T00:06:10Z</time></trkpt><trkpt lat="37.276754" lon="-83.57108"><ele>436.0</ele><time>2025-09-20T00:06:12Z</time></trkpt><trkpt lat="37.276927" lon="-83.571226"><ele>432.0</ele><time>2025-09-20T00:06:20Z</time></trkpt><trkpt lat="37.277024" lon="-83.57129"><ele>432.0</ele><time>2025-09-20T00:06:24Z</time></trkpt><trkpt lat="37.277104" lon="-83.571319"><ele>432.8</ele><time>2025-09-20T00:06:27Z</time></trkpt><trkpt lat="37.277226" lon="-83.571335"><ele>431.2</ele><time>2025-09-20T00:06:33Z</time></trkpt><trkpt lat="37.277348" lon="-83.571294"><ele>429.2</ele><time>2025-09-20T00:06:37Z</time></trkpt><trkpt lat="37.277428" lon="-83.571288"><ele>429.9</ele><time>2025-09-20T00:06:39Z</time></trkpt><trkpt lat="37.277575" lon="-83.571361"><ele>428.0</ele><time>2025-09-20T00:06:43Z</time></trkpt><trkpt lat="37.277672" lon="-83.571431"><ele>425.7</ele><time>2025-09-20T00:06:46Z</time></trkpt><trkpt lat="37.277714" lon="-83.571446"><ele>425.6</ele><time>2025-09-20T00:06:47Z</time></trkpt><trkpt lat="37.277766" lon="-83.571441"><ele>424.8</ele><time>2025-09-20T00:06:48Z</time></trkpt><trkpt lat="37.277815" lon="-83.57142"><ele>424.6</ele><time>2025-09-20T00:06:49Z</time></trkpt><trkpt lat="37.277868" lon="-83.571289"><ele>425.3</ele><time>2025-09-20T00:06:52Z</time></trkpt><trkpt lat="37.27789" lon="-83.570894"><ele>424.9</ele><time>2025-09-20T00:06:59Z</time></trkpt><trkpt lat="37.277907" lon="-83.570792"><ele>424.3</ele><time>2025-09-20T00:07:01Z</time></trkpt><trkpt lat="37.277952" lon="-83.570691"><ele>422.9</ele><time>2025-09-20T00:07:03Z</time></trkpt><trkpt lat="37.278012" lon="-83.570598"><ele>422.2</ele><time>2025-09-20T00:07:05Z</time></trkpt><trkpt lat="37.2781" lon="-83.570483"><ele>420.7</ele><time>2025-09-20T00:07:08Z</time></trkpt><trkpt lat="37.278176" lon="-83.570407"><ele>419.8</ele><time>2025-09-20T00:07:10Z</time></trkpt><trkpt lat="37.278201" lon="-83.570366"><ele>419.3</ele><time>2025-09-20T00:07:11Z</time></trkpt><trkpt lat="37.278219" lon="-83.570269"><ele>419.4</ele><time>2025-09-20T00:07:13Z</time></trkpt><trkpt lat="37.278203" lon="-83.570121"><ele>418.6</ele><time>2025-09-20T00:07:16Z</time></trkpt><trkpt lat="37.278208" lon="-83.570027"><ele>417.2</ele><time>2025-09-20T00:07:18Z</time></trkpt><trkpt lat="37.278234" lon="-83.569896"><ele>417.1</ele><time>2025-09-20T00:07:22Z</time></trkpt><trkpt lat="37.27829" lon="-83.569754"><ele>415.3</ele><time>2025-09-20T00:07:26Z</time></trkpt><trkpt lat="37.278333" lon="-83.569567"><ele>414.4</ele><time>2025-09-20T00:07:30Z</time></trkpt><trkpt lat="37.278389" lon="-83.569408"><ele>412.5</ele><time>2025-09-20T00:07:33Z</time></trkpt><trkpt lat="37.278453" lon="-83.569136"><ele>410.8</ele><time>2025-09-20T00:07:38Z</time></trkpt><trkpt lat="37.278471" lon="-83.568761"><ele>407.8</ele><time>2025-09-20T00:07:45Z</time></trkpt><trkpt lat="37.278487" lon="-83.568728"><ele>405.9</ele><time>2025-09-20T00:07:46Z</time></trkpt><trkpt lat="37.278548" lon="-83.568459"><ele>402.0</ele><time>2025-09-20T00:07:54Z</time></trkpt><trkpt lat="37.278597" lon="-83.568297"><ele>401.0</ele><time>2025-09-20T00:08:00Z</time></trkpt><trkpt lat="37.278658" lon="-83.568209"><ele>399.7</ele><time>2025-09-20T00:08:04Z</time></trkpt><trkpt lat="37.278719" lon="-83.568034"><ele>398.6</ele><time>2025-09-20T00:08:08Z</time></trkpt><trkpt lat="37.278721" lon="-83.567986"><ele>398.0</ele><time>2025-09-20T00:08:09Z</time></trkpt><trkpt lat="37.278756" lon="-83.567879"><ele>398.0</ele><time>2025-09-20T00:08:12Z</time></trkpt><trkpt lat="37.278784" lon="-83.567526"><ele>395.4</ele><time>2025-09-20T00:08:22Z</time></trkpt><trkpt lat="37.278751" lon="-83.56726"><ele>391.0</ele><time>2025-09-20T00:08:31Z</time></trkpt><trkpt lat="37.278745" lon="-83.56704"><ele>389.3</ele><time>2025-09-20T00:08:39Z</time></trkpt><trkpt lat="37.27876" lon="-83.566818"><ele>387.2</ele><time>2025-09-20T00:08:46Z</time></trkpt><trkpt lat="37.278825" lon="-83.566625"><ele>385.2</ele><time>2025-09-20T00:08:51Z</time></trkpt><trkpt lat="37.278853" lon="-83.566336"><ele>382.6</ele><time>2025-09-20T00:08:59Z</time></trkpt><trkpt lat="37.278899" lon="-83.566162"><ele>380.0</ele><time>2025-09-20T00:09:04Z</time></trkpt><trkpt lat="37.278962" lon="-83.566067"><ele>378.0</ele><time>2025-09-20T00:09:10Z</time></trkpt><trkpt lat="37.27899" lon="-83.566044"><ele>378.0</ele><time>2025-09-20T00:09:12Z</time></trkpt><trkpt lat="37.279023" lon="-83.566035"><ele>378.0</ele><time>2025-09-20T00:09:14Z</time></trkpt><trkpt lat="37.279052" lon="-83.566006"><ele>378.0</ele><time>2025-09-20T00:09:16Z</time></trkpt><trkpt lat="37.279091" lon="-83.565908"><ele>376.0</ele><time>2025-09-20T00:09:20Z</time></trkpt><trkpt lat="37.279092" lon="-83.565852"><ele>377.1</ele><time>2025-09-20T00:09:22Z</time></trkpt><trkpt lat="37.279075" lon="-83.565734"><ele>376.0</ele><time>2025-09-20T00:09:25Z</time></trkpt><trkpt lat="37.279028" lon="-83.565644"><ele>374.0</ele><time>2025-09-20T00:09:29Z</time></trkpt><trkpt lat="37.27898" lon="-83.565638"><ele>375.7</ele><time>2025-09-20T00:09:31Z</time></trkpt><trkpt lat="37.278971" lon="-83.565592"><ele>373.0</ele><time>2025-09-20T00:09:32Z</time></trkpt><trkpt lat="37.278913" lon="-83.565501"><ele>372.0</ele><time>2025-09-20T00:09:36Z</time></trkpt><trkpt lat="37.27875" lon="-83.565117"><ele>370.8</ele><time>2025-09-20T00:09:48Z</time></trkpt><trkpt lat="37.278708" lon="-83.564898"><ele>369.1</ele><time>2025-09-20T00:09:54Z</time></trkpt><trkpt lat="37.278697" lon="-83.564691"><ele>367.5</ele><time>2025-09-20T00:09:59Z</time></trkpt><trkpt lat="37.278657" lon="-83.564487"><ele>364.0</ele><time>2025-09-20T00:10:10Z</time></trkpt><trkpt lat="37.278614" lon="-83.564332"><ele>364.3</ele><time>2025-09-20T00:10:18Z</time></trkpt><trkpt lat="37.278597" lon="-83.564221"><ele>363.5</ele><time>2025-09-20T00:10:21Z</time></trkpt><trkpt lat="37.27859" lon="-83.564054"><ele>361.8</ele><time>2025-09-20T00:10:27Z</time></trkpt><trkpt lat="37.278544" lon="-83.563815"><ele>358.8</ele><time>2025-09-20T00:10:36Z</time></trkpt><trkpt lat="37.278543" lon="-83.563408"><ele>355.9</ele><time>2025-09-20T00:10:46Z</time></trkpt><trkpt lat="37.278565" lon="-83.563103"><ele>355.2</ele><time>2025-09-20T00:10:52Z</time></trkpt><trkpt lat="37.2786" lon="-83.562835"><ele>355.0</ele><time>2025-09-20T00:10:57Z</time></trkpt><trkpt lat="37.278585" lon="-83.562494"><ele>354.5</ele><time>2025-09-20T00:11:02Z</time></trkpt><trkpt lat="37.278591" lon="-83.562438"><ele>354.3</ele><time>2025-09-20T00:11:03Z</time></trkpt><trkpt lat="37.278627" lon="-83.562305"><ele>354.1</ele><time>2025-09-20T00:11:05Z</time></trkpt><trkpt lat="37.278652" lon="-83.562237"><ele>354.1</ele><time>2025-09-20T00:11:06Z</time></trkpt><trkpt lat="37.278749" lon="-83.562055"><ele>353.4</ele><time>2025-09-20T00:11:09Z</time></trkpt><trkpt lat="37.278907" lon="-83.561857"><ele>352.1</ele><time>2025-09-20T00:11:13Z</time></trkpt><trkpt lat="37.279012" lon="-83.561773"><ele>352.0</ele><time>2025-09-20T00:11:15Z</time></trkpt><trkpt lat="37.279064" lon="-83.561743"><ele>351.9</ele><time>2025-09-20T00:11:16Z</time></trkpt><trkpt lat="37.279171" lon="-83.561698"><ele>350.7</ele><time>2025-09-20T00:11:18Z</time></trkpt><trkpt lat="37.279321" lon="-83.561661"><ele>349.6</ele><time>2025-09-20T00:11:21Z</time></trkpt><trkpt lat="37.279505" lon="-83.561663"><ele>348.6</ele><time>2025-09-20T00:11:25Z</time></trkpt><trkpt lat="37.279582" lon="-83.561676"><ele>348.3</ele><time>2025-09-20T00:11:27Z</time></trkpt><trkpt lat="37.279672" lon="-83.561713"><ele>344.0</ele><time>2025-09-20T00:11:30Z</time></trkpt><trkpt lat="37.279718" lon="-83.56172"><ele>344.0</ele><time>2025-09-20T00:11:32Z</time></trkpt><trkpt lat="37.279812" lon="-83.561683"><ele>346.0</ele><time>2025-09-20T00:11:38Z</time></trkpt><trkpt lat="37.279855" lon="-83.561619"><ele>345.3</ele><time>2025-09-20T00:11:41Z</time></trkpt><trkpt lat="37.279882" lon="-83.561383"><ele>343.5</ele><time>2025-09-20T00:11:46Z</time></trkpt><trkpt lat="37.279933" lon="-83.561271"><ele>341.0</ele><time>2025-09-20T00:11:49Z</time></trkpt><trkpt lat="37.279965" lon="-83.561244"><ele>340.0</ele><time>2025-09-20T00:11:51Z</time></trkpt><trkpt lat="37.28005" lon="-83.561106"><ele>338.0</ele><time>2025-09-20T00:11:56Z</time></trkpt><trkpt lat="37.280239" lon="-83.560984"><ele>335.1</ele><time>2025-09-20T00:12:04Z</time></trkpt><trkpt lat="37.280269" lon="-83.560954"><ele>334.4</ele><time>2025-09-20T00:12:05Z</time></trkpt><trkpt lat="37.280406" lon="-83.560733"><ele>331.7</ele><time>2025-09-20T00:12:11Z</time></trkpt><trkpt lat="37.28058" lon="-83.560588"><ele>327.0</ele><time>2025-09-20T00:12:16Z</time></trkpt><trkpt lat="37.28062" lon="-83.560543"><ele>327.2</ele><time>2025-09-20T00:12:17Z</time></trkpt><trkpt lat="37.280707" lon="-83.560489"><ele>326.2</ele><time>2025-09-20T00:12:19Z</time></trkpt><trkpt lat="37.28086" lon="-83.560355"><ele>324.6</ele><time>2025-09-20T00:12:23Z</time></trkpt><trkpt lat="37.280943" lon="-83.560317"><ele>323.8</ele><time>2025-09-20T00:12:25Z</time></trkpt><trkpt lat="37.281034" lon="-83.560293"><ele>323.0</ele><time>2025-09-20T00:12:27Z</time></trkpt><trkpt lat="37.281125" lon="-83.560288"><ele>322.7</ele><time>2025-09-20T00:12:29Z</time></trkpt><trkpt lat="37.281352" lon="-83.560361"><ele>318.8</ele><time>2025-09-20T00:12:35Z</time></trkpt><trkpt lat="37.281372" lon="-83.560392"><ele>318.0</ele><time>2025-09-20T00:12:36Z</time></trkpt><trkpt lat="37.281533" lon="-83.560436"><ele>316.7</ele><time>2025-09-20T00:12:40Z</time></trkpt><trkpt lat="37.281628" lon="-83.560483"><ele>316.0</ele><time>2025-09-20T00:12:42Z</time></trkpt><trkpt lat="37.281746" lon="-83.560437"><ele>314.7</ele><time>2025-09-20T00:12:45Z</time></trkpt><trkpt lat="37.281791" lon="-83.560359"><ele>313.9</ele><time>2025-09-20T00:12:47Z</time></trkpt><trkpt lat="37.281828" lon="-83.560137"><ele>311.0</ele><time>2025-09-20T00:12:53Z</time></trkpt><trkpt lat="37.281826" lon="-83.560088"><ele>311.9</ele><time>2025-09-20T00:12:55Z</time></trkpt><trkpt lat="37.281719" lon="-83.559876"><ele>309.0</ele><time>2025-09-20T00:13:10Z</time></trkpt><trkpt lat="37.281722" lon="-83.559748"><ele>309.2</ele><time>2025-09-20T00:13:17Z</time></trkpt><trkpt lat="37.28166" lon="-83.559619"><ele>308.0</ele><time>2025-09-20T00:13:24Z</time></trkpt><trkpt lat="37.281625" lon="-83.559507"><ele>308.0</ele><time>2025-09-20T00:13:30Z</time></trkpt><trkpt lat="37.281613" lon="-83.559267"><ele>310.0</ele><time>2025-09-20T00:13:50Z</time></trkpt><trkpt lat="37.281585" lon="-83.559148"><ele>309.0</ele><time>2025-09-20T00:13:59Z</time></trkpt><trkpt lat="37.281496" lon="-83.558932"><ele>311.9</ele><time>2025-09-20T00:14:08Z</time></trkpt><trkpt lat="37.281473" lon="-83.558843"><ele>311.9</ele><time>2025-09-20T00:14:10Z</time></trkpt><trkpt lat="37.281431" lon="-83.558358"><ele>314.1</ele><time>2025-09-20T00:14:18Z</time></trkpt><trkpt lat="37.281392" lon="-83.558113"><ele>315.7</ele><time>2025-09-20T00:14:22Z</time></trkpt><trkpt lat="37.281397" lon="-83.557874"><ele>317.3</ele><time>2025-09-20T00:14:26Z</time></trkpt><trkpt lat="37.281431" lon="-83.557683"><ele>319.9</ele><time>2025-09-20T00:14:30Z</time></trkpt><trkpt lat="37.281542" lon="-83.557391"><ele>320.9</ele><time>2025-09-20T00:14:35Z</time></trkpt><trkpt lat="37.281591" lon="-83.557218"><ele>321.7</ele><time>2025-09-20T00:14:38Z</time></trkpt><trkpt lat="37.281717" lon="-83.556947"><ele>322.0</ele><time>2025-09-20T00:14:43Z</time></trkpt><trkpt lat="37.281735" lon="-83.556855"><ele>322.8</ele><time>2025-09-20T00:14:45Z</time></trkpt><trkpt lat="37.281715" lon="-83.556541"><ele>325.0</ele><time>2025-09-20T00:14:50Z</time></trkpt><trkpt lat="37.281672" lon="-83.556302"><ele>325.0</ele><time>2025-09-20T00:14:53Z</time></trkpt><trkpt lat="37.281532" lon="-83.555724"><ele>324.2</ele><time>2025-09-20T00:14:59Z</time></trkpt><trkpt lat="37.281482" lon="-83.555449"><ele>323.0</ele><time>2025-09-20T00:15:02Z</time></trkpt><trkpt lat="37.281471" lon="-83.555283"><ele>323.1</ele><time>2025-09-20T00:15:04Z</time></trkpt><trkpt lat="37.281471" lon="-83.555212"><ele>323.5</ele><time>2025-09-20T00:15:05Z</time></trkpt><trkpt lat="37.281517" lon="-83.554843"><ele>323.5</ele><time>2025-09-20T00:15:10Z</time></trkpt><trkpt lat="37.281478" lon="-83.55438"><ele>323.6</ele><time>2025-09-20T00:15:15Z</time></trkpt><trkpt lat="37.28148" lon="-83.55419"><ele>323.5</ele><time>2025-09-20T00:15:17Z</time></trkpt><trkpt lat="37.281497" lon="-83.554032"><ele>322.9</ele><time>2025-09-20T00:15:19Z</time></trkpt><trkpt lat="37.281551" lon="-83.553916"><ele>322.7</ele><time>2025-09-20T00:15:21Z</time></trkpt><trkpt lat="37.28166" lon="-83.553757"><ele>322.3</ele><time>2025-09-20T00:15:24Z</time></trkpt><trkpt lat="37.281687" lon="-83.553702"><ele>322.1</ele><time>2025-09-20T00:15:25Z</time></trkpt><trkpt lat="37.281702" lon="-83.553642"><ele>322.6</ele><time>2025-09-20T00:15:26Z</time></trkpt><trkpt lat="37.281694" lon="-83.55358"><ele>322.8</ele><time>2025-09-20T00:15:27Z</time></trkpt><trkpt lat="37.281671" lon="-83.553531"><ele>322.7</ele><time>2025-09-20T00:15:28Z</time></trkpt><trkpt lat="37.281627" lon="-83.553505"><ele>323.2</ele><time>2025-09-20T00:15:29Z</time></trkpt><trkpt lat="37.281357" lon="-83.553466"><ele>324.5</ele><time>2025-09-20T00:15:34Z</time></trkpt><trkpt lat="37.28122" lon="-83.553336"><ele>325.1</ele><time>2025-09-20T00:15:37Z</time></trkpt><trkpt lat="37.281145" lon="-83.553198"><ele>325.0</ele><time>2025-09-20T00:15:39Z</time></trkpt><trkpt lat="37.280975" lon="-83.552693"><ele>326.8</ele><time>2025-09-20T00:15:45Z</time></trkpt><trkpt lat="37.280878" lon="-83.552456"><ele>328.3</ele><time>2025-09-20T00:15:48Z</time></trkpt><trkpt lat="37.280859" lon="-83.552391"><ele>328.1</ele><time>2025-09-20T00:15:49Z</time></trkpt><trkpt lat="37.280835" lon="-83.55218"><ele>330.2</ele><time>2025-09-20T00:15:52Z</time></trkpt><trkpt lat="37.280857" lon="-83.551877"><ele>331.4</ele><time>2025-09-20T00:15:56Z</time></trkpt><trkpt lat="37.280852" lon="-83.551802"><ele>331.6</ele><time>2025-09-20T00:15:57Z</time></trkpt><trkpt lat="37.280828" lon="-83.551729"><ele>331.6</ele><time>2025-09-20T00:15:58Z</time></trkpt><trkpt lat="37.280683" lon="-83.551519"><ele>332.8</ele><time>2025-09-20T00:16:02Z</time></trkpt><trkpt lat="37.280624" lon="-83.551355"><ele>333.9</ele><time>2025-09-20T00:16:05Z</time></trkpt><trkpt lat="37.280568" lon="-83.551097"><ele>335.9</ele><time>2025-09-20T00:16:09Z</time></trkpt><trkpt lat="37.280504" lon="-83.550904"><ele>337.3</ele><time>2025-09-20T00:16:12Z</time></trkpt><trkpt lat="37.280426" lon="-83.550474"><ele>340.6</ele><time>2025-09-20T00:16:18Z</time></trkpt><trkpt lat="37.280358" lon="-83.550202"><ele>341.0</ele><time>2025-09-20T00:16:21Z</time></trkpt><trkpt lat="37.280332" lon="-83.550017"><ele>340.7</ele><time>2025-09-20T00:16:23Z</time></trkpt><trkpt lat="37.280324" lon="-83.549805"><ele>340.5</ele><time>2025-09-20T00:16:25Z</time></trkpt><trkpt lat="37.280335" lon="-83.549502"><ele>340.2</ele><time>2025-09-20T00:16:28Z</time></trkpt><trkpt lat="37.280363" lon="-83.549316"><ele>340.5</ele><time>2025-09-20T00:16:30Z</time></trkpt><trkpt lat="37.280467" lon="-83.548963"><ele>339.9</ele><time>2025-09-20T00:16:34Z</time></trkpt><trkpt lat="37.280568" lon="-83.548533"><ele>339.7</ele><time>2025-09-20T00:16:39Z</time></trkpt><trkpt lat="37.280664" lon="-83.548293"><ele>339.6</ele><time>2025-09-20T00:16:42Z</time></trkpt><trkpt lat="37.280743" lon="-83.548153"><ele>339.2</ele><time>2025-09-20T00:16:44Z</time></trkpt><trkpt lat="37.280912" lon="-83.547905"><ele>336.8</ele><time>2025-09-20T00:16:49Z</time></trkpt><trkpt lat="37.281058" lon="-83.547763"><ele>334.3</ele><time>2025-09-20T00:16:55Z</time></trkpt><trkpt lat="37.281084" lon="-83.547724"><ele>334.1</ele><time>2025-09-20T00:16:56Z</time></trkpt><trkpt lat="37.281107" lon="-83.547674"><ele>333.7</ele><time>2025-09-20T00:16:57Z</time></trkpt><trkpt lat="37.281127" lon="-83.547436"><ele>333.1</ele><time>2025-09-20T00:17:01Z</time></trkpt><trkpt lat="37.281149" lon="-83.547383"><ele>333.3</ele><time>2025-09-20T00:17:02Z</time></trkpt><trkpt lat="37.281258" lon="-83.547226"><ele>332.9</ele><time>2025-09-20T00:17:06Z</time></trkpt><trkpt lat="37.281277" lon="-83.54718"><ele>332.7</ele><time>2025-09-20T00:17:07Z</time></trkpt><trkpt lat="37.281303" lon="-83.546934"><ele>333.7</ele><time>2025-09-20T00:17:11Z</time></trkpt><trkpt lat="37.281325" lon="-83.546833"><ele>334.9</ele><time>2025-09-20T00:17:13Z</time></trkpt><trkpt lat="37.281349" lon="-83.546554"><ele>335.8</ele><time>2025-09-20T00:17:17Z</time></trkpt><trkpt lat="37.281328" lon="-83.545851"><ele>335.5</ele><time>2025-09-20T00:17:24Z</time></trkpt><trkpt lat="37.281332" lon="-83.545751"><ele>335.9</ele><time>2025-09-20T00:17:25Z</time></trkpt><trkpt lat="37.281362" lon="-83.545575"><ele>335.5</ele><time>2025-09-20T00:17:27Z</time></trkpt><trkpt lat="37.281359" lon="-83.545492"><ele>335.1</ele><time>2025-09-20T00:17:28Z</time></trkpt><trkpt lat="37.281291" lon="-83.545274"><ele>335.7</ele><time>2025-09-20T00:17:31Z</time></trkpt><trkpt lat="37.281279" lon="-83.5452"><ele>336.1</ele><time>2025-09-20T00:17:32Z</time></trkpt><trkpt lat="37.28127" lon="-83.544952"><ele>336.2</ele><time>2025-09-20T00:17:35Z</time></trkpt><trkpt lat="37.281276" lon="-83.544636"><ele>335.9</ele><time>2025-09-20T00:17:41Z</time></trkpt><trkpt lat="37.281168" lon="-83.544307"><ele>337.6</ele><time>2025-09-20T00:17:48Z</time></trkpt><trkpt lat="37.281139" lon="-83.544185"><ele>338.8</ele><time>2025-09-20T00:17:50Z</time></trkpt><trkpt lat="37.281139" lon="-83.544119"><ele>339.0</ele><time>2025-09-20T00:17:51Z</time></trkpt><trkpt lat="37.281171" lon="-83.543952"><ele>339.6</ele><time>2025-09-20T00:17:54Z</time></trkpt><trkpt lat="37.281261" lon="-83.543736"><ele>342.0</ele><time>2025-09-20T00:18:00Z</time></trkpt><trkpt lat="37.281348" lon="-83.543587"><ele>344.1</ele><time>2025-09-20T00:18:07Z</time></trkpt><trkpt lat="37.281397" lon="-83.543389"><ele>345.2</ele><time>2025-09-20T00:18:11Z</time></trkpt><trkpt lat="37.281424" lon="-83.543107"><ele>348.4</ele><time>2025-09-20T00:18:16Z</time></trkpt><trkpt lat="37.281425" lon="-83.542965"><ele>349.6</ele><time>2025-09-20T00:18:18Z</time></trkpt><trkpt lat="37.281449" lon="-83.542803"><ele>350.7</ele><time>2025-09-20T00:18:21Z</time></trkpt><trkpt lat="37.281441" lon="-83.542709"><ele>351.2</ele><time>2025-09-20T00:18:23Z</time></trkpt><trkpt lat="37.281446" lon="-83.542628"><ele>352.5</ele><time>2025-09-20T00:18:25Z</time></trkpt><trkpt lat="37.281518" lon="-83.542311"><ele>356.8</ele><time>2025-09-20T00:18:32Z</time></trkpt><trkpt lat="37.28157" lon="-83.542184"><ele>358.8</ele><time>2025-09-20T00:18:35Z</time></trkpt><trkpt lat="37.281616" lon="-83.542122"><ele>359.5</ele><time>2025-09-20T00:18:37Z</time></trkpt><trkpt lat="37.281759" lon="-83.542002"><ele>361.1</ele><time>2025-09-20T00:18:41Z</time></trkpt><trkpt lat="37.281794" lon="-83.542005"><ele>361.2</ele><time>2025-09-20T00:18:42Z</time></trkpt><trkpt lat="37.281878" lon="-83.541959"><ele>362.2</ele><time>2025-09-20T00:18:44Z</time></trkpt><trkpt lat="37.281995" lon="-83.541937"><ele>363.6</ele><time>2025-09-20T00:18:47Z</time></trkpt><trkpt lat="37.282284" lon="-83.542029"><ele>366.0</ele><time>2025-09-20T00:19:00Z</time></trkpt><trkpt lat="37.282525" lon="-83.542163"><ele>367.2</ele><time>2025-09-20T00:19:08Z</time></trkpt><trkpt lat="37.282614" lon="-83.542152"><ele>366.4</ele><time>2025-09-20T00:19:10Z</time></trkpt><trkpt lat="37.282676" lon="-83.542105"><ele>366.4</ele><time>2025-09-20T00:19:12Z</time></trkpt><trkpt lat="37.282723" lon="-83.542015"><ele>366.0</ele><time>2025-09-20T00:19:14Z</time></trkpt><trkpt lat="37.282748" lon="-83.541815"><ele>366.6</ele><time>2025-09-20T00:19:17Z</time></trkpt><trkpt lat="37.282717" lon="-83.541433"><ele>366.3</ele><time>2025-09-20T00:19:22Z</time></trkpt><trkpt lat="37.282717" lon="-83.541291"><ele>365.9</ele><time>2025-09-20T00:19:24Z</time></trkpt><trkpt lat="37.282757" lon="-83.541126"><ele>366.1</ele><time>2025-09-20T00:19:26Z</time></trkpt><trkpt lat="37.282788" lon="-83.541043"><ele>366.3</ele><time>2025-09-20T00:19:27Z</time></trkpt><trkpt lat="37.282945" lon="-83.540813"><ele>366.0</ele><time>2025-09-20T00:19:30Z</time></trkpt><trkpt lat="37.283103" lon="-83.540657"><ele>365.2</ele><time>2025-09-20T00:19:33Z</time></trkpt><trkpt lat="37.283259" lon="-83.540554"><ele>364.2</ele><time>2025-09-20T00:19:36Z</time></trkpt><trkpt lat="37.283323" lon="-83.540473"><ele>363.7</ele><time>2025-09-20T00:19:38Z</time></trkpt><trkpt lat="37.283404" lon="-83.540106"><ele>366.9</ele><time>2025-09-20T00:19:45Z</time></trkpt><trkpt lat="37.283413" lon="-83.539954"><ele>367.9</ele><time>2025-09-20T00:19:47Z</time></trkpt><trkpt lat="37.283344" lon="-83.539079"><ele>368.0</ele><time>2025-09-20T00:19:59Z</time></trkpt><trkpt lat="37.283319" lon="-83.539028"><ele>368.0</ele><time>2025-09-20T00:20:01Z</time></trkpt><trkpt lat="37.283283" lon="-83.539005"><ele>370.2</ele><time>2025-09-20T00:20:03Z</time></trkpt><trkpt lat="37.283248" lon="-83.539019"><ele>370.2</ele><time>2025-09-20T00:20:04Z</time></trkpt><trkpt lat="37.28321" lon="-83.539058"><ele>369.6</ele><time>2025-09-20T00:20:05Z</time></trkpt><trkpt lat="37.283079" lon="-83.539277"><ele>368.3</ele><time>2025-09-20T00:20:08Z</time></trkpt><trkpt lat="37.282925" lon="-83.539466"><ele>366.7</ele><time>2025-09-20T00:20:10Z</time></trkpt><trkpt lat="37.282754" lon="-83.539665"><ele>364.3</ele><time>2025-09-20T00:20:12Z</time></trkpt><trkpt lat="37.282422" lon="-83.540024"><ele>359.4</ele><time>2025-09-20T00:20:16Z</time></trkpt><trkpt lat="37.282289" lon="-83.540331"><ele>357.1</ele><time>2025-09-20T00:20:19Z</time></trkpt><trkpt lat="37.282233" lon="-83.540429"><ele>356.8</ele><time>2025-09-20T00:20:20Z</time></trkpt><trkpt lat="37.281968" lon="-83.540778"><ele>352.7</ele><time>2025-09-20T00:20:24Z</time></trkpt><trkpt lat="37.281827" lon="-83.540937"><ele>351.5</ele><time>2025-09-20T00:20:26Z</time></trkpt><trkpt lat="37.281667" lon="-83.541068"><ele>349.7</ele><time>2025-09-20T00:20:28Z</time></trkpt><trkpt lat="37.281405" lon="-83.541217"><ele>346.4</ele><time>2025-09-20T00:20:31Z</time></trkpt><trkpt lat="37.281121" lon="-83.54135"><ele>342.3</ele><time>2025-09-20T00:20:34Z</time></trkpt><trkpt lat="37.280924" lon="-83.541379"><ele>340.0</ele><time>2025-09-20T00:20:36Z</time></trkpt><trkpt lat="37.280827" lon="-83.541365"><ele>339.0</ele><time>2025-09-20T00:20:37Z</time></trkpt><trkpt lat="37.280727" lon="-83.541331"><ele>338.0</ele><time>2025-09-20T00:20:38Z</time></trkpt><trkpt lat="37.280431" lon="-83.54119"><ele>333.5</ele><time>2025-09-20T00:20:41Z</time></trkpt><trkpt lat="37.280226" lon="-83.541141"><ele>332.8</ele><time>2025-09-20T00:20:43Z</time></trkpt><trkpt lat="37.280136" lon="-83.541109"><ele>333.5</ele><time>2025-09-20T00:20:44Z</time></trkpt><trkpt lat="37.280062" lon="-83.541054"><ele>334.2</ele><time>2025-09-20T00:20:45Z</time></trkpt><trkpt lat="37.279942" lon="-83.540904"><ele>335.2</ele><time>2025-09-20T00:20:47Z</time></trkpt><trkpt lat="37.279877" lon="-83.540838"><ele>335.5</ele><time>2025-09-20T00:20:48Z</time></trkpt><trkpt lat="37.279723" lon="-83.540751"><ele>338.0</ele><time>2025-09-20T00:20:50Z</time></trkpt><trkpt lat="37.27958" lon="-83.54064"><ele>339.1</ele><time>2025-09-20T00:20:52Z</time></trkpt><trkpt lat="37.279507" lon="-83.54057"><ele>340.1</ele><time>2025-09-20T00:20:53Z</time></trkpt><trkpt lat="37.27943" lon="-83.540489"><ele>341.3</ele><time>2025-09-20T00:20:54Z</time></trkpt><trkpt lat="37.279126" lon="-83.540065"><ele>342.2</ele><time>2025-09-20T00:20:58Z</time></trkpt><trkpt lat="37.279034" lon="-83.539981"><ele>342.2</ele><time>2025-09-20T00:20:59Z</time></trkpt><trkpt lat="37.278751" lon="-83.539828"><ele>343.2</ele><time>2025-09-20T00:21:02Z</time></trkpt><trkpt lat="37.278661" lon="-83.53976"><ele>342.3</ele><time>2025-09-20T00:21:03Z</time></trkpt><trkpt lat="37.278382" lon="-83.539501"><ele>339.3</ele><time>2025-09-20T00:21:06Z</time></trkpt><trkpt lat="37.278277" lon="-83.539416"><ele>338.8</ele><time>2025-09-20T00:21:07Z</time></trkpt><trkpt lat="37.278047" lon="-83.539309"><ele>339.0</ele><time>2025-09-20T00:21:09Z</time></trkpt><trkpt lat="37.277932" lon="-83.539276"><ele>338.9</ele><time>2025-09-20T00:21:10Z</time></trkpt><trkpt lat="37.277823" lon="-83.539269"><ele>338.6</ele><time>2025-09-20T00:21:11Z</time></trkpt><trkpt lat="37.277719" lon="-83.539285"><ele>338.5</ele><time>2025-09-20T00:21:12Z</time></trkpt><trkpt lat="37.27762" lon="-83.539325"><ele>338.6</ele><time>2025-09-20T00:21:13Z</time></trkpt><trkpt lat="37.277255" lon="-83.539575"><ele>340.5</ele><time>2025-09-20T00:21:17Z</time></trkpt><trkpt lat="37.276608" lon="-83.539906"><ele>351.2</ele><time>2025-09-20T00:21:24Z</time></trkpt><trkpt lat="37.276209" lon="-83.540127"><ele>356.9</ele><time>2025-09-20T00:21:28Z</time></trkpt><trkpt lat="37.27563" lon="-83.54037"><ele>363.2</ele><time>2025-09-20T00:21:33Z</time></trkpt><trkpt lat="37.275408" lon="-83.540438"><ele>364.5</ele><time>2025-09-20T00:21:35Z</time></trkpt><trkpt lat="37.27507" lon="-83.540514"><ele>365.2</ele><time>2025-09-20T00:21:38Z</time></trkpt><trkpt lat="37.274957" lon="-83.540532"><ele>365.0</ele><time>2025-09-20T00:21:39Z</time></trkpt><trkpt lat="37.274725" lon="-83.540527"><ele>364.2</ele><time>2025-09-20T00:21:41Z</time></trkpt><trkpt lat="37.2746" lon="-83.540511"><ele>364.2</ele><time>2025-09-20T00:21:42Z</time></trkpt><trkpt lat="37.274338" lon="-83.540457"><ele>363.5</ele><time>2025-09-20T00:21:44Z</time></trkpt><trkpt lat="37.274066" lon="-83.540361"><ele>362.4</ele><time>2025-09-20T00:21:46Z</time></trkpt><trkpt lat="37.273811" lon="-83.540226"><ele>361.6</ele><time>2025-09-20T00:21:48Z</time></trkpt><trkpt lat="37.273354" lon="-83.539938"><ele>361.3</ele><time>2025-09-20T00:21:52Z</time></trkpt><trkpt lat="37.273027" lon="-83.539752"><ele>363.6</ele><time>2025-09-20T00:21:55Z</time></trkpt><trkpt lat="37.272852" lon="-83.539617"><ele>363.7</ele><time>2025-09-20T00:21:57Z</time></trkpt><trkpt lat="37.272779" lon="-83.539533"><ele>364.0</ele><time>2025-09-20T00:21:58Z</time></trkpt><trkpt lat="37.272725" lon="-83.539441"><ele>363.9</ele><time>2025-09-20T00:21:59Z</time></trkpt><trkpt lat="37.272654" lon="-83.539245"><ele>363.4</ele><time>2025-09-20T00:22:01Z</time></trkpt><trkpt lat="37.272613" lon="-83.539167"><ele>363.0</ele><time>2025-09-20T00:22:02Z</time></trkpt><trkpt lat="37.272559" lon="-83.539106"><ele>363.2</ele><time>2025-09-20T00:22:03Z</time></trkpt><trkpt lat="37.272493" lon="-83.539067"><ele>363.0</ele><time>2025-09-20T00:22:04Z</time></trkpt><trkpt lat="37.27242" lon="-83.539051"><ele>363.0</ele><time>2025-09-20T00:22:05Z</time></trkpt><trkpt lat="37.272343" lon="-83.53907"><ele>363.1</ele><time>2025-09-20T00:22:06Z</time></trkpt><trkpt lat="37.272273" lon="-83.539115"><ele>363.6</ele><time>2025-09-20T00:22:07Z</time></trkpt><trkpt lat="37.272142" lon="-83.539244"><ele>364.4</ele><time>2025-09-20T00:22:09Z</time></trkpt><trkpt lat="37.271987" lon="-83.539348"><ele>364.6</ele><time>2025-09-20T00:22:11Z</time></trkpt><trkpt lat="37.271891" lon="-83.539387"><ele>364.9</ele><time>2025-09-20T00:22:12Z</time></trkpt><trkpt lat="37.271787" lon="-83.539405"><ele>365.7</ele><time>2025-09-20T00:22:13Z</time></trkpt><trkpt lat="37.271687" lon="-83.539396"><ele>366.1</ele><time>2025-09-20T00:22:14Z</time></trkpt><trkpt lat="37.271483" lon="-83.539351"><ele>367.2</ele><time>2025-09-20T00:22:16Z</time></trkpt><trkpt lat="37.271285" lon="-83.539273"><ele>367.9</ele><time>2025-09-20T00:22:18Z</time></trkpt><trkpt lat="37.271001" lon="-83.53912"><ele>367.0</ele><time>2025-09-20T00:22:21Z</time></trkpt><trkpt lat="37.270717" lon="-83.538929"><ele>364.8</ele><time>2025-09-20T00:22:24Z</time></trkpt><trkpt lat="37.270625" lon="-83.53885"><ele>363.9</ele><time>2025-09-20T00:22:25Z</time></trkpt><trkpt lat="37.270538" lon="-83.538757"><ele>363.1</ele><time>2025-09-20T00:22:26Z</time></trkpt><trkpt lat="37.270454" lon="-83.538645"><ele>362.5</ele><time>2025-09-20T00:22:27Z</time></trkpt><trkpt lat="37.270313" lon="-83.538381"><ele>363.0</ele><time>2025-09-20T00:22:29Z</time></trkpt><trkpt lat="37.270202" lon="-83.538094"><ele>363.0</ele><time>2025-09-20T00:22:31Z</time></trkpt><trkpt lat="37.270065" lon="-83.53769"><ele>362.1</ele><time>2025-09-20T00:22:34Z</time></trkpt><trkpt lat="37.269999" lon="-83.537427"><ele>362.7</ele><time>2025-09-20T00:22:36Z</time></trkpt><trkpt lat="37.269953" lon="-83.537172"><ele>363.9</ele><time>2025-09-20T00:22:38Z</time></trkpt><trkpt lat="37.26992" lon="-83.536787"><ele>364.1</ele><time>2025-09-20T00:22:41Z</time></trkpt><trkpt lat="37.269927" lon="-83.536652"><ele>363.9</ele><time>2025-09-20T00:22:42Z</time></trkpt><trkpt lat="37.270009" lon="-83.536096"><ele>363.5</ele><time>2025-09-20T00:22:46Z</time></trkpt><trkpt lat="37.270039" lon="-83.535687"><ele>364.8</ele><time>2025-09-20T00:22:49Z</time></trkpt><trkpt lat="37.270153" lon="-83.535287"><ele>365.0</ele><time>2025-09-20T00:22:52Z</time></trkpt><trkpt lat="37.270243" lon="-83.534853"><ele>368.8</ele><time>2025-09-20T00:22:55Z</time></trkpt><trkpt lat="37.270283" lon="-83.534725"><ele>370.5</ele><time>2025-09-20T00:22:56Z</time></trkpt><trkpt lat="37.270381" lon="-83.534492"><ele>372.5</ele><time>2025-09-20T00:22:58Z</time></trkpt><trkpt lat="37.270672" lon="-83.533956"><ele>375.7</ele><time>2025-09-20T00:23:03Z</time></trkpt><trkpt lat="37.270711" lon="-83.533849"><ele>376.0</ele><time>2025-09-20T00:23:04Z</time></trkpt><trkpt lat="37.270731" lon="-83.533722"><ele>376.4</ele><time>2025-09-20T00:23:05Z</time></trkpt><trkpt lat="37.270736" lon="-83.533461"><ele>375.9</ele><time>2025-09-20T00:23:07Z</time></trkpt><trkpt lat="37.270724" lon="-83.533208"><ele>375.5</ele><time>2025-09-20T00:23:09Z</time></trkpt><trkpt lat="37.270666" lon="-83.532662"><ele>376.4</ele><time>2025-09-20T00:23:13Z</time></trkpt><trkpt lat="37.270643" lon="-83.532227"><ele>377.2</ele><time>2025-09-20T00:23:16Z</time></trkpt><trkpt lat="37.270668" lon="-83.531442"><ele>374.7</ele><time>2025-09-20T00:23:21Z</time></trkpt><trkpt lat="37.270649" lon="-83.531283"><ele>373.9</ele><time>2025-09-20T00:23:22Z</time></trkpt><trkpt lat="37.27041" lon="-83.530501"><ele>376.1</ele><time>2025-09-20T00:23:28Z</time></trkpt><trkpt lat="37.270317" lon="-83.530275"><ele>376.8</ele><time>2025-09-20T00:23:30Z</time></trkpt><trkpt lat="37.270164" lon="-83.52997"><ele>378.8</ele><time>2025-09-20T00:23:33Z</time></trkpt><trkpt lat="37.270074" lon="-83.529756"><ele>379.4</ele><time>2025-09-20T00:23:35Z</time></trkpt><trkpt lat="37.269992" lon="-83.529523"><ele>379.6</ele><time>2025-09-20T00:23:37Z</time></trkpt><trkpt lat="37.269894" lon="-83.529169"><ele>377.9</ele><time>2025-09-20T00:23:41Z</time></trkpt><trkpt lat="37.269876" lon="-83.529072"><ele>378.3</ele><time>2025-09-20T00:23:43Z</time></trkpt><trkpt lat="37.269884" lon="-83.529021"><ele>378.9</ele><time>2025-09-20T00:23:44Z</time></trkpt><trkpt lat="37.269907" lon="-83.528983"><ele>379.2</ele><time>2025-09-20T00:23:45Z</time></trkpt><trkpt lat="37.270024" lon="-83.528881"><ele>382.4</ele><time>2025-09-20T00:23:50Z</time></trkpt><trkpt lat="37.270146" lon="-83.528741"><ele>385.3</ele><time>2025-09-20T00:23:54Z</time></trkpt><trkpt lat="37.270296" lon="-83.528601"><ele>385.9</ele><time>2025-09-20T00:23:57Z</time></trkpt><trkpt lat="37.270645" lon="-83.52833"><ele>386.8</ele><time>2025-09-20T00:24:03Z</time></trkpt><trkpt lat="37.27096" lon="-83.528026"><ele>388.6</ele><time>2025-09-20T00:24:09Z</time></trkpt><trkpt lat="37.271084" lon="-83.527948"><ele>389.5</ele><time>2025-09-20T00:24:11Z</time></trkpt><trkpt lat="37.271146" lon="-83.527923"><ele>389.9</ele><time>2025-09-20T00:24:12Z</time></trkpt><trkpt lat="37.271528" lon="-83.527825"><ele>394.3</ele><time>2025-09-20T00:24:18Z</time></trkpt><trkpt lat="37.271891" lon="-83.527709"><ele>398.3</ele><time>2025-09-20T00:24:23Z</time></trkpt><trkpt lat="37.27248" lon="-83.527624"><ele>405.0</ele><time>2025-09-20T00:24:31Z</time></trkpt><trkpt lat="37.272604" lon="-83.527621"><ele>406.6</ele><time>2025-09-20T00:24:33Z</time></trkpt><trkpt lat="37.272903" lon="-83.527675"><ele>411.0</ele><time>2025-09-20T00:24:38Z</time></trkpt><trkpt lat="37.273118" lon="-83.527679"><ele>413.8</ele><time>2025-09-20T00:24:41Z</time></trkpt><trkpt lat="37.273347" lon="-83.527665"><ele>415.9</ele><time>2025-09-20T00:24:44Z</time></trkpt><trkpt lat="37.273498" lon="-83.527669"><ele>417.5</ele><time>2025-09-20T00:24:45Z</time></trkpt><trkpt lat="37.273867" lon="-83.527709"><ele>420.1</ele><time>2025-09-20T00:24:50Z</time></trkpt><trkpt lat="37.273979" lon="-83.527735"><ele>421.1</ele><time>2025-09-20T00:24:52Z</time></trkpt><trkpt lat="37.274134" lon="-83.527823"><ele>422.3</ele><time>2025-09-20T00:24:55Z</time></trkpt><trkpt lat="37.274281" lon="-83.527867"><ele>425.6</ele><time>2025-09-20T00:24:58Z</time></trkpt><trkpt lat="37.274328" lon="-83.52789"><ele>426.4</ele><time>2025-09-20T00:24:59Z</time></trkpt><trkpt lat="37.274379" lon="-83.527922"><ele>427.1</ele><time>2025-09-20T00:25:00Z</time></trkpt><trkpt lat="37.274467" lon="-83.528015"><ele>428.1</ele><time>2025-09-20T00:25:03Z</time></trkpt><trkpt lat="37.274657" lon="-83.52829"><ele>429.5</ele><time>2025-09-20T00:25:08Z</time></trkpt><trkpt lat="37.274718" lon="-83.528416"><ele>430.0</ele><time>2025-09-20T00:25:10Z</time></trkpt><trkpt lat="37.274824" lon="-83.528698"><ele>433.4</ele><time>2025-09-20T00:25:15Z</time></trkpt><trkpt lat="37.274913" lon="-83.528842"><ele>435.8</ele><time>2025-09-20T00:25:19Z</time></trkpt><trkpt lat="37.274955" lon="-83.528888"><ele>436.7</ele><time>2025-09-20T00:25:21Z</time></trkpt><trkpt lat="37.275039" lon="-83.528944"><ele>438.2</ele><time>2025-09-20T00:25:24Z</time></trkpt><trkpt lat="37.275228" lon="-83.528991"><ele>440.0</ele><time>2025-09-20T00:25:30Z</time></trkpt><trkpt lat="37.275594" lon="-83.529028"><ele>447.4</ele><time>2025-09-20T00:25:42Z</time></trkpt><trkpt lat="37.275668" lon="-83.529061"><ele>449.0</ele><time>2025-09-20T00:25:44Z</time></trkpt><trkpt lat="37.275745" lon="-83.529125"><ele>450.6</ele><time>2025-09-20T00:25:46Z</time></trkpt><trkpt lat="37.27589" lon="-83.529304"><ele>453.2</ele><time>2025-09-20T00:25:50Z</time></trkpt><trkpt lat="37.276176" lon="-83.529588"><ele>454.6</ele><time>2025-09-20T00:25:57Z</time></trkpt><trkpt lat="37.276798" lon="-83.530085"><ele>454.3</ele><time>2025-09-20T00:26:11Z</time></trkpt><trkpt lat="37.277008" lon="-83.530232"><ele>453.3</ele><time>2025-09-20T00:26:15Z</time></trkpt><trkpt lat="37.277158" lon="-83.53035"><ele>452.6</ele><time>2025-09-20T00:26:18Z</time></trkpt><trkpt lat="37.277248" lon="-83.530386"><ele>452.5</ele><time>2025-09-20T00:26:20Z</time></trkpt><trkpt lat="37.277337" lon="-83.530386"><ele>452.3</ele><time>2025-09-20T00:26:22Z</time></trkpt><trkpt lat="37.277419" lon="-83.530357"><ele>451.5</ele><time>2025-09-20T00:26:24Z</time></trkpt><trkpt lat="37.277483" lon="-83.530312"><ele>451.0</ele><time>2025-09-20T00:26:26Z</time></trkpt><trkpt lat="37.27756" lon="-83.530236"><ele>450.7</ele><time>2025-09-20T00:26:29Z</time></trkpt><trkpt lat="37.27772" lon="-83.530038"><ele>449.3</ele><time>2025-09-20T00:26:34Z</time></trkpt><trkpt lat="37.277891" lon="-83.529782"><ele>448.2</ele><time>2025-09-20T00:26:39Z</time></trkpt><trkpt lat="37.278139" lon="-83.529515"><ele>446.9</ele><time>2025-09-20T00:26:45Z</time></trkpt><trkpt lat="37.278269" lon="-83.529361"><ele>446.8</ele><time>2025-09-20T00:26:48Z</time></trkpt><trkpt lat="37.278425" lon="-83.52912"><ele>446.5</ele><time>2025-09-20T00:26:51Z</time></trkpt><trkpt lat="37.27856" lon="-83.52887"><ele>446.1</ele><time>2025-09-20T00:26:55Z</time></trkpt><trkpt lat="37.278622" lon="-83.528727"><ele>446.2</ele><time>2025-09-20T00:26:57Z</time></trkpt><trkpt lat="37.27895" lon="-83.527626"><ele>447.8</ele><time>2025-09-20T00:27:10Z</time></trkpt><trkpt lat="37.279104" lon="-83.527225"><ele>448.6</ele><time>2025-09-20T00:27:16Z</time></trkpt><trkpt lat="37.279206" lon="-83.52692"><ele>449.0</ele><time>2025-09-20T00:27:20Z</time></trkpt><trkpt lat="37.279274" lon="-83.526665"><ele>449.2</ele><time>2025-09-20T00:27:23Z</time></trkpt><trkpt lat="37.279398" lon="-83.526097"><ele>452.6</ele><time>2025-09-20T00:27:29Z</time></trkpt><trkpt lat="37.279527" lon="-83.525829"><ele>454.5</ele><time>2025-09-20T00:27:33Z</time></trkpt><trkpt lat="37.279614" lon="-83.525707"><ele>454.6</ele><time>2025-09-20T00:27:35Z</time></trkpt><trkpt lat="37.279758" lon="-83.52556"><ele>455.5</ele><time>2025-09-20T00:27:38Z</time></trkpt><trkpt lat="37.280254" lon="-83.52524"><ele>456.8</ele><time>2025-09-20T00:27:48Z</time></trkpt><trkpt lat="37.28052" lon="-83.525038"><ele>457.2</ele><time>2025-09-20T00:27:53Z</time></trkpt><trkpt lat="37.280635" lon="-83.524896"><ele>457.5</ele><time>2025-09-20T00:27:56Z</time></trkpt><trkpt lat="37.28069" lon="-83.524788"><ele>457.9</ele><time>2025-09-20T00:27:58Z</time></trkpt><trkpt lat="37.28076" lon="-83.524592"><ele>458.6</ele><time>2025-09-20T00:28:01Z</time></trkpt><trkpt lat="37.280845" lon="-83.524202"><ele>460.2</ele><time>2025-09-20T00:28:06Z</time></trkpt><trkpt lat="37.280913" lon="-83.523777"><ele>459.9</ele><time>2025-09-20T00:28:11Z</time></trkpt><trkpt lat="37.280926" lon="-83.523607"><ele>459.8</ele><time>2025-09-20T00:28:13Z</time></trkpt><trkpt lat="37.280911" lon="-83.523358"><ele>459.8</ele><time>2025-09-20T00:28:16Z</time></trkpt><trkpt lat="37.280851" lon="-83.523048"><ele>459.6</ele><time>2025-09-20T00:28:20Z</time></trkpt><trkpt lat="37.280751" lon="-83.522684"><ele>459.2</ele><time>2025-09-20T00:28:25Z</time></trkpt><trkpt lat="37.280589" lon="-83.522261"><ele>459.1</ele><time>2025-09-20T00:28:31Z</time></trkpt><trkpt lat="37.280482" lon="-83.522096"><ele>460.1</ele><time>2025-09-20T00:28:34Z</time></trkpt><trkpt lat="37.280438" lon="-83.52198"><ele>460.1</ele><time>2025-09-20T00:28:36Z</time></trkpt><trkpt lat="37.280385" lon="-83.521447"><ele>461.3</ele><time>2025-09-20T00:28:44Z</time></trkpt><trkpt lat="37.280316" lon="-83.520917"><ele>462.9</ele><time>2025-09-20T00:28:51Z</time></trkpt><trkpt lat="37.28028" lon="-83.520481"><ele>464.0</ele><time>2025-09-20T00:28:57Z</time></trkpt><trkpt lat="37.280277" lon="-83.520165"><ele>465.2</ele><time>2025-09-20T00:29:01Z</time></trkpt><trkpt lat="37.28031" lon="-83.519951"><ele>464.9</ele><time>2025-09-20T00:29:05Z</time></trkpt><trkpt lat="37.280352" lon="-83.51985"><ele>464.1</ele><time>2025-09-20T00:29:07Z</time></trkpt><trkpt lat="37.280383" lon="-83.519805"><ele>463.7</ele><time>2025-09-20T00:29:08Z</time></trkpt><trkpt lat="37.28045" lon="-83.519737"><ele>462.8</ele><time>2025-09-20T00:29:10Z</time></trkpt><trkpt lat="37.280547" lon="-83.519667"><ele>461.4</ele><time>2025-09-20T00:29:13Z</time></trkpt><trkpt lat="37.280639" lon="-83.51962"><ele>460.1</ele><time>2025-09-20T00:29:16Z</time></trkpt><trkpt lat="37.280721" lon="-83.519603"><ele>459.0</ele><time>2025-09-20T00:29:18Z</time></trkpt><trkpt lat="37.280833" lon="-83.519603"><ele>457.4</ele><time>2025-09-20T00:29:22Z</time></trkpt><trkpt lat="37.281278" lon="-83.519666"><ele>451.3</ele><time>2025-09-20T00:29:40Z</time></trkpt><trkpt lat="37.281376" lon="-83.519671"><ele>450.5</ele><time>2025-09-20T00:29:43Z</time></trkpt><trkpt lat="37.281452" lon="-83.519666"><ele>450.3</ele><time>2025-09-20T00:29:45Z</time></trkpt><trkpt lat="37.281673" lon="-83.519619"><ele>450.7</ele><time>2025-09-20T00:29:50Z</time></trkpt><trkpt lat="37.281718" lon="-83.519618"><ele>450.7</ele><time>2025-09-20T00:29:51Z</time></trkpt><trkpt lat="37.281859" lon="-83.519632"><ele>450.9</ele><time>2025-09-20T00:29:54Z</time></trkpt><trkpt lat="37.282339" lon="-83.519741"><ele>451.2</ele><time>2025-09-20T00:30:05Z</time></trkpt><trkpt lat="37.282408" lon="-83.519738"><ele>451.3</ele><time>2025-09-20T00:30:07Z</time></trkpt><trkpt lat="37.282439" lon="-83.51972"><ele>451.5</ele><time>2025-09-20T00:30:08Z</time></trkpt><trkpt lat="37.282498" lon="-83.519668"><ele>451.0</ele><time>2025-09-20T00:30:10Z</time></trkpt><trkpt lat="37.282524" lon="-83.51963"><ele>452.7</ele><time>2025-09-20T00:30:12Z</time></trkpt><trkpt lat="37.282612" lon="-83.519454"><ele>454.0</ele><time>2025-09-20T00:30:16Z</time></trkpt><trkpt lat="37.282655" lon="-83.519336"><ele>454.6</ele><time>2025-09-20T00:30:18Z</time></trkpt><trkpt lat="37.282678" lon="-83.519216"><ele>455.0</ele><time>2025-09-20T00:30:20Z</time></trkpt><trkpt lat="37.28267" lon="-83.519047"><ele>455.7</ele><time>2025-09-20T00:30:23Z</time></trkpt><trkpt lat="37.282645" lon="-83.518935"><ele>456.1</ele><time>2025-09-20T00:30:25Z</time></trkpt><trkpt lat="37.282607" lon="-83.518825"><ele>456.5</ele><time>2025-09-20T00:30:27Z</time></trkpt><trkpt lat="37.282286" lon="-83.51826"><ele>458.4</ele><time>2025-09-20T00:30:37Z</time></trkpt><trkpt lat="37.282212" lon="-83.518108"><ele>459.0</ele><time>2025-09-20T00:30:40Z</time></trkpt><trkpt lat="37.282107" lon="-83.517845"><ele>459.5</ele><time>2025-09-20T00:30:45Z</time></trkpt><trkpt lat="37.282032" lon="-83.517599"><ele>459.3</ele><time>2025-09-20T00:30:51Z</time></trkpt><trkpt lat="37.281967" lon="-83.517457"><ele>459.1</ele><time>2025-09-20T00:30:55Z</time></trkpt><trkpt lat="37.281968" lon="-83.517422"><ele>459.2</ele><time>2025-09-20T00:30:56Z</time></trkpt><trkpt lat="37.282049" lon="-83.517198"><ele>456.0</ele><time>2025-09-20T00:31:03Z</time></trkpt><trkpt lat="37.282146" lon="-83.516882"><ele>454.0</ele><time>2025-09-20T00:31:16Z</time></trkpt><trkpt lat="37.282246" lon="-83.516802"><ele>454.5</ele><time>2025-09-20T00:31:21Z</time></trkpt><trkpt lat="37.282471" lon="-83.516571"><ele>452.5</ele><time>2025-09-20T00:31:33Z</time></trkpt><trkpt lat="37.282671" lon="-83.516426"><ele>452.0</ele><time>2025-09-20T00:31:39Z</time></trkpt><trkpt lat="37.282735" lon="-83.516364"><ele>453.1</ele><time>2025-09-20T00:31:41Z</time></trkpt><trkpt lat="37.282816" lon="-83.516237"><ele>454.0</ele><time>2025-09-20T00:31:44Z</time></trkpt><trkpt lat="37.282937" lon="-83.516004"><ele>454.4</ele><time>2025-09-20T00:31:50Z</time></trkpt><trkpt lat="37.283075" lon="-83.515824"><ele>454.0</ele><time>2025-09-20T00:31:55Z</time></trkpt><trkpt lat="37.28309" lon="-83.515776"><ele>453.8</ele><time>2025-09-20T00:32:53Z</time></trkpt></trkseg></trk></gpx>