<?xml version="1.0" encoding="UTF-8" standalone="yes"?>
<?xml-stylesheet type="text/xsl" href="details.xsl"?>
<gpx
 version="1.1"
 creator="GaiaGPS for Android"
 xmlns:xsi="http://www.w3.org/2001/XMLSchema-instance"
 xmlns="http://www.topografix.com/GPX/1/1"
 xmlns:topografix="http://www.topografix.com/GPX/Private/TopoGrafix/0/1"
 xsi:schemaLocation="http://www.topografix.com/GPX/1/1 http://www.topografix.com/GPX/1/1/gpx.xsd http://www.topografix.com/GPX/Private/TopoGrafix/0/1 http://www.topografix.com/GPX/Private/TopoGrafix/0/1/topografix.xsd">
<wpt lat="40.546725" lon="-82.213064">
<ele>346</ele>
<time>2026-02-28T16:35:03Z</time>
<name><![CDATA[bumpy dirt road]]></name>
<desc></desc>
<sym>red-pin-down</sym>
</wpt>
<wpt lat="40.529019" lon="-82.213072">
<ele>349</ele>
<time>2026-02-28T16:41:50Z</time>
<name><![CDATA[bumpy dirt road]]></name>
<desc></desc>
<sym>red-pin-down</sym>
</wpt>
<wpt lat="40.524181" lon="-82.203344">
<ele>0</ele>
<time>2026-02-28T16:44:10Z</time>
<name><![CDATA[end of dirt]]></name>
<desc></desc>
<sym>red-pin-down</sym>
</wpt>
<wpt lat="40.5114" lon="-82.20564">
<ele>0</ele>
<time>2026-02-28T16:46:43Z</time>
<name><![CDATA[bumpy dirt road]]></name>
<desc></desc>
<sym>red-pin-down</sym>
</wpt>
<wpt lat="40.506263" lon="-82.202792">
<ele>326</ele>
<time>2026-02-28T16:49:04Z</time>
<name><![CDATA[twisty, minor flex , small rocks]]></name>
<desc></desc>
<sym>red-pin-down</sym>
</wpt>
<wpt lat="40.504039" lon="-82.200357">
<ele>0</ele>
<time>2026-02-28T16:51:47Z</time>
<name><![CDATA[bigger flex, fun]]></name>
<desc></desc>
<sym>red-pin-down</sym>
</wpt>
<trk>
<name><![CDATA[squirrel camp 2026]]></name>
<desc></desc>
<number>902</number>
<extensions>
<line xmlns="http://www.topografix.com/GPX/gpx_style/0/2">
<color>2D3FC7</color>
</line>
</extensions>
<trkseg>
<trkpt lat="40.545308" lon="-82.214537">
<ele>343.5</ele>
<time>2026-02-28T16:34:46Z</time>
</trkpt>
<trkpt lat="40.545248" lon="-82.215071">
<ele>354.8</ele>
<time>2026-02-28T16:34:55Z</time>
</trkpt>
<trkpt lat="40.545242" lon="-82.215138">
<ele>356.5</ele>
<time>2026-02-28T16:34:56Z</time>
</trkpt>
<trkpt lat="40.545243" lon="-82.215341">
<ele>358.7</ele>
<time>2026-02-28T16:34:59Z</time>
</trkpt>
<trkpt lat="40.545224" lon="-82.215807">
<ele>363.4</ele>
<time>2026-02-28T16:35:05Z</time>
</trkpt>
<trkpt lat="40.545226" lon="-82.215879">
<ele>363.8</ele>
<time>2026-02-28T16:35:06Z</time>
</trkpt>
<trkpt lat="40.54523" lon="-82.216242">
<ele>369</ele>
<time>2026-02-28T16:35:11Z</time>
</trkpt>
<trkpt lat="40.545251" lon="-82.216373">
<ele>370.4</ele>
<time>2026-02-28T16:35:13Z</time>
</trkpt>
<trkpt lat="40.545285" lon="-82.216497">
<ele>370.6</ele>
<time>2026-02-28T16:35:15Z</time>
</trkpt>
<trkpt lat="40.545303" lon="-82.216558">
<ele>370.5</ele>
<time>2026-02-28T16:35:16Z</time>
</trkpt>
<trkpt lat="40.545306" lon="-82.216635">
<ele>371.5</ele>
<time>2026-02-28T16:35:17Z</time>
</trkpt>
<trkpt lat="40.545276" lon="-82.216691">
<ele>372.5</ele>
<time>2026-02-28T16:35:18Z</time>
</trkpt>
<trkpt lat="40.545217" lon="-82.216735">
<ele>373.3</ele>
<time>2026-02-28T16:35:19Z</time>
</trkpt>
<trkpt lat="40.54506" lon="-82.216817">
<ele>372.9</ele>
<time>2026-02-28T16:35:21Z</time>
</trkpt>
<trkpt lat="40.544737" lon="-82.217062">
<ele>370</ele>
<time>2026-02-28T16:35:25Z</time>
</trkpt>
<trkpt lat="40.544663" lon="-82.217125">
<ele>370.6</ele>
<time>2026-02-28T16:35:26Z</time>
</trkpt>
<trkpt lat="40.544023" lon="-82.217724">
<ele>379</ele>
<time>2026-02-28T16:35:35Z</time>
</trkpt>
<trkpt lat="40.543952" lon="-82.217795">
<ele>379.9</ele>
<time>2026-02-28T16:35:36Z</time>
</trkpt>
<trkpt lat="40.543763" lon="-82.217998">
<ele>380.3</ele>
<time>2026-02-28T16:35:39Z</time>
</trkpt>
<trkpt lat="40.543625" lon="-82.218101">
<ele>382.6</ele>
<time>2026-02-28T16:35:41Z</time>
</trkpt>
<trkpt lat="40.54353" lon="-82.218152">
<ele>384.1</ele>
<time>2026-02-28T16:35:42Z</time>
</trkpt>
<trkpt lat="40.543347" lon="-82.218227">
<ele>382.8</ele>
<time>2026-02-28T16:35:44Z</time>
</trkpt>
<trkpt lat="40.543252" lon="-82.218243">
<ele>381.7</ele>
<time>2026-02-28T16:35:45Z</time>
</trkpt>
<trkpt lat="40.543164" lon="-82.218243">
<ele>381.9</ele>
<time>2026-02-28T16:35:46Z</time>
</trkpt>
<trkpt lat="40.542931" lon="-82.218199">
<ele>383.5</ele>
<time>2026-02-28T16:35:49Z</time>
</trkpt>
<trkpt lat="40.542421" lon="-82.218163">
<ele>386.5</ele>
<time>2026-02-28T16:35:55Z</time>
</trkpt>
<trkpt lat="40.542346" lon="-82.218175">
<ele>387.6</ele>
<time>2026-02-28T16:35:56Z</time>
</trkpt>
<trkpt lat="40.542209" lon="-82.218196">
<ele>388</ele>
<time>2026-02-28T16:35:58Z</time>
</trkpt>
<trkpt lat="40.542145" lon="-82.218194">
<ele>387.7</ele>
<time>2026-02-28T16:35:59Z</time>
</trkpt>
<trkpt lat="40.541897" lon="-82.21816">
<ele>387.9</ele>
<time>2026-02-28T16:36:03Z</time>
</trkpt>
<trkpt lat="40.541784" lon="-82.218128">
<ele>388.9</ele>
<time>2026-02-28T16:36:05Z</time>
</trkpt>
<trkpt lat="40.541735" lon="-82.218111">
<ele>388.6</ele>
<time>2026-02-28T16:36:06Z</time>
</trkpt>
<trkpt lat="40.541625" lon="-82.218085">
<ele>387.2</ele>
<time>2026-02-28T16:36:08Z</time>
</trkpt>
<trkpt lat="40.541521" lon="-82.218047">
<ele>386</ele>
<time>2026-02-28T16:36:10Z</time>
</trkpt>
<trkpt lat="40.54139" lon="-82.217978">
<ele>385.9</ele>
<time>2026-02-28T16:36:13Z</time>
</trkpt>
<trkpt lat="40.541335" lon="-82.217922">
<ele>385.6</ele>
<time>2026-02-28T16:36:15Z</time>
</trkpt>
<trkpt lat="40.541315" lon="-82.217885">
<ele>386.2</ele>
<time>2026-02-28T16:36:16Z</time>
</trkpt>
<trkpt lat="40.541254" lon="-82.217718">
<ele>387.2</ele>
<time>2026-02-28T16:36:21Z</time>
</trkpt>
<trkpt lat="40.541225" lon="-82.217598">
<ele>386</ele>
<time>2026-02-28T16:36:25Z</time>
</trkpt>
<trkpt lat="40.541212" lon="-82.217508">
<ele>385.8</ele>
<time>2026-02-28T16:36:27Z</time>
</trkpt>
<trkpt lat="40.541169" lon="-82.217091">
<ele>392.6</ele>
<time>2026-02-28T16:36:38Z</time>
</trkpt>
<trkpt lat="40.541178" lon="-82.216974">
<ele>389.2</ele>
<time>2026-02-28T16:36:44Z</time>
</trkpt>
<trkpt lat="40.541174" lon="-82.216953">
<ele>389.1</ele>
<time>2026-02-28T16:36:45Z</time>
</trkpt>
<trkpt lat="40.54113" lon="-82.216746">
<ele>388</ele>
<time>2026-02-28T16:36:52Z</time>
</trkpt>
<trkpt lat="40.541102" lon="-82.21666">
<ele>387.8</ele>
<time>2026-02-28T16:36:54Z</time>
</trkpt>
<trkpt lat="40.541083" lon="-82.216633">
<ele>384.6</ele>
<time>2026-02-28T16:36:55Z</time>
</trkpt>
<trkpt lat="40.541068" lon="-82.216606">
<ele>386.5</ele>
<time>2026-02-28T16:36:56Z</time>
</trkpt>
<trkpt lat="40.540946" lon="-82.216346">
<ele>390</ele>
<time>2026-02-28T16:37:03Z</time>
</trkpt>
<trkpt lat="40.540905" lon="-82.216319">
<ele>390.2</ele>
<time>2026-02-28T16:37:05Z</time>
</trkpt>
<trkpt lat="40.540878" lon="-82.216306">
<ele>390.6</ele>
<time>2026-02-28T16:37:06Z</time>
</trkpt>
<trkpt lat="40.540775" lon="-82.21626">
<ele>392.3</ele>
<time>2026-02-28T16:37:10Z</time>
</trkpt>
<trkpt lat="40.540737" lon="-82.216256">
<ele>393.5</ele>
<time>2026-02-28T16:37:12Z</time>
</trkpt>
<trkpt lat="40.540703" lon="-82.216271">
<ele>394.4</ele>
<time>2026-02-28T16:37:14Z</time>
</trkpt>
<trkpt lat="40.540666" lon="-82.216272">
<ele>394.6</ele>
<time>2026-02-28T16:37:16Z</time>
</trkpt>
<trkpt lat="40.54064" lon="-82.216263">
<ele>394.3</ele>
<time>2026-02-28T16:37:17Z</time>
</trkpt>
<trkpt lat="40.540554" lon="-82.21625">
<ele>393.5</ele>
<time>2026-02-28T16:37:21Z</time>
</trkpt>
<trkpt lat="40.540484" lon="-82.216273">
<ele>393.4</ele>
<time>2026-02-28T16:37:25Z</time>
</trkpt>
<trkpt lat="40.540439" lon="-82.216276">
<ele>393.5</ele>
<time>2026-02-28T16:37:27Z</time>
</trkpt>
<trkpt lat="40.540422" lon="-82.216277">
<ele>393.5</ele>
<time>2026-02-28T16:37:28Z</time>
</trkpt>
<trkpt lat="40.540357" lon="-82.216286">
<ele>391.4</ele>
<time>2026-02-28T16:37:31Z</time>
</trkpt>
<trkpt lat="40.540229" lon="-82.21626">
<ele>392.7</ele>
<time>2026-02-28T16:37:35Z</time>
</trkpt>
<trkpt lat="40.540168" lon="-82.216262">
<ele>391.5</ele>
<time>2026-02-28T16:37:37Z</time>
</trkpt>
<trkpt lat="40.540139" lon="-82.216264">
<ele>390.8</ele>
<time>2026-02-28T16:37:38Z</time>
</trkpt>
<trkpt lat="40.54" lon="-82.216271">
<ele>390.3</ele>
<time>2026-02-28T16:37:43Z</time>
</trkpt>
<trkpt lat="40.539872" lon="-82.216266">
<ele>392.9</ele>
<time>2026-02-28T16:37:47Z</time>
</trkpt>
<trkpt lat="40.539836" lon="-82.216266">
<ele>392.2</ele>
<time>2026-02-28T16:37:48Z</time>
</trkpt>
<trkpt lat="40.539587" lon="-82.216303">
<ele>390.3</ele>
<time>2026-02-28T16:37:56Z</time>
</trkpt>
<trkpt lat="40.539564" lon="-82.216314">
<ele>390.7</ele>
<time>2026-02-28T16:37:57Z</time>
</trkpt>
<trkpt lat="40.539522" lon="-82.216332">
<ele>391.5</ele>
<time>2026-02-28T16:37:58Z</time>
</trkpt>
<trkpt lat="40.539349" lon="-82.216408">
<ele>394.3</ele>
<time>2026-02-28T16:38:03Z</time>
</trkpt>
<trkpt lat="40.5392" lon="-82.216513">
<ele>394.2</ele>
<time>2026-02-28T16:38:07Z</time>
</trkpt>
<trkpt lat="40.539179" lon="-82.216522">
<ele>394.4</ele>
<time>2026-02-28T16:38:08Z</time>
</trkpt>
<trkpt lat="40.539129" lon="-82.216552">
<ele>394.4</ele>
<time>2026-02-28T16:38:11Z</time>
</trkpt>
<trkpt lat="40.539088" lon="-82.216562">
<ele>393.4</ele>
<time>2026-02-28T16:38:13Z</time>
</trkpt>
<trkpt lat="40.53905" lon="-82.216549">
<ele>393.2</ele>
<time>2026-02-28T16:38:15Z</time>
</trkpt>
<trkpt lat="40.539021" lon="-82.216524">
<ele>392.4</ele>
<time>2026-02-28T16:38:17Z</time>
</trkpt>
<trkpt lat="40.539007" lon="-82.216511">
<ele>392.2</ele>
<time>2026-02-28T16:38:18Z</time>
</trkpt>
<trkpt lat="40.538951" lon="-82.216407">
<ele>392.1</ele>
<time>2026-02-28T16:38:23Z</time>
</trkpt>
<trkpt lat="40.538919" lon="-82.216317">
<ele>391.1</ele>
<time>2026-02-28T16:38:27Z</time>
</trkpt>
<trkpt lat="40.538913" lon="-82.216299">
<ele>390.9</ele>
<time>2026-02-28T16:38:28Z</time>
</trkpt>
<trkpt lat="40.538807" lon="-82.216083">
<ele>389.7</ele>
<time>2026-02-28T16:38:37Z</time>
</trkpt>
<trkpt lat="40.538797" lon="-82.216058">
<ele>389.3</ele>
<time>2026-02-28T16:38:38Z</time>
</trkpt>
<trkpt lat="40.53878" lon="-82.21598">
<ele>388</ele>
<time>2026-02-28T16:38:41Z</time>
</trkpt>
<trkpt lat="40.538741" lon="-82.215881">
<ele>386.3</ele>
<time>2026-02-28T16:38:45Z</time>
</trkpt>
<trkpt lat="40.538709" lon="-82.215833">
<ele>385.9</ele>
<time>2026-02-28T16:38:47Z</time>
</trkpt>
<trkpt lat="40.538689" lon="-82.21581">
<ele>385.9</ele>
<time>2026-02-28T16:38:48Z</time>
</trkpt>
<trkpt lat="40.538665" lon="-82.215788">
<ele>386.2</ele>
<time>2026-02-28T16:38:49Z</time>
</trkpt>
<trkpt lat="40.538367" lon="-82.215618">
<ele>382.3</ele>
<time>2026-02-28T16:38:57Z</time>
</trkpt>
<trkpt lat="40.538324" lon="-82.215588">
<ele>382.3</ele>
<time>2026-02-28T16:38:58Z</time>
</trkpt>
<trkpt lat="40.538193" lon="-82.215492">
<ele>382.1</ele>
<time>2026-02-28T16:39:01Z</time>
</trkpt>
<trkpt lat="40.537936" lon="-82.215267">
<ele>381.8</ele>
<time>2026-02-28T16:39:07Z</time>
</trkpt>
<trkpt lat="40.537895" lon="-82.215232">
<ele>381.5</ele>
<time>2026-02-28T16:39:08Z</time>
</trkpt>
<trkpt lat="40.537494" lon="-82.214891">
<ele>381.2</ele>
<time>2026-02-28T16:39:17Z</time>
</trkpt>
<trkpt lat="40.537447" lon="-82.214863">
<ele>383.6</ele>
<time>2026-02-28T16:39:18Z</time>
</trkpt>
<trkpt lat="40.537369" lon="-82.214808">
<ele>383.6</ele>
<time>2026-02-28T16:39:20Z</time>
</trkpt>
<trkpt lat="40.537172" lon="-82.214737">
<ele>380.8</ele>
<time>2026-02-28T16:39:25Z</time>
</trkpt>
<trkpt lat="40.537116" lon="-82.214695">
<ele>379.8</ele>
<time>2026-02-28T16:39:27Z</time>
</trkpt>
<trkpt lat="40.537087" lon="-82.214669">
<ele>380.3</ele>
<time>2026-02-28T16:39:28Z</time>
</trkpt>
<trkpt lat="40.53697" lon="-82.214575">
<ele>381.1</ele>
<time>2026-02-28T16:39:31Z</time>
</trkpt>
<trkpt lat="40.536848" lon="-82.214492">
<ele>381</ele>
<time>2026-02-28T16:39:34Z</time>
</trkpt>
<trkpt lat="40.53675" lon="-82.214443">
<ele>381.2</ele>
<time>2026-02-28T16:39:36Z</time>
</trkpt>
<trkpt lat="40.536692" lon="-82.21443">
<ele>384.1</ele>
<time>2026-02-28T16:39:37Z</time>
</trkpt>
<trkpt lat="40.536634" lon="-82.214412">
<ele>384.2</ele>
<time>2026-02-28T16:39:38Z</time>
</trkpt>
<trkpt lat="40.536446" lon="-82.214333">
<ele>384.3</ele>
<time>2026-02-28T16:39:41Z</time>
</trkpt>
<trkpt lat="40.536184" lon="-82.214265">
<ele>386</ele>
<time>2026-02-28T16:39:47Z</time>
</trkpt>
<trkpt lat="40.536134" lon="-82.214248">
<ele>386.3</ele>
<time>2026-02-28T16:39:48Z</time>
</trkpt>
<trkpt lat="40.536039" lon="-82.214221">
<ele>386.4</ele>
<time>2026-02-28T16:39:50Z</time>
</trkpt>
<trkpt lat="40.535712" lon="-82.214093">
<ele>385.5</ele>
<time>2026-02-28T16:39:57Z</time>
</trkpt>
<trkpt lat="40.535645" lon="-82.214079">
<ele>385.7</ele>
<time>2026-02-28T16:39:58Z</time>
</trkpt>
<trkpt lat="40.535439" lon="-82.214041">
<ele>386</ele>
<time>2026-02-28T16:40:01Z</time>
</trkpt>
<trkpt lat="40.535274" lon="-82.213986">
<ele>385.5</ele>
<time>2026-02-28T16:40:04Z</time>
</trkpt>
<trkpt lat="40.535106" lon="-82.213957">
<ele>387.4</ele>
<time>2026-02-28T16:40:07Z</time>
</trkpt>
<trkpt lat="40.535051" lon="-82.213943">
<ele>387.2</ele>
<time>2026-02-28T16:40:08Z</time>
</trkpt>
<trkpt lat="40.534809" lon="-82.213861">
<ele>385.7</ele>
<time>2026-02-28T16:40:14Z</time>
</trkpt>
<trkpt lat="40.5347" lon="-82.213805">
<ele>383.9</ele>
<time>2026-02-28T16:40:17Z</time>
</trkpt>
<trkpt lat="40.534672" lon="-82.213787">
<ele>383.4</ele>
<time>2026-02-28T16:40:18Z</time>
</trkpt>
<trkpt lat="40.53464" lon="-82.21377">
<ele>383.2</ele>
<time>2026-02-28T16:40:19Z</time>
</trkpt>
<trkpt lat="40.534525" lon="-82.21374">
<ele>382.3</ele>
<time>2026-02-28T16:40:22Z</time>
</trkpt>
<trkpt lat="40.53431" lon="-82.213719">
<ele>381.6</ele>
<time>2026-02-28T16:40:26Z</time>
</trkpt>
<trkpt lat="40.534244" lon="-82.213722">
<ele>382.5</ele>
<time>2026-02-28T16:40:27Z</time>
</trkpt>
<trkpt lat="40.534192" lon="-82.213727">
<ele>382</ele>
<time>2026-02-28T16:40:28Z</time>
</trkpt>
<trkpt lat="40.534148" lon="-82.213729">
<ele>381.3</ele>
<time>2026-02-28T16:40:29Z</time>
</trkpt>
<trkpt lat="40.534114" lon="-82.213746">
<ele>381.4</ele>
<time>2026-02-28T16:40:30Z</time>
</trkpt>
<trkpt lat="40.533903" lon="-82.213739">
<ele>380.3</ele>
<time>2026-02-28T16:40:35Z</time>
</trkpt>
<trkpt lat="40.533791" lon="-82.213753">
<ele>380.2</ele>
<time>2026-02-28T16:40:37Z</time>
</trkpt>
<trkpt lat="40.533732" lon="-82.213762">
<ele>380.2</ele>
<time>2026-02-28T16:40:38Z</time>
</trkpt>
<trkpt lat="40.533488" lon="-82.213782">
<ele>378.9</ele>
<time>2026-02-28T16:40:42Z</time>
</trkpt>
<trkpt lat="40.533213" lon="-82.213762">
<ele>375.8</ele>
<time>2026-02-28T16:40:47Z</time>
</trkpt>
<trkpt lat="40.533152" lon="-82.213764">
<ele>374.7</ele>
<time>2026-02-28T16:40:48Z</time>
</trkpt>
<trkpt lat="40.532762" lon="-82.21379">
<ele>373.2</ele>
<time>2026-02-28T16:40:54Z</time>
</trkpt>
<trkpt lat="40.532559" lon="-82.213793">
<ele>371.4</ele>
<time>2026-02-28T16:40:57Z</time>
</trkpt>
<trkpt lat="40.532497" lon="-82.213794">
<ele>370.7</ele>
<time>2026-02-28T16:40:58Z</time>
</trkpt>
<trkpt lat="40.532026" lon="-82.213767">
<ele>369.6</ele>
<time>2026-02-28T16:41:07Z</time>
</trkpt>
<trkpt lat="40.531979" lon="-82.213766">
<ele>369.7</ele>
<time>2026-02-28T16:41:08Z</time>
</trkpt>
<trkpt lat="40.531452" lon="-82.213785">
<ele>364.1</ele>
<time>2026-02-28T16:41:17Z</time>
</trkpt>
<trkpt lat="40.531381" lon="-82.213789">
<ele>363.4</ele>
<time>2026-02-28T16:41:18Z</time>
</trkpt>
<trkpt lat="40.531165" lon="-82.213799">
<ele>361.3</ele>
<time>2026-02-28T16:41:21Z</time>
</trkpt>
<trkpt lat="40.530862" lon="-82.213835">
<ele>360.2</ele>
<time>2026-02-28T16:41:26Z</time>
</trkpt>
<trkpt lat="40.530813" lon="-82.213805">
<ele>360.8</ele>
<time>2026-02-28T16:41:27Z</time>
</trkpt>
<trkpt lat="40.530774" lon="-82.213752">
<ele>361</ele>
<time>2026-02-28T16:41:28Z</time>
</trkpt>
<trkpt lat="40.530742" lon="-82.21358">
<ele>361.5</ele>
<time>2026-02-28T16:41:30Z</time>
</trkpt>
<trkpt lat="40.53076" lon="-82.213154">
<ele>360.7</ele>
<time>2026-02-28T16:41:33Z</time>
</trkpt>
<trkpt lat="40.530753" lon="-82.212482">
<ele>358.7</ele>
<time>2026-02-28T16:41:37Z</time>
</trkpt>
<trkpt lat="40.530756" lon="-82.212355">
<ele>359.6</ele>
<time>2026-02-28T16:41:38Z</time>
</trkpt>
<trkpt lat="40.530746" lon="-82.212227">
<ele>358.3</ele>
<time>2026-02-28T16:41:39Z</time>
</trkpt>
<trkpt lat="40.53073" lon="-82.212161">
<ele>359</ele>
<time>2026-02-28T16:41:40Z</time>
</trkpt>
<trkpt lat="40.530684" lon="-82.212092">
<ele>357.6</ele>
<time>2026-02-28T16:41:42Z</time>
</trkpt>
<trkpt lat="40.530649" lon="-82.21206">
<ele>356.3</ele>
<time>2026-02-28T16:41:43Z</time>
</trkpt>
<trkpt lat="40.530535" lon="-82.212026">
<ele>356</ele>
<time>2026-02-28T16:41:45Z</time>
</trkpt>
<trkpt lat="40.530387" lon="-82.212018">
<ele>357.7</ele>
<time>2026-02-28T16:41:47Z</time>
</trkpt>
<trkpt lat="40.530312" lon="-82.21201">
<ele>358.1</ele>
<time>2026-02-28T16:41:48Z</time>
</trkpt>
<trkpt lat="40.530089" lon="-82.211985">
<ele>360.4</ele>
<time>2026-02-28T16:41:51Z</time>
</trkpt>
<trkpt lat="40.529615" lon="-82.211974">
<ele>362.4</ele>
<time>2026-02-28T16:41:57Z</time>
</trkpt>
<trkpt lat="40.529543" lon="-82.211968">
<ele>362.4</ele>
<time>2026-02-28T16:41:58Z</time>
</trkpt>
<trkpt lat="40.529402" lon="-82.211947">
<ele>364.1</ele>
<time>2026-02-28T16:42:00Z</time>
</trkpt>
<trkpt lat="40.529182" lon="-82.211851">
<ele>367.3</ele>
<time>2026-02-28T16:42:03Z</time>
</trkpt>
<trkpt lat="40.529024" lon="-82.211762">
<ele>367.7</ele>
<time>2026-02-28T16:42:05Z</time>
</trkpt>
<trkpt lat="40.528876" lon="-82.211649">
<ele>365.5</ele>
<time>2026-02-28T16:42:07Z</time>
</trkpt>
<trkpt lat="40.5288" lon="-82.211587">
<ele>365.9</ele>
<time>2026-02-28T16:42:08Z</time>
</trkpt>
<trkpt lat="40.528594" lon="-82.211419">
<ele>368.1</ele>
<time>2026-02-28T16:42:11Z</time>
</trkpt>
<trkpt lat="40.528465" lon="-82.211293">
<ele>371.1</ele>
<time>2026-02-28T16:42:13Z</time>
</trkpt>
<trkpt lat="40.528418" lon="-82.211209">
<ele>372</ele>
<time>2026-02-28T16:42:14Z</time>
</trkpt>
<trkpt lat="40.528394" lon="-82.211123">
<ele>371.6</ele>
<time>2026-02-28T16:42:15Z</time>
</trkpt>
<trkpt lat="40.52839" lon="-82.21103">
<ele>371</ele>
<time>2026-02-28T16:42:16Z</time>
</trkpt>
<trkpt lat="40.528403" lon="-82.210943">
<ele>371.4</ele>
<time>2026-02-28T16:42:17Z</time>
</trkpt>
<trkpt lat="40.528421" lon="-82.21086">
<ele>371.5</ele>
<time>2026-02-28T16:42:18Z</time>
</trkpt>
<trkpt lat="40.528641" lon="-82.209946">
<ele>368.4</ele>
<time>2026-02-28T16:42:27Z</time>
</trkpt>
<trkpt lat="40.528665" lon="-82.209823">
<ele>367.2</ele>
<time>2026-02-28T16:42:28Z</time>
</trkpt>
<trkpt lat="40.528713" lon="-82.209477">
<ele>366.9</ele>
<time>2026-02-28T16:42:31Z</time>
</trkpt>
<trkpt lat="40.528704" lon="-82.209261">
<ele>366.1</ele>
<time>2026-02-28T16:42:33Z</time>
</trkpt>
<trkpt lat="40.528665" lon="-82.209086">
<ele>364.7</ele>
<time>2026-02-28T16:42:35Z</time>
</trkpt>
<trkpt lat="40.528586" lon="-82.208904">
<ele>364.5</ele>
<time>2026-02-28T16:42:37Z</time>
</trkpt>
<trkpt lat="40.528546" lon="-82.208813">
<ele>364.7</ele>
<time>2026-02-28T16:42:38Z</time>
</trkpt>
<trkpt lat="40.528389" lon="-82.208421">
<ele>362.2</ele>
<time>2026-02-28T16:42:42Z</time>
</trkpt>
<trkpt lat="40.528298" lon="-82.20822">
<ele>361</ele>
<time>2026-02-28T16:42:44Z</time>
</trkpt>
<trkpt lat="40.528241" lon="-82.208134">
<ele>361.6</ele>
<time>2026-02-28T16:42:45Z</time>
</trkpt>
<trkpt lat="40.528176" lon="-82.208059">
<ele>362</ele>
<time>2026-02-28T16:42:46Z</time>
</trkpt>
<trkpt lat="40.528097" lon="-82.207993">
<ele>360.7</ele>
<time>2026-02-28T16:42:47Z</time>
</trkpt>
<trkpt lat="40.528027" lon="-82.207936">
<ele>359.5</ele>
<time>2026-02-28T16:42:48Z</time>
</trkpt>
<trkpt lat="40.52751" lon="-82.207411">
<ele>351.9</ele>
<time>2026-02-28T16:42:57Z</time>
</trkpt>
<trkpt lat="40.527448" lon="-82.20734">
<ele>351.1</ele>
<time>2026-02-28T16:42:58Z</time>
</trkpt>
<trkpt lat="40.527242" lon="-82.207097">
<ele>349.2</ele>
<time>2026-02-28T16:43:01Z</time>
</trkpt>
<trkpt lat="40.527176" lon="-82.207002">
<ele>347.7</ele>
<time>2026-02-28T16:43:02Z</time>
</trkpt>
<trkpt lat="40.527056" lon="-82.206804">
<ele>344.8</ele>
<time>2026-02-28T16:43:04Z</time>
</trkpt>
<trkpt lat="40.526899" lon="-82.206477">
<ele>341.4</ele>
<time>2026-02-28T16:43:07Z</time>
</trkpt>
<trkpt lat="40.526849" lon="-82.206363">
<ele>340.8</ele>
<time>2026-02-28T16:43:08Z</time>
</trkpt>
<trkpt lat="40.526701" lon="-82.206074">
<ele>340.2</ele>
<time>2026-02-28T16:43:11Z</time>
</trkpt>
<trkpt lat="40.526574" lon="-82.205859">
<ele>339.1</ele>
<time>2026-02-28T16:43:14Z</time>
</trkpt>
<trkpt lat="40.526471" lon="-82.205658">
<ele>336.5</ele>
<time>2026-02-28T16:43:17Z</time>
</trkpt>
<trkpt lat="40.526437" lon="-82.205582">
<ele>335.8</ele>
<time>2026-02-28T16:43:18Z</time>
</trkpt>
<trkpt lat="40.526312" lon="-82.205289">
<ele>330.7</ele>
<time>2026-02-28T16:43:23Z</time>
</trkpt>
<trkpt lat="40.526189" lon="-82.20503">
<ele>330.9</ele>
<time>2026-02-28T16:43:27Z</time>
</trkpt>
<trkpt lat="40.526155" lon="-82.20496">
<ele>330.3</ele>
<time>2026-02-28T16:43:28Z</time>
</trkpt>
<trkpt lat="40.525882" lon="-82.204469">
<ele>325</ele>
<time>2026-02-28T16:43:34Z</time>
</trkpt>
<trkpt lat="40.525743" lon="-82.204189">
<ele>322.6</ele>
<time>2026-02-28T16:43:37Z</time>
</trkpt>
<trkpt lat="40.525699" lon="-82.204095">
<ele>321.2</ele>
<time>2026-02-28T16:43:38Z</time>
</trkpt>
<trkpt lat="40.525517" lon="-82.20374">
<ele>316.7</ele>
<time>2026-02-28T16:43:43Z</time>
</trkpt>
<trkpt lat="40.525345" lon="-82.203496">
<ele>309.5</ele>
<time>2026-02-28T16:43:47Z</time>
</trkpt>
<trkpt lat="40.525293" lon="-82.203414">
<ele>308.3</ele>
<time>2026-02-28T16:43:48Z</time>
</trkpt>
<trkpt lat="40.525081" lon="-82.203071">
<ele>301.8</ele>
<time>2026-02-28T16:43:52Z</time>
</trkpt>
<trkpt lat="40.525037" lon="-82.202974">
<ele>301.6</ele>
<time>2026-02-28T16:43:53Z</time>
</trkpt>
<trkpt lat="40.524963" lon="-82.20276">
<ele>302.1</ele>
<time>2026-02-28T16:43:55Z</time>
</trkpt>
<trkpt lat="40.524899" lon="-82.202516">
<ele>302.1</ele>
<time>2026-02-28T16:43:57Z</time>
</trkpt>
<trkpt lat="40.524877" lon="-82.202392">
<ele>302.1</ele>
<time>2026-02-28T16:43:58Z</time>
</trkpt>
<trkpt lat="40.524868" lon="-82.202265">
<ele>301.5</ele>
<time>2026-02-28T16:43:59Z</time>
</trkpt>
<trkpt lat="40.524874" lon="-82.202132">
<ele>299.6</ele>
<time>2026-02-28T16:44:00Z</time>
</trkpt>
<trkpt lat="40.524913" lon="-82.2017">
<ele>296.4</ele>
<time>2026-02-28T16:44:05Z</time>
</trkpt>
<trkpt lat="40.524932" lon="-82.201594">
<ele>292.2</ele>
<time>2026-02-28T16:44:07Z</time>
</trkpt>
<trkpt lat="40.524933" lon="-82.201549">
<ele>291.6</ele>
<time>2026-02-28T16:44:08Z</time>
</trkpt>
<trkpt lat="40.524929" lon="-82.201441">
<ele>290.7</ele>
<time>2026-02-28T16:44:12Z</time>
</trkpt>
<trkpt lat="40.524888" lon="-82.201379">
<ele>290.1</ele>
<time>2026-02-28T16:44:15Z</time>
</trkpt>
<trkpt lat="40.524845" lon="-82.201343">
<ele>289.7</ele>
<time>2026-02-28T16:44:16Z</time>
</trkpt>
<trkpt lat="40.524785" lon="-82.201319">
<ele>289.6</ele>
<time>2026-02-28T16:44:17Z</time>
</trkpt>
<trkpt lat="40.524716" lon="-82.201307">
<ele>288.6</ele>
<time>2026-02-28T16:44:18Z</time>
</trkpt>
<trkpt lat="40.524637" lon="-82.201285">
<ele>288.1</ele>
<time>2026-02-28T16:44:19Z</time>
</trkpt>
<trkpt lat="40.523934" lon="-82.201053">
<ele>289.5</ele>
<time>2026-02-28T16:44:26Z</time>
</trkpt>
<trkpt lat="40.523684" lon="-82.200961">
<ele>289.3</ele>
<time>2026-02-28T16:44:28Z</time>
</trkpt>
<trkpt lat="40.523557" lon="-82.200912">
<ele>290.3</ele>
<time>2026-02-28T16:44:29Z</time>
</trkpt>
<trkpt lat="40.523318" lon="-82.200811">
<ele>292.1</ele>
<time>2026-02-28T16:44:31Z</time>
</trkpt>
<trkpt lat="40.523206" lon="-82.200748">
<ele>292.4</ele>
<time>2026-02-28T16:44:32Z</time>
</trkpt>
<trkpt lat="40.522803" lon="-82.200482">
<ele>291.7</ele>
<time>2026-02-28T16:44:36Z</time>
</trkpt>
<trkpt lat="40.522624" lon="-82.200386">
<ele>291.5</ele>
<time>2026-02-28T16:44:38Z</time>
</trkpt>
<trkpt lat="40.522544" lon="-82.200366">
<ele>290.8</ele>
<time>2026-02-28T16:44:39Z</time>
</trkpt>
<trkpt lat="40.522404" lon="-82.200351">
<ele>289.5</ele>
<time>2026-02-28T16:44:41Z</time>
</trkpt>
<trkpt lat="40.522292" lon="-82.200361">
<ele>289.7</ele>
<time>2026-02-28T16:44:45Z</time>
</trkpt>
<trkpt lat="40.522262" lon="-82.200386">
<ele>291.4</ele>
<time>2026-02-28T16:44:47Z</time>
</trkpt>
<trkpt lat="40.522183" lon="-82.200486">
<ele>293</ele>
<time>2026-02-28T16:44:49Z</time>
</trkpt>
<trkpt lat="40.522141" lon="-82.20056">
<ele>293.5</ele>
<time>2026-02-28T16:44:50Z</time>
</trkpt>
<trkpt lat="40.52206" lon="-82.200724">
<ele>295.5</ele>
<time>2026-02-28T16:44:52Z</time>
</trkpt>
<trkpt lat="40.522028" lon="-82.200823">
<ele>296.6</ele>
<time>2026-02-28T16:44:53Z</time>
</trkpt>
<trkpt lat="40.521975" lon="-82.200922">
<ele>295.8</ele>
<time>2026-02-28T16:44:54Z</time>
</trkpt>
<trkpt lat="40.521645" lon="-82.201462">
<ele>293.7</ele>
<time>2026-02-28T16:44:59Z</time>
</trkpt>
<trkpt lat="40.521572" lon="-82.201584">
<ele>293.4</ele>
<time>2026-02-28T16:45:00Z</time>
</trkpt>
<trkpt lat="40.521122" lon="-82.202301">
<ele>294.9</ele>
<time>2026-02-28T16:45:05Z</time>
</trkpt>
<trkpt lat="40.520704" lon="-82.202941">
<ele>298</ele>
<time>2026-02-28T16:45:09Z</time>
</trkpt>
<trkpt lat="40.52059" lon="-82.203069">
<ele>297</ele>
<time>2026-02-28T16:45:10Z</time>
</trkpt>
<trkpt lat="40.520471" lon="-82.203182">
<ele>297.6</ele>
<time>2026-02-28T16:45:11Z</time>
</trkpt>
<trkpt lat="40.520359" lon="-82.203273">
<ele>294.9</ele>
<time>2026-02-28T16:45:12Z</time>
</trkpt>
<trkpt lat="40.520246" lon="-82.203311">
<ele>294.7</ele>
<time>2026-02-28T16:45:13Z</time>
</trkpt>
<trkpt lat="40.520105" lon="-82.203301">
<ele>296.7</ele>
<time>2026-02-28T16:45:14Z</time>
</trkpt>
<trkpt lat="40.519582" lon="-82.203216">
<ele>298.5</ele>
<time>2026-02-28T16:45:17Z</time>
</trkpt>
<trkpt lat="40.519231" lon="-82.203175">
<ele>298.1</ele>
<time>2026-02-28T16:45:19Z</time>
</trkpt>
<trkpt lat="40.519049" lon="-82.203155">
<ele>298.4</ele>
<time>2026-02-28T16:45:20Z</time>
</trkpt>
<trkpt lat="40.518687" lon="-82.203118">
<ele>298.3</ele>
<time>2026-02-28T16:45:22Z</time>
</trkpt>
<trkpt lat="40.518353" lon="-82.203095">
<ele>297.9</ele>
<time>2026-02-28T16:45:24Z</time>
</trkpt>
<trkpt lat="40.517585" lon="-82.20308">
<ele>299</ele>
<time>2026-02-28T16:45:29Z</time>
</trkpt>
<trkpt lat="40.517452" lon="-82.203075">
<ele>297.8</ele>
<time>2026-02-28T16:45:30Z</time>
</trkpt>
<trkpt lat="40.517325" lon="-82.203076">
<ele>297.5</ele>
<time>2026-02-28T16:45:31Z</time>
</trkpt>
<trkpt lat="40.51706" lon="-82.203102">
<ele>298.2</ele>
<time>2026-02-28T16:45:33Z</time>
</trkpt>
<trkpt lat="40.516925" lon="-82.203149">
<ele>297.3</ele>
<time>2026-02-28T16:45:34Z</time>
</trkpt>
<trkpt lat="40.516774" lon="-82.203223">
<ele>296</ele>
<time>2026-02-28T16:45:35Z</time>
</trkpt>
<trkpt lat="40.516613" lon="-82.203342">
<ele>296.4</ele>
<time>2026-02-28T16:45:36Z</time>
</trkpt>
<trkpt lat="40.516472" lon="-82.20347">
<ele>296.8</ele>
<time>2026-02-28T16:45:37Z</time>
</trkpt>
<trkpt lat="40.516335" lon="-82.203611">
<ele>296.5</ele>
<time>2026-02-28T16:45:38Z</time>
</trkpt>
<trkpt lat="40.516217" lon="-82.203769">
<ele>295.1</ele>
<time>2026-02-28T16:45:39Z</time>
</trkpt>
<trkpt lat="40.516113" lon="-82.203927">
<ele>293.3</ele>
<time>2026-02-28T16:45:40Z</time>
</trkpt>
<trkpt lat="40.515925" lon="-82.204287">
<ele>292.9</ele>
<time>2026-02-28T16:45:42Z</time>
</trkpt>
<trkpt lat="40.515848" lon="-82.204476">
<ele>294.9</ele>
<time>2026-02-28T16:45:43Z</time>
</trkpt>
<trkpt lat="40.515801" lon="-82.204652">
<ele>295.3</ele>
<time>2026-02-28T16:45:44Z</time>
</trkpt>
<trkpt lat="40.515766" lon="-82.204816">
<ele>295.5</ele>
<time>2026-02-28T16:45:45Z</time>
</trkpt>
<trkpt lat="40.515745" lon="-82.204996">
<ele>295.3</ele>
<time>2026-02-28T16:45:46Z</time>
</trkpt>
<trkpt lat="40.515743" lon="-82.205218">
<ele>296.9</ele>
<time>2026-02-28T16:45:48Z</time>
</trkpt>
<trkpt lat="40.515752" lon="-82.205291">
<ele>298</ele>
<time>2026-02-28T16:45:49Z</time>
</trkpt>
<trkpt lat="40.515773" lon="-82.205371">
<ele>298.1</ele>
<time>2026-02-28T16:45:50Z</time>
</trkpt>
<trkpt lat="40.515788" lon="-82.205421">
<ele>296</ele>
<time>2026-02-28T16:45:51Z</time>
</trkpt>
<trkpt lat="40.515782" lon="-82.205458">
<ele>293.8</ele>
<time>2026-02-28T16:45:52Z</time>
</trkpt>
<trkpt lat="40.515767" lon="-82.20547">
<ele>292.1</ele>
<time>2026-02-28T16:45:53Z</time>
</trkpt>
<trkpt lat="40.515673" lon="-82.205484">
<ele>287.6</ele>
<time>2026-02-28T16:45:56Z</time>
</trkpt>
<trkpt lat="40.515541" lon="-82.205526">
<ele>284.6</ele>
<time>2026-02-28T16:45:59Z</time>
</trkpt>
<trkpt lat="40.515486" lon="-82.20554">
<ele>285.2</ele>
<time>2026-02-28T16:46:00Z</time>
</trkpt>
<trkpt lat="40.515357" lon="-82.205534">
<ele>282.5</ele>
<time>2026-02-28T16:46:03Z</time>
</trkpt>
<trkpt lat="40.515205" lon="-82.205577">
<ele>282.2</ele>
<time>2026-02-28T16:46:06Z</time>
</trkpt>
<trkpt lat="40.515069" lon="-82.205602">
<ele>281.1</ele>
<time>2026-02-28T16:46:09Z</time>
</trkpt>
<trkpt lat="40.515033" lon="-82.205608">
<ele>281</ele>
<time>2026-02-28T16:46:10Z</time>
</trkpt>
<trkpt lat="40.514943" lon="-82.205619">
<ele>280.1</ele>
<time>2026-02-28T16:46:13Z</time>
</trkpt>
<trkpt lat="40.51482" lon="-82.205607">
<ele>278.4</ele>
<time>2026-02-28T16:46:17Z</time>
</trkpt>
<trkpt lat="40.514728" lon="-82.205619">
<ele>278.7</ele>
<time>2026-02-28T16:46:19Z</time>
</trkpt>
<trkpt lat="40.514684" lon="-82.205632">
<ele>278.7</ele>
<time>2026-02-28T16:46:20Z</time>
</trkpt>
<trkpt lat="40.514592" lon="-82.205656">
<ele>278.5</ele>
<time>2026-02-28T16:46:22Z</time>
</trkpt>
<trkpt lat="40.514176" lon="-82.205721">
<ele>277.1</ele>
<time>2026-02-28T16:46:29Z</time>
</trkpt>
<trkpt lat="40.514114" lon="-82.205734">
<ele>277</ele>
<time>2026-02-28T16:46:30Z</time>
</trkpt>
<trkpt lat="40.514047" lon="-82.205754">
<ele>276.6</ele>
<time>2026-02-28T16:46:31Z</time>
</trkpt>
<trkpt lat="40.513892" lon="-82.205774">
<ele>274.8</ele>
<time>2026-02-28T16:46:33Z</time>
</trkpt>
<trkpt lat="40.513761" lon="-82.205816">
<ele>274.4</ele>
<time>2026-02-28T16:46:35Z</time>
</trkpt>
<trkpt lat="40.513433" lon="-82.205884">
<ele>275.5</ele>
<time>2026-02-28T16:46:39Z</time>
</trkpt>
<trkpt lat="40.513357" lon="-82.205893">
<ele>274.5</ele>
<time>2026-02-28T16:46:40Z</time>
</trkpt>
<trkpt lat="40.513216" lon="-82.205916">
<ele>274.7</ele>
<time>2026-02-28T16:46:42Z</time>
</trkpt>
<trkpt lat="40.513092" lon="-82.205956">
<ele>275.6</ele>
<time>2026-02-28T16:46:44Z</time>
</trkpt>
<trkpt lat="40.513035" lon="-82.205999">
<ele>275.7</ele>
<time>2026-02-28T16:46:45Z</time>
</trkpt>
<trkpt lat="40.512934" lon="-82.206107">
<ele>278</ele>
<time>2026-02-28T16:46:47Z</time>
</trkpt>
<trkpt lat="40.512855" lon="-82.206232">
<ele>278.7</ele>
<time>2026-02-28T16:46:49Z</time>
</trkpt>
<trkpt lat="40.512815" lon="-82.206297">
<ele>278.3</ele>
<time>2026-02-28T16:46:50Z</time>
</trkpt>
<trkpt lat="40.512528" lon="-82.206683">
<ele>280.9</ele>
<time>2026-02-28T16:46:56Z</time>
</trkpt>
<trkpt lat="40.512476" lon="-82.206738">
<ele>281.5</ele>
<time>2026-02-28T16:46:57Z</time>
</trkpt>
<trkpt lat="40.512354" lon="-82.206826">
<ele>280.3</ele>
<time>2026-02-28T16:46:59Z</time>
</trkpt>
<trkpt lat="40.512276" lon="-82.206841">
<ele>278.2</ele>
<time>2026-02-28T16:47:00Z</time>
</trkpt>
<trkpt lat="40.512188" lon="-82.206845">
<ele>276.9</ele>
<time>2026-02-28T16:47:01Z</time>
</trkpt>
<trkpt lat="40.512029" lon="-82.206814">
<ele>277.6</ele>
<time>2026-02-28T16:47:03Z</time>
</trkpt>
<trkpt lat="40.51181" lon="-82.206693">
<ele>280.8</ele>
<time>2026-02-28T16:47:06Z</time>
</trkpt>
<trkpt lat="40.511564" lon="-82.206603">
<ele>281.5</ele>
<time>2026-02-28T16:47:09Z</time>
</trkpt>
<trkpt lat="40.511483" lon="-82.206576">
<ele>282.1</ele>
<time>2026-02-28T16:47:10Z</time>
</trkpt>
<trkpt lat="40.511015" lon="-82.206419">
<ele>284.5</ele>
<time>2026-02-28T16:47:16Z</time>
</trkpt>
<trkpt lat="40.510778" lon="-82.20637">
<ele>285.5</ele>
<time>2026-02-28T16:47:19Z</time>
</trkpt>
<trkpt lat="40.510704" lon="-82.206359">
<ele>286.5</ele>
<time>2026-02-28T16:47:20Z</time>
</trkpt>
<trkpt lat="40.510428" lon="-82.206319">
<ele>290.1</ele>
<time>2026-02-28T16:47:24Z</time>
</trkpt>
<trkpt lat="40.510083" lon="-82.206232">
<ele>291.6</ele>
<time>2026-02-28T16:47:29Z</time>
</trkpt>
<trkpt lat="40.510013" lon="-82.206204">
<ele>292.6</ele>
<time>2026-02-28T16:47:30Z</time>
</trkpt>
<trkpt lat="40.509807" lon="-82.206119">
<ele>291.5</ele>
<time>2026-02-28T16:47:33Z</time>
</trkpt>
<trkpt lat="40.509668" lon="-82.20604">
<ele>292</ele>
<time>2026-02-28T16:47:35Z</time>
</trkpt>
<trkpt lat="40.509404" lon="-82.20582">
<ele>291.1</ele>
<time>2026-02-28T16:47:39Z</time>
</trkpt>
<trkpt lat="40.509328" lon="-82.205761">
<ele>292.1</ele>
<time>2026-02-28T16:47:40Z</time>
</trkpt>
<trkpt lat="40.508953" lon="-82.20539">
<ele>294.1</ele>
<time>2026-02-28T16:47:45Z</time>
</trkpt>
<trkpt lat="40.508665" lon="-82.205125">
<ele>293.5</ele>
<time>2026-02-28T16:47:49Z</time>
</trkpt>
<trkpt lat="40.508591" lon="-82.205063">
<ele>294.4</ele>
<time>2026-02-28T16:47:50Z</time>
</trkpt>
<trkpt lat="40.508446" lon="-82.204932">
<ele>295.5</ele>
<time>2026-02-28T16:47:52Z</time>
</trkpt>
<trkpt lat="40.507993" lon="-82.204567">
<ele>300.7</ele>
<time>2026-02-28T16:47:58Z</time>
</trkpt>
<trkpt lat="40.507933" lon="-82.204504">
<ele>302</ele>
<time>2026-02-28T16:47:59Z</time>
</trkpt>
<trkpt lat="40.507892" lon="-82.204456">
<ele>302.6</ele>
<time>2026-02-28T16:48:00Z</time>
</trkpt>
<trkpt lat="40.507721" lon="-82.204194">
<ele>304.2</ele>
<time>2026-02-28T16:48:05Z</time>
</trkpt>
<trkpt lat="40.507653" lon="-82.204067">
<ele>305.8</ele>
<time>2026-02-28T16:48:07Z</time>
</trkpt>
<trkpt lat="40.507605" lon="-82.203937">
<ele>306.3</ele>
<time>2026-02-28T16:48:09Z</time>
</trkpt>
<trkpt lat="40.507594" lon="-82.203902">
<ele>307.6</ele>
<time>2026-02-28T16:48:10Z</time>
</trkpt>
<trkpt lat="40.507615" lon="-82.203875">
<ele>307.2</ele>
<time>2026-02-28T16:48:15Z</time>
</trkpt>
<trkpt lat="40.507596" lon="-82.203781">
<ele>306.1</ele>
<time>2026-02-28T16:48:18Z</time>
</trkpt>
<trkpt lat="40.507554" lon="-82.203665">
<ele>309</ele>
<time>2026-02-28T16:48:22Z</time>
</trkpt>
<trkpt lat="40.507554" lon="-82.203653">
<ele>309.7</ele>
<time>2026-02-28T16:48:23Z</time>
</trkpt>
<trkpt lat="40.507568" lon="-82.20362">
<ele>315.1</ele>
<time>2026-02-28T16:48:50Z</time>
</trkpt>
<trkpt lat="40.507507" lon="-82.203416">
<ele>318</ele>
<time>2026-02-28T16:48:57Z</time>
</trkpt>
<trkpt lat="40.5075" lon="-82.203395">
<ele>318.1</ele>
<time>2026-02-28T16:48:58Z</time>
</trkpt>
<trkpt lat="40.507466" lon="-82.203333">
<ele>318.1</ele>
<time>2026-02-28T16:49:01Z</time>
</trkpt>
<trkpt lat="40.507404" lon="-82.203176">
<ele>320.9</ele>
<time>2026-02-28T16:49:07Z</time>
</trkpt>
<trkpt lat="40.507396" lon="-82.203154">
<ele>321.2</ele>
<time>2026-02-28T16:49:08Z</time>
</trkpt>
<trkpt lat="40.507375" lon="-82.203105">
<ele>321.7</ele>
<time>2026-02-28T16:49:10Z</time>
</trkpt>
<trkpt lat="40.507266" lon="-82.202963">
<ele>321.4</ele>
<time>2026-02-28T16:49:17Z</time>
</trkpt>
<trkpt lat="40.507253" lon="-82.202934">
<ele>321.4</ele>
<time>2026-02-28T16:49:18Z</time>
</trkpt>
<trkpt lat="40.507222" lon="-82.202822">
<ele>323</ele>
<time>2026-02-28T16:49:22Z</time>
</trkpt>
<trkpt lat="40.507186" lon="-82.202769">
<ele>324.4</ele>
<time>2026-02-28T16:49:25Z</time>
</trkpt>
<trkpt lat="40.507174" lon="-82.202711">
<ele>322</ele>
<time>2026-02-28T16:49:27Z</time>
</trkpt>
<trkpt lat="40.507171" lon="-82.202683">
<ele>322</ele>
<time>2026-02-28T16:49:28Z</time>
</trkpt>
<trkpt lat="40.507145" lon="-82.202592">
<ele>320.8</ele>
<time>2026-02-28T16:49:31Z</time>
</trkpt>
<trkpt lat="40.507071" lon="-82.202435">
<ele>320.8</ele>
<time>2026-02-28T16:49:37Z</time>
</trkpt>
<trkpt lat="40.507055" lon="-82.202397">
<ele>320.9</ele>
<time>2026-02-28T16:49:38Z</time>
</trkpt>
<trkpt lat="40.506977" lon="-82.202221">
<ele>324.1</ele>
<time>2026-02-28T16:49:42Z</time>
</trkpt>
<trkpt lat="40.506836" lon="-82.20199">
<ele>326.7</ele>
<time>2026-02-28T16:49:47Z</time>
</trkpt>
<trkpt lat="40.506799" lon="-82.201938">
<ele>326.2</ele>
<time>2026-02-28T16:49:48Z</time>
</trkpt>
<trkpt lat="40.506648" lon="-82.201772">
<ele>327.4</ele>
<time>2026-02-28T16:49:53Z</time>
</trkpt>
<trkpt lat="40.506529" lon="-82.20169">
<ele>327.5</ele>
<time>2026-02-28T16:49:57Z</time>
</trkpt>
<trkpt lat="40.506508" lon="-82.20167">
<ele>327.4</ele>
<time>2026-02-28T16:49:58Z</time>
</trkpt>
<trkpt lat="40.506417" lon="-82.201581">
<ele>329.8</ele>
<time>2026-02-28T16:50:05Z</time>
</trkpt>
<trkpt lat="40.50634" lon="-82.201544">
<ele>332.4</ele>
<time>2026-02-28T16:50:10Z</time>
</trkpt>
<trkpt lat="40.506321" lon="-82.201532">
<ele>332.5</ele>
<time>2026-02-28T16:50:11Z</time>
</trkpt>
<trkpt lat="40.50615" lon="-82.201451">
<ele>332.8</ele>
<time>2026-02-28T16:50:20Z</time>
</trkpt>
<trkpt lat="40.506135" lon="-82.201433">
<ele>332.1</ele>
<time>2026-02-28T16:50:21Z</time>
</trkpt>
<trkpt lat="40.506081" lon="-82.201382">
<ele>331.4</ele>
<time>2026-02-28T16:50:23Z</time>
</trkpt>
<trkpt lat="40.50595" lon="-82.201285">
<ele>332.8</ele>
<time>2026-02-28T16:50:30Z</time>
</trkpt>
<trkpt lat="40.505924" lon="-82.201264">
<ele>332.5</ele>
<time>2026-02-28T16:50:31Z</time>
</trkpt>
<trkpt lat="40.505842" lon="-82.201203">
<ele>332.4</ele>
<time>2026-02-28T16:50:34Z</time>
</trkpt>
<trkpt lat="40.505716" lon="-82.201054">
<ele>333.7</ele>
<time>2026-02-28T16:50:40Z</time>
</trkpt>
<trkpt lat="40.505695" lon="-82.201039">
<ele>333.9</ele>
<time>2026-02-28T16:50:41Z</time>
</trkpt>
<trkpt lat="40.505499" lon="-82.200885">
<ele>334.1</ele>
<time>2026-02-28T16:50:51Z</time>
</trkpt>
<trkpt lat="40.505487" lon="-82.200875">
<ele>335.2</ele>
<time>2026-02-28T16:50:52Z</time>
</trkpt>
<trkpt lat="40.505373" lon="-82.200777">
<ele>337.2</ele>
<time>2026-02-28T16:50:58Z</time>
</trkpt>
<trkpt lat="40.505295" lon="-82.200686">
<ele>336.1</ele>
<time>2026-02-28T16:51:01Z</time>
</trkpt>
<trkpt lat="40.505276" lon="-82.200669">
<ele>336.5</ele>
<time>2026-02-28T16:51:02Z</time>
</trkpt>
<trkpt lat="40.505167" lon="-82.200608">
<ele>337.5</ele>
<time>2026-02-28T16:51:07Z</time>
</trkpt>
<trkpt lat="40.505155" lon="-82.200589">
<ele>338</ele>
<time>2026-02-28T16:51:08Z</time>
</trkpt>
<trkpt lat="40.50509" lon="-82.200548">
<ele>337.4</ele>
<time>2026-02-28T16:51:11Z</time>
</trkpt>
<trkpt lat="40.505073" lon="-82.200537">
<ele>337.2</ele>
<time>2026-02-28T16:51:12Z</time>
</trkpt>
<trkpt lat="40.505015" lon="-82.20049">
<ele>337.4</ele>
<time>2026-02-28T16:51:15Z</time>
</trkpt>
<trkpt lat="40.504893" lon="-82.200422">
<ele>338.2</ele>
<time>2026-02-28T16:51:21Z</time>
</trkpt>
<trkpt lat="40.504875" lon="-82.200412">
<ele>338.6</ele>
<time>2026-02-28T16:51:22Z</time>
</trkpt>
<trkpt lat="40.50471" lon="-82.20031">
<ele>339.7</ele>
<time>2026-02-28T16:51:31Z</time>
</trkpt>
<trkpt lat="40.504693" lon="-82.200305">
<ele>339.8</ele>
<time>2026-02-28T16:51:32Z</time>
</trkpt>
<trkpt lat="40.504688" lon="-82.200301">
<ele>340.8</ele>
<time>2026-02-28T16:51:33Z</time>
</trkpt>
<trkpt lat="40.504714" lon="-82.20031">
<ele>342.2</ele>
<time>2026-02-28T16:53:06Z</time>
</trkpt>
<trkpt lat="40.504701" lon="-82.200341">
<ele>343.7</ele>
<time>2026-02-28T16:54:11Z</time>
</trkpt>
<trkpt lat="40.504612" lon="-82.200388">
<ele>347.5</ele>
<time>2026-02-28T16:54:30Z</time>
</trkpt>
<trkpt lat="40.504594" lon="-82.200398">
<ele>347.3</ele>
<time>2026-02-28T16:54:31Z</time>
</trkpt>
<trkpt lat="40.50451" lon="-82.200414">
<ele>347.9</ele>
<time>2026-02-28T16:54:35Z</time>
</trkpt>
<trkpt lat="40.504434" lon="-82.200453">
<ele>346.9</ele>
<time>2026-02-28T16:54:41Z</time>
</trkpt>
<trkpt lat="40.504427" lon="-82.200453">
<ele>347.2</ele>
<time>2026-02-28T16:54:42Z</time>
</trkpt>
<trkpt lat="40.504367" lon="-82.200492">
<ele>347.2</ele>
<time>2026-02-28T16:54:47Z</time>
</trkpt>
<trkpt lat="40.504289" lon="-82.200501">
<ele>347.5</ele>
<time>2026-02-28T16:54:51Z</time>
</trkpt>
<trkpt lat="40.504274" lon="-82.200509">
<ele>347.6</ele>
<time>2026-02-28T16:54:52Z</time>
</trkpt>
<trkpt lat="40.504216" lon="-82.200541">
<ele>348</ele>
<time>2026-02-28T16:54:56Z</time>
</trkpt>
<trkpt lat="40.504162" lon="-82.200594">
<ele>348.9</ele>
<time>2026-02-28T16:54:59Z</time>
</trkpt>
<trkpt lat="40.504116" lon="-82.200609">
<ele>349.2</ele>
<time>2026-02-28T16:55:01Z</time>
</trkpt>
<trkpt lat="40.504099" lon="-82.200613">
<ele>349.8</ele>
<time>2026-02-28T16:55:02Z</time>
</trkpt>
<trkpt lat="40.504023" lon="-82.200637">
<ele>351.2</ele>
<time>2026-02-28T16:55:06Z</time>
</trkpt>
<trkpt lat="40.503932" lon="-82.200688">
<ele>353.3</ele>
<time>2026-02-28T16:55:11Z</time>
</trkpt>
<trkpt lat="40.503917" lon="-82.200694">
<ele>353.4</ele>
<time>2026-02-28T16:55:12Z</time>
</trkpt>
<trkpt lat="40.503772" lon="-82.200784">
<ele>356</ele>
<time>2026-02-28T16:55:19Z</time>
</trkpt>
<trkpt lat="40.503728" lon="-82.200801">
<ele>356.4</ele>
<time>2026-02-28T16:55:21Z</time>
</trkpt>
<trkpt lat="40.503704" lon="-82.200806">
<ele>356.4</ele>
<time>2026-02-28T16:55:22Z</time>
</trkpt>
<trkpt lat="40.503526" lon="-82.200858">
<ele>360.8</ele>
<time>2026-02-28T16:55:31Z</time>
</trkpt>
<trkpt lat="40.503507" lon="-82.200864">
<ele>361.3</ele>
<time>2026-02-28T16:55:32Z</time>
</trkpt>
<trkpt lat="40.503474" lon="-82.20088">
<ele>361.7</ele>
<time>2026-02-28T16:55:34Z</time>
</trkpt>
<trkpt lat="40.503411" lon="-82.201002">
<ele>364.9</ele>
<time>2026-02-28T16:55:41Z</time>
</trkpt>
<trkpt lat="40.503399" lon="-82.201029">
<ele>364.8</ele>
<time>2026-02-28T16:55:42Z</time>
</trkpt>
<trkpt lat="40.503379" lon="-82.201123">
<ele>364.6</ele>
<time>2026-02-28T16:55:46Z</time>
</trkpt>
<trkpt lat="40.503325" lon="-82.201227">
<ele>362.8</ele>
<time>2026-02-28T16:55:53Z</time>
</trkpt>
<trkpt lat="40.503314" lon="-82.201248">
<ele>362.8</ele>
<time>2026-02-28T16:55:54Z</time>
</trkpt>
<trkpt lat="40.503304" lon="-82.201469">
<ele>366.9</ele>
<time>2026-02-28T16:56:03Z</time>
</trkpt>
<trkpt lat="40.503294" lon="-82.201496">
<ele>367.5</ele>
<time>2026-02-28T16:56:04Z</time>
</trkpt>
<trkpt lat="40.503202" lon="-82.201656">
<ele>372</ele>
<time>2026-02-28T16:56:10Z</time>
</trkpt>
<trkpt lat="40.503182" lon="-82.20168">
<ele>372.5</ele>
<time>2026-02-28T16:56:11Z</time>
</trkpt>
<trkpt lat="40.503146" lon="-82.201696">
<ele>373.6</ele>
<time>2026-02-28T16:56:13Z</time>
</trkpt>
<trkpt lat="40.50313" lon="-82.201702">
<ele>374.5</ele>
<time>2026-02-28T16:56:14Z</time>
</trkpt>
<trkpt lat="40.503064" lon="-82.201728">
<ele>376.4</ele>
<time>2026-02-28T16:56:17Z</time>
</trkpt>
<trkpt lat="40.502908" lon="-82.201751">
<ele>377.8</ele>
<time>2026-02-28T16:56:23Z</time>
</trkpt>
<trkpt lat="40.502891" lon="-82.201756">
<ele>378</ele>
<time>2026-02-28T16:56:24Z</time>
</trkpt>
<trkpt lat="40.50287" lon="-82.201736">
<ele>379.6</ele>
<time>2026-02-28T16:57:23Z</time>
</trkpt>
<trkpt lat="40.502832" lon="-82.201732">
<ele>379.4</ele>
<time>2026-02-28T16:57:26Z</time>
</trkpt>
<trkpt lat="40.502793" lon="-82.201759">
<ele>380.5</ele>
<time>2026-02-28T16:57:30Z</time>
</trkpt>
<trkpt lat="40.502763" lon="-82.201762">
<ele>381.7</ele>
<time>2026-02-28T16:57:32Z</time>
</trkpt>
<trkpt lat="40.502755" lon="-82.201764">
<ele>381.9</ele>
<time>2026-02-28T16:57:33Z</time>
</trkpt>
<trkpt lat="40.502736" lon="-82.201744">
<ele>388.6</ele>
<time>2026-02-28T17:00:03Z</time>
</trkpt>
<trkpt lat="40.502626" lon="-82.201742">
<ele>388.4</ele>
<time>2026-02-28T17:00:15Z</time>
</trkpt>
<trkpt lat="40.50262" lon="-82.201741">
<ele>388.3</ele>
<time>2026-02-28T17:00:16Z</time>
</trkpt>
<trkpt lat="40.502545" lon="-82.20176">
<ele>388.5</ele>
<time>2026-02-28T17:00:25Z</time>
</trkpt>
<trkpt lat="40.502458" lon="-82.201768">
<ele>388.3</ele>
<time>2026-02-28T17:00:33Z</time>
</trkpt>
<trkpt lat="40.502446" lon="-82.201767">
<ele>387.8</ele>
<time>2026-02-28T17:00:34Z</time>
</trkpt>
<trkpt lat="40.502422" lon="-82.201756">
<ele>387.4</ele>
<time>2026-02-28T17:00:36Z</time>
</trkpt>
<trkpt lat="40.502302" lon="-82.201751">
<ele>385.4</ele>
<time>2026-02-28T17:00:44Z</time>
</trkpt>
<trkpt lat="40.50229" lon="-82.201749">
<ele>385.1</ele>
<time>2026-02-28T17:00:45Z</time>
</trkpt>
<trkpt lat="40.502255" lon="-82.201738">
<ele>384.5</ele>
<time>2026-02-28T17:00:47Z</time>
</trkpt>
<trkpt lat="40.50212" lon="-82.201739">
<ele>384.4</ele>
<time>2026-02-28T17:00:54Z</time>
</trkpt>
<trkpt lat="40.502098" lon="-82.201735">
<ele>383.7</ele>
<time>2026-02-28T17:00:55Z</time>
</trkpt>
<trkpt lat="40.502048" lon="-82.201732">
<ele>383.6</ele>
<time>2026-02-28T17:00:57Z</time>
</trkpt>
<trkpt lat="40.501958" lon="-82.201749">
<ele>382.6</ele>
<time>2026-02-28T17:01:01Z</time>
</trkpt>
<trkpt lat="40.501898" lon="-82.201747">
<ele>383.1</ele>
<time>2026-02-28T17:01:04Z</time>
</trkpt>
<trkpt lat="40.501876" lon="-82.201755">
<ele>382.9</ele>
<time>2026-02-28T17:01:05Z</time>
</trkpt>
<trkpt lat="40.501852" lon="-82.201766">
<ele>383</ele>
<time>2026-02-28T17:01:06Z</time>
</trkpt>
<trkpt lat="40.501741" lon="-82.201767">
<ele>381</ele>
<time>2026-02-28T17:01:11Z</time>
</trkpt>
<trkpt lat="40.501689" lon="-82.201777">
<ele>379.4</ele>
<time>2026-02-28T17:01:15Z</time>
</trkpt>
<trkpt lat="40.501682" lon="-82.20178">
<ele>379.3</ele>
<time>2026-02-28T17:01:16Z</time>
</trkpt>
<trkpt lat="40.501546" lon="-82.2018">
<ele>377.7</ele>
<time>2026-02-28T17:01:21Z</time>
</trkpt>
<trkpt lat="40.501274" lon="-82.201809">
<ele>377.1</ele>
<time>2026-02-28T17:01:25Z</time>
</trkpt>
<trkpt lat="40.50121" lon="-82.201815">
<ele>377.3</ele>
<time>2026-02-28T17:01:26Z</time>
</trkpt>
<trkpt lat="40.501069" lon="-82.201821">
<ele>376.9</ele>
<time>2026-02-28T17:01:28Z</time>
</trkpt>
<trkpt lat="40.500891" lon="-82.201809">
<ele>378.7</ele>
<time>2026-02-28T17:01:30Z</time>
</trkpt>
<trkpt lat="40.500286" lon="-82.20185">
<ele>381.2</ele>
<time>2026-02-28T17:01:35Z</time>
</trkpt>
<trkpt lat="40.500144" lon="-82.201866">
<ele>381.7</ele>
<time>2026-02-28T17:01:36Z</time>
</trkpt>
<trkpt lat="40.499653" lon="-82.201899">
<ele>387.6</ele>
<time>2026-02-28T17:01:40Z</time>
</trkpt>
<trkpt lat="40.499461" lon="-82.201922">
<ele>389.9</ele>
<time>2026-02-28T17:01:42Z</time>
</trkpt>
<trkpt lat="40.499116" lon="-82.20193">
<ele>386.9</ele>
<time>2026-02-28T17:01:45Z</time>
</trkpt>
<trkpt lat="40.498992" lon="-82.201928">
<ele>385.6</ele>
<time>2026-02-28T17:01:46Z</time>
</trkpt>
<trkpt lat="40.498697" lon="-82.201934">
<ele>383.2</ele>
<time>2026-02-28T17:01:48Z</time>
</trkpt>
<trkpt lat="40.498036" lon="-82.201989">
<ele>381.2</ele>
<time>2026-02-28T17:01:53Z</time>
</trkpt>
<trkpt lat="40.497784" lon="-82.201995">
<ele>378.8</ele>
<time>2026-02-28T17:01:55Z</time>
</trkpt>
<trkpt lat="40.497654" lon="-82.201998">
<ele>379.6</ele>
<time>2026-02-28T17:01:56Z</time>
</trkpt>
<trkpt lat="40.49703" lon="-82.202029">
<ele>375.1</ele>
<time>2026-02-28T17:02:00Z</time>
</trkpt>
<trkpt lat="40.496562" lon="-82.202066">
<ele>372.8</ele>
<time>2026-02-28T17:02:03Z</time>
</trkpt>
<trkpt lat="40.496271" lon="-82.202099">
<ele>374.3</ele>
<time>2026-02-28T17:02:05Z</time>
</trkpt>
<trkpt lat="40.496169" lon="-82.202119">
<ele>377.1</ele>
<time>2026-02-28T17:02:06Z</time>
</trkpt>
<trkpt lat="40.496102" lon="-82.202121">
<ele>374.7</ele>
<time>2026-02-28T17:02:07Z</time>
</trkpt>
<trkpt lat="40.496105" lon="-82.202178">
<ele>382.6</ele>
<time>2026-02-28T17:02:09Z</time>
</trkpt>
<trkpt lat="40.49606" lon="-82.202238">
<ele>385.9</ele>
<time>2026-02-28T17:02:10Z</time>
</trkpt>
<trkpt lat="40.495955" lon="-82.202312">
<ele>388.4</ele>
<time>2026-02-28T17:02:11Z</time>
</trkpt>
<trkpt lat="40.495825" lon="-82.202857">
<ele>386.4</ele>
<time>2026-02-28T17:02:15Z</time>
</trkpt>
<trkpt lat="40.495788" lon="-82.20303">
<ele>385.4</ele>
<time>2026-02-28T17:02:16Z</time>
</trkpt>
<trkpt lat="40.495695" lon="-82.203396">
<ele>383.6</ele>
<time>2026-02-28T17:02:18Z</time>
</trkpt>
<trkpt lat="40.495373" lon="-82.204487">
<ele>380.7</ele>
<time>2026-02-28T17:02:25Z</time>
</trkpt>
<trkpt lat="40.49534" lon="-82.204587">
<ele>380.1</ele>
<time>2026-02-28T17:02:26Z</time>
</trkpt>
<trkpt lat="40.495232" lon="-82.204835">
<ele>382.6</ele>
<time>2026-02-28T17:02:31Z</time>
</trkpt>
<trkpt lat="40.495245" lon="-82.204844">
<ele>382.1</ele>
<time>2026-02-28T17:02:35Z</time>
</trkpt>
<trkpt lat="40.495276" lon="-82.204807">
<ele>386.1</ele>
<time>2026-02-28T17:03:11Z</time>
</trkpt>
<trkpt lat="40.495284" lon="-82.204835">
<ele>386.2</ele>
<time>2026-02-28T17:03:12Z</time>
</trkpt>
<trkpt lat="40.495272" lon="-82.204879">
<ele>386.5</ele>
<time>2026-02-28T17:03:13Z</time>
</trkpt>
<trkpt lat="40.49515" lon="-82.205319">
<ele>387.9</ele>
<time>2026-02-28T17:03:22Z</time>
</trkpt>
<trkpt lat="40.495128" lon="-82.205379">
<ele>387.3</ele>
<time>2026-02-28T17:03:23Z</time>
</trkpt>
<trkpt lat="40.495062" lon="-82.205524">
<ele>386.9</ele>
<time>2026-02-28T17:03:25Z</time>
</trkpt>
<trkpt lat="40.494972" lon="-82.205674">
<ele>386.6</ele>
<time>2026-02-28T17:03:27Z</time>
</trkpt>
<trkpt lat="40.494863" lon="-82.205798">
<ele>386.1</ele>
<time>2026-02-28T17:03:29Z</time>
</trkpt>
<trkpt lat="40.494676" lon="-82.205944">
<ele>388.8</ele>
<time>2026-02-28T17:03:32Z</time>
</trkpt>
<trkpt lat="40.494613" lon="-82.205988">
<ele>389.2</ele>
<time>2026-02-28T17:03:33Z</time>
</trkpt>
<trkpt lat="40.494408" lon="-82.206129">
<ele>389.6</ele>
<time>2026-02-28T17:03:36Z</time>
</trkpt>
<trkpt lat="40.494093" lon="-82.206379">
<ele>388.8</ele>
<time>2026-02-28T17:03:40Z</time>
</trkpt>
<trkpt lat="40.49392" lon="-82.206504">
<ele>387.8</ele>
<time>2026-02-28T17:03:42Z</time>
</trkpt>
<trkpt lat="40.493827" lon="-82.206565">
<ele>387.4</ele>
<time>2026-02-28T17:03:43Z</time>
</trkpt>
<trkpt lat="40.492878" lon="-82.207152">
<ele>385.7</ele>
<time>2026-02-28T17:03:52Z</time>
</trkpt>
<trkpt lat="40.492771" lon="-82.207219">
<ele>385.4</ele>
<time>2026-02-28T17:03:53Z</time>
</trkpt>
<trkpt lat="40.492232" lon="-82.207547">
<ele>383.8</ele>
<time>2026-02-28T17:03:58Z</time>
</trkpt>
<trkpt lat="40.491815" lon="-82.207822">
<ele>384.8</ele>
<time>2026-02-28T17:04:02Z</time>
</trkpt>
<trkpt lat="40.491713" lon="-82.207891">
<ele>384.5</ele>
<time>2026-02-28T17:04:03Z</time>
</trkpt>
<trkpt lat="40.491504" lon="-82.208018">
<ele>383.8</ele>
<time>2026-02-28T17:04:05Z</time>
</trkpt>
<trkpt lat="40.491295" lon="-82.208114">
<ele>383.5</ele>
<time>2026-02-28T17:04:07Z</time>
</trkpt>
<trkpt lat="40.490803" lon="-82.208274">
<ele>383.4</ele>
<time>2026-02-28T17:04:12Z</time>
</trkpt>
<trkpt lat="40.490711" lon="-82.208302">
<ele>383.6</ele>
<time>2026-02-28T17:04:13Z</time>
</trkpt>
<trkpt lat="40.490193" lon="-82.208492">
<ele>379.6</ele>
<time>2026-02-28T17:04:19Z</time>
</trkpt>
<trkpt lat="40.489926" lon="-82.208574">
<ele>377</ele>
<time>2026-02-28T17:04:22Z</time>
</trkpt>
<trkpt lat="40.489842" lon="-82.208604">
<ele>376.3</ele>
<time>2026-02-28T17:04:23Z</time>
</trkpt>
<trkpt lat="40.489579" lon="-82.2087">
<ele>373.2</ele>
<time>2026-02-28T17:04:26Z</time>
</trkpt>
<trkpt lat="40.489486" lon="-82.208749">
<ele>371.7</ele>
<time>2026-02-28T17:04:27Z</time>
</trkpt>
<trkpt lat="40.489297" lon="-82.208879">
<ele>369.1</ele>
<time>2026-02-28T17:04:29Z</time>
</trkpt>
<trkpt lat="40.489" lon="-82.20911">
<ele>366.4</ele>
<time>2026-02-28T17:04:32Z</time>
</trkpt>
<trkpt lat="40.488903" lon="-82.209194">
<ele>366.5</ele>
<time>2026-02-28T17:04:33Z</time>
</trkpt>
<trkpt lat="40.48881" lon="-82.209281">
<ele>365.5</ele>
<time>2026-02-28T17:04:34Z</time>
</trkpt>
<trkpt lat="40.488725" lon="-82.209378">
<ele>364.9</ele>
<time>2026-02-28T17:04:35Z</time>
</trkpt>
<trkpt lat="40.488653" lon="-82.209485">
<ele>364.9</ele>
<time>2026-02-28T17:04:36Z</time>
</trkpt>
<trkpt lat="40.488594" lon="-82.209597">
<ele>364.4</ele>
<time>2026-02-28T17:04:37Z</time>
</trkpt>
<trkpt lat="40.488507" lon="-82.209829">
<ele>365.1</ele>
<time>2026-02-28T17:04:39Z</time>
</trkpt>
<trkpt lat="40.488432" lon="-82.210167">
<ele>366.2</ele>
<time>2026-02-28T17:04:42Z</time>
</trkpt>
<trkpt lat="40.488412" lon="-82.210271">
<ele>366</ele>
<time>2026-02-28T17:04:43Z</time>
</trkpt>
<trkpt lat="40.488285" lon="-82.210886">
<ele>364.4</ele>
<time>2026-02-28T17:04:49Z</time>
</trkpt>
<trkpt lat="40.488195" lon="-82.211223">
<ele>362.8</ele>
<time>2026-02-28T17:04:52Z</time>
</trkpt>
<trkpt lat="40.488145" lon="-82.211336">
<ele>361.7</ele>
<time>2026-02-28T17:04:53Z</time>
</trkpt>
<trkpt lat="40.488086" lon="-82.211443">
<ele>361.2</ele>
<time>2026-02-28T17:04:54Z</time>
</trkpt>
<trkpt lat="40.488016" lon="-82.211542">
<ele>360.8</ele>
<time>2026-02-28T17:04:55Z</time>
</trkpt>
<trkpt lat="40.487855" lon="-82.2117">
<ele>359.8</ele>
<time>2026-02-28T17:04:57Z</time>
</trkpt>
<trkpt lat="40.487774" lon="-82.211758">
<ele>359.6</ele>
<time>2026-02-28T17:04:58Z</time>
</trkpt>
<trkpt lat="40.487696" lon="-82.211795">
<ele>359.9</ele>
<time>2026-02-28T17:04:59Z</time>
</trkpt>
<trkpt lat="40.487622" lon="-82.211818">
<ele>360</ele>
<time>2026-02-28T17:05:00Z</time>
</trkpt>
<trkpt lat="40.487492" lon="-82.21183">
<ele>361.2</ele>
<time>2026-02-28T17:05:02Z</time>
</trkpt>
<trkpt lat="40.487436" lon="-82.211832">
<ele>361.7</ele>
<time>2026-02-28T17:05:03Z</time>
</trkpt>
<trkpt lat="40.487287" lon="-82.211827">
<ele>361.5</ele>
<time>2026-02-28T17:05:06Z</time>
</trkpt>
<trkpt lat="40.486914" lon="-82.211839">
<ele>362.9</ele>
<time>2026-02-28T17:05:12Z</time>
</trkpt>
<trkpt lat="40.486836" lon="-82.211842">
<ele>363.5</ele>
<time>2026-02-28T17:05:13Z</time>
</trkpt>
<trkpt lat="40.486273" lon="-82.211882">
<ele>368.6</ele>
<time>2026-02-28T17:05:22Z</time>
</trkpt>
<trkpt lat="40.486217" lon="-82.211886">
<ele>368.9</ele>
<time>2026-02-28T17:05:23Z</time>
</trkpt>
<trkpt lat="40.48556" lon="-82.211897">
<ele>372.6</ele>
<time>2026-02-28T17:05:32Z</time>
</trkpt>
<trkpt lat="40.485481" lon="-82.211901">
<ele>372.3</ele>
<time>2026-02-28T17:05:33Z</time>
</trkpt>
<trkpt lat="40.485234" lon="-82.211913">
<ele>371</ele>
<time>2026-02-28T17:05:36Z</time>
</trkpt>
<trkpt lat="40.48499" lon="-82.21191">
<ele>370.3</ele>
<time>2026-02-28T17:05:39Z</time>
</trkpt>
<trkpt lat="40.484745" lon="-82.211925">
<ele>369.2</ele>
<time>2026-02-28T17:05:42Z</time>
</trkpt>
<trkpt lat="40.484662" lon="-82.211931">
<ele>369</ele>
<time>2026-02-28T17:05:43Z</time>
</trkpt>
<trkpt lat="40.483758" lon="-82.211995">
<ele>370.2</ele>
<time>2026-02-28T17:05:52Z</time>
</trkpt>
<trkpt lat="40.483657" lon="-82.212002">
<ele>370.9</ele>
<time>2026-02-28T17:05:53Z</time>
</trkpt>
<trkpt lat="40.483465" lon="-82.212019">
<ele>372.5</ele>
<time>2026-02-28T17:05:55Z</time>
</trkpt>
<trkpt lat="40.482934" lon="-82.21204">
<ele>371.8</ele>
<time>2026-02-28T17:06:02Z</time>
</trkpt>
<trkpt lat="40.482879" lon="-82.212041">
<ele>370.5</ele>
<time>2026-02-28T17:06:03Z</time>
</trkpt>
<trkpt lat="40.482751" lon="-82.212049">
<ele>369.1</ele>
<time>2026-02-28T17:06:07Z</time>
</trkpt>
<trkpt lat="40.482687" lon="-82.212036">
<ele>369.6</ele>
<time>2026-02-28T17:06:09Z</time>
</trkpt>
<trkpt lat="40.482655" lon="-82.212003">
<ele>368.6</ele>
<time>2026-02-28T17:06:10Z</time>
</trkpt>
<trkpt lat="40.482597" lon="-82.211879">
<ele>368.9</ele>
<time>2026-02-28T17:06:12Z</time>
</trkpt>
<trkpt lat="40.48257" lon="-82.211799">
<ele>369.2</ele>
<time>2026-02-28T17:06:13Z</time>
</trkpt>
<trkpt lat="40.482469" lon="-82.211514">
<ele>370.1</ele>
<time>2026-02-28T17:06:16Z</time>
</trkpt>
<trkpt lat="40.482308" lon="-82.210914">
<ele>374.7</ele>
<time>2026-02-28T17:06:22Z</time>
</trkpt>
<trkpt lat="40.482281" lon="-82.210813">
<ele>375.6</ele>
<time>2026-02-28T17:06:23Z</time>
</trkpt>
<trkpt lat="40.482048" lon="-82.209874">
<ele>380.9</ele>
<time>2026-02-28T17:06:32Z</time>
</trkpt>
<trkpt lat="40.48201" lon="-82.209779">
<ele>381.7</ele>
<time>2026-02-28T17:06:33Z</time>
</trkpt>
<trkpt lat="40.481956" lon="-82.2097">
<ele>382.8</ele>
<time>2026-02-28T17:06:34Z</time>
</trkpt>
<trkpt lat="40.481891" lon="-82.20964">
<ele>383.2</ele>
<time>2026-02-28T17:06:35Z</time>
</trkpt>
<trkpt lat="40.481807" lon="-82.209612">
<ele>384.2</ele>
<time>2026-02-28T17:06:36Z</time>
</trkpt>
<trkpt lat="40.48172" lon="-82.209608">
<ele>385.1</ele>
<time>2026-02-28T17:06:37Z</time>
</trkpt>
<trkpt lat="40.481289" lon="-82.20968">
<ele>387.2</ele>
<time>2026-02-28T17:06:42Z</time>
</trkpt>
<trkpt lat="40.48121" lon="-82.209687">
<ele>387.7</ele>
<time>2026-02-28T17:06:43Z</time>
</trkpt>
<trkpt lat="40.480816" lon="-82.209698">
<ele>384.4</ele>
<time>2026-02-28T17:06:48Z</time>
</trkpt>
<trkpt lat="40.480452" lon="-82.209685">
<ele>380.1</ele>
<time>2026-02-28T17:06:52Z</time>
</trkpt>
<trkpt lat="40.48035" lon="-82.20968">
<ele>378.9</ele>
<time>2026-02-28T17:06:53Z</time>
</trkpt>
<trkpt lat="40.480249" lon="-82.209675">
<ele>377.6</ele>
<time>2026-02-28T17:06:54Z</time>
</trkpt>
<trkpt lat="40.479843" lon="-82.209613">
<ele>372.7</ele>
<time>2026-02-28T17:06:58Z</time>
</trkpt>
<trkpt lat="40.479642" lon="-82.209569">
<ele>370.5</ele>
<time>2026-02-28T17:07:00Z</time>
</trkpt>
<trkpt lat="40.479444" lon="-82.209513">
<ele>368.6</ele>
<time>2026-02-28T17:07:02Z</time>
</trkpt>
<trkpt lat="40.479345" lon="-82.209479">
<ele>368.3</ele>
<time>2026-02-28T17:07:03Z</time>
</trkpt>
<trkpt lat="40.478865" lon="-82.209294">
<ele>364.7</ele>
<time>2026-02-28T17:07:08Z</time>
</trkpt>
<trkpt lat="40.478456" lon="-82.209105">
<ele>362</ele>
<time>2026-02-28T17:07:12Z</time>
</trkpt>
<trkpt lat="40.478361" lon="-82.209057">
<ele>361.5</ele>
<time>2026-02-28T17:07:13Z</time>
</trkpt>
<trkpt lat="40.47746" lon="-82.208602">
<ele>352.8</ele>
<time>2026-02-28T17:07:22Z</time>
</trkpt>
<trkpt lat="40.477352" lon="-82.208549">
<ele>351.6</ele>
<time>2026-02-28T17:07:23Z</time>
</trkpt>
<trkpt lat="40.476342" lon="-82.208066">
<ele>346.4</ele>
<time>2026-02-28T17:07:32Z</time>
</trkpt>
<trkpt lat="40.47623" lon="-82.208017">
<ele>345.8</ele>
<time>2026-02-28T17:07:33Z</time>
</trkpt>
<trkpt lat="40.475803" lon="-82.207826">
<ele>344.2</ele>
<time>2026-02-28T17:07:37Z</time>
</trkpt>
<trkpt lat="40.475593" lon="-82.207742">
<ele>344.6</ele>
<time>2026-02-28T17:07:39Z</time>
</trkpt>
<trkpt lat="40.475383" lon="-82.207677">
<ele>345.5</ele>
<time>2026-02-28T17:07:41Z</time>
</trkpt>
<trkpt lat="40.475275" lon="-82.207656">
<ele>345.2</ele>
<time>2026-02-28T17:07:42Z</time>
</trkpt>
<trkpt lat="40.475164" lon="-82.207641">
<ele>344.7</ele>
<time>2026-02-28T17:07:43Z</time>
</trkpt>
<trkpt lat="40.474579" lon="-82.207645">
<ele>341.8</ele>
<time>2026-02-28T17:07:48Z</time>
</trkpt>
<trkpt lat="40.474124" lon="-82.20767">
<ele>340.7</ele>
<time>2026-02-28T17:07:52Z</time>
</trkpt>
<trkpt lat="40.474019" lon="-82.207675">
<ele>340.6</ele>
<time>2026-02-28T17:07:53Z</time>
</trkpt>
<trkpt lat="40.473481" lon="-82.207677">
<ele>334.4</ele>
<time>2026-02-28T17:07:58Z</time>
</trkpt>
<trkpt lat="40.473002" lon="-82.207719">
<ele>332.3</ele>
<time>2026-02-28T17:08:02Z</time>
</trkpt>
<trkpt lat="40.47289" lon="-82.207734">
<ele>332.3</ele>
<time>2026-02-28T17:08:03Z</time>
</trkpt>
<trkpt lat="40.472463" lon="-82.207772">
<ele>331.3</ele>
<time>2026-02-28T17:08:07Z</time>
</trkpt>
<trkpt lat="40.472101" lon="-82.207779">
<ele>325.4</ele>
<time>2026-02-28T17:08:10Z</time>
</trkpt>
<trkpt lat="40.471839" lon="-82.207798">
<ele>322.8</ele>
<time>2026-02-28T17:08:12Z</time>
</trkpt>
<trkpt lat="40.471714" lon="-82.207813">
<ele>321.6</ele>
<time>2026-02-28T17:08:13Z</time>
</trkpt>
<trkpt lat="40.471452" lon="-82.20782">
<ele>317.7</ele>
<time>2026-02-28T17:08:15Z</time>
</trkpt>
<trkpt lat="40.470977" lon="-82.207857">
<ele>316</ele>
<time>2026-02-28T17:08:18Z</time>
</trkpt>
<trkpt lat="40.470297" lon="-82.20789">
<ele>312.8</ele>
<time>2026-02-28T17:08:22Z</time>
</trkpt>
<trkpt lat="40.470126" lon="-82.207895">
<ele>311.9</ele>
<time>2026-02-28T17:08:23Z</time>
</trkpt>
<trkpt lat="40.469516" lon="-82.207924">
<ele>307.2</ele>
<time>2026-02-28T17:08:27Z</time>
</trkpt>
<trkpt lat="40.469048" lon="-82.207899">
<ele>302.8</ele>
<time>2026-02-28T17:08:30Z</time>
</trkpt>
<trkpt lat="40.468726" lon="-82.207902">
<ele>301.2</ele>
<time>2026-02-28T17:08:32Z</time>
</trkpt>
<trkpt lat="40.468569" lon="-82.207907">
<ele>300.3</ele>
<time>2026-02-28T17:08:33Z</time>
</trkpt>
<trkpt lat="40.467024" lon="-82.207973">
<ele>295</ele>
<time>2026-02-28T17:08:42Z</time>
</trkpt>
<trkpt lat="40.466841" lon="-82.207981">
<ele>295.6</ele>
<time>2026-02-28T17:08:43Z</time>
</trkpt>
<trkpt lat="40.466163" lon="-82.207983">
<ele>292.8</ele>
<time>2026-02-28T17:08:47Z</time>
</trkpt>
<trkpt lat="40.465356" lon="-82.208001">
<ele>291.6</ele>
<time>2026-02-28T17:08:52Z</time>
</trkpt>
<trkpt lat="40.465195" lon="-82.208011">
<ele>291.4</ele>
<time>2026-02-28T17:08:53Z</time>
</trkpt>
<trkpt lat="40.464738" lon="-82.208011">
<ele>290</ele>
<time>2026-02-28T17:08:56Z</time>
</trkpt>
<trkpt lat="40.46445" lon="-82.208032">
<ele>289</ele>
<time>2026-02-28T17:08:58Z</time>
</trkpt>
<trkpt lat="40.463969" lon="-82.208096">
<ele>286.4</ele>
<time>2026-02-28T17:09:02Z</time>
</trkpt>
<trkpt lat="40.463875" lon="-82.20811">
<ele>286.8</ele>
<time>2026-02-28T17:09:03Z</time>
</trkpt>
<trkpt lat="40.463793" lon="-82.20813">
<ele>287.8</ele>
<time>2026-02-28T17:09:04Z</time>
</trkpt>
<trkpt lat="40.463609" lon="-82.208138">
<ele>290.6</ele>
<time>2026-02-28T17:09:07Z</time>
</trkpt>
<trkpt lat="40.46352" lon="-82.208112">
<ele>290.6</ele>
<time>2026-02-28T17:09:10Z</time>
</trkpt>
<trkpt lat="40.463503" lon="-82.208079">
<ele>292.3</ele>
<time>2026-02-28T17:09:13Z</time>
</trkpt>
<trkpt lat="40.463503" lon="-82.20808">
<ele>293.2</ele>
<time>2026-02-28T17:09:14Z</time>
</trkpt>
<trkpt lat="40.463481" lon="-82.208065">
<ele>288.9</ele>
<time>2026-02-28T17:09:21Z</time>
</trkpt>
<trkpt lat="40.463405" lon="-82.20805">
<ele>287.8</ele>
<time>2026-02-28T17:09:23Z</time>
</trkpt>
<trkpt lat="40.463358" lon="-82.208004">
<ele>288.1</ele>
<time>2026-02-28T17:09:25Z</time>
</trkpt>
<trkpt lat="40.463329" lon="-82.207963">
<ele>289.4</ele>
<time>2026-02-28T17:09:26Z</time>
</trkpt>
<trkpt lat="40.463321" lon="-82.207832">
<ele>290.8</ele>
<time>2026-02-28T17:09:28Z</time>
</trkpt>
<trkpt lat="40.46334" lon="-82.207758">
<ele>291.7</ele>
<time>2026-02-28T17:09:29Z</time>
</trkpt>
<trkpt lat="40.463599" lon="-82.207133">
<ele>292.1</ele>
<time>2026-02-28T17:09:35Z</time>
</trkpt>
<trkpt lat="40.463746" lon="-82.206703">
<ele>289.6</ele>
<time>2026-02-28T17:09:38Z</time>
</trkpt>
<trkpt lat="40.463789" lon="-82.206569">
<ele>290.3</ele>
<time>2026-02-28T17:09:39Z</time>
</trkpt>
<trkpt lat="40.464184" lon="-82.205481">
<ele>286.8</ele>
<time>2026-02-28T17:09:48Z</time>
</trkpt>
<trkpt lat="40.464215" lon="-82.205403">
<ele>286.6</ele>
<time>2026-02-28T17:09:49Z</time>
</trkpt>
<trkpt lat="40.464282" lon="-82.205218">
<ele>286.8</ele>
<time>2026-02-28T17:09:52Z</time>
</trkpt>
<trkpt lat="40.464364" lon="-82.205039">
<ele>289.6</ele>
<time>2026-02-28T17:09:58Z</time>
</trkpt>
<trkpt lat="40.464373" lon="-82.20501">
<ele>290.7</ele>
<time>2026-02-28T17:09:59Z</time>
</trkpt>
<trkpt lat="40.464436" lon="-82.204749">
<ele>292</ele>
<time>2026-02-28T17:10:04Z</time>
</trkpt>
<trkpt lat="40.464518" lon="-82.204332">
<ele>290.9</ele>
<time>2026-02-28T17:10:08Z</time>
</trkpt>
<trkpt lat="40.464539" lon="-82.204214">
<ele>290.7</ele>
<time>2026-02-28T17:10:09Z</time>
</trkpt>
<trkpt lat="40.464579" lon="-82.203962">
<ele>289.5</ele>
<time>2026-02-28T17:10:11Z</time>
</trkpt>
<trkpt lat="40.464607" lon="-82.20355">
<ele>289.4</ele>
<time>2026-02-28T17:10:14Z</time>
</trkpt>
<trkpt lat="40.464618" lon="-82.202951">
<ele>288.8</ele>
<time>2026-02-28T17:10:18Z</time>
</trkpt>
<trkpt lat="40.464615" lon="-82.202791">
<ele>288</ele>
<time>2026-02-28T17:10:19Z</time>
</trkpt>
<trkpt lat="40.464581" lon="-82.200994">
<ele>284.9</ele>
<time>2026-02-28T17:10:28Z</time>
</trkpt>
<trkpt lat="40.464576" lon="-82.200758">
<ele>284.8</ele>
<time>2026-02-28T17:10:29Z</time>
</trkpt>
<trkpt lat="40.464553" lon="-82.199257">
<ele>281.9</ele>
<time>2026-02-28T17:10:35Z</time>
</trkpt>
<trkpt lat="40.464524" lon="-82.198505">
<ele>281.6</ele>
<time>2026-02-28T17:10:38Z</time>
</trkpt>
<trkpt lat="40.46451" lon="-82.198243">
<ele>280.2</ele>
<time>2026-02-28T17:10:39Z</time>
</trkpt>
<trkpt lat="40.464508" lon="-82.19798">
<ele>279.2</ele>
<time>2026-02-28T17:10:40Z</time>
</trkpt>
<trkpt lat="40.46452" lon="-82.197698">
<ele>277.5</ele>
<time>2026-02-28T17:10:41Z</time>
</trkpt>
<trkpt lat="40.46458" lon="-82.197153">
<ele>276.9</ele>
<time>2026-02-28T17:10:43Z</time>
</trkpt>
<trkpt lat="40.464626" lon="-82.196892">
<ele>276.4</ele>
<time>2026-02-28T17:10:44Z</time>
</trkpt>
<trkpt lat="40.464779" lon="-82.196359">
<ele>275.5</ele>
<time>2026-02-28T17:10:46Z</time>
</trkpt>
<trkpt lat="40.464866" lon="-82.196097">
<ele>274.8</ele>
<time>2026-02-28T17:10:47Z</time>
</trkpt>
<trkpt lat="40.464966" lon="-82.195852">
<ele>274.6</ele>
<time>2026-02-28T17:10:48Z</time>
</trkpt>
<trkpt lat="40.465079" lon="-82.195627">
<ele>274.2</ele>
<time>2026-02-28T17:10:49Z</time>
</trkpt>
<trkpt lat="40.465199" lon="-82.195414">
<ele>273.8</ele>
<time>2026-02-28T17:10:50Z</time>
</trkpt>
<trkpt lat="40.465326" lon="-82.195218">
<ele>272.9</ele>
<time>2026-02-28T17:10:51Z</time>
</trkpt>
<trkpt lat="40.46596" lon="-82.194331">
<ele>271.8</ele>
<time>2026-02-28T17:10:56Z</time>
</trkpt>
<trkpt lat="40.466179" lon="-82.193999">
<ele>271.9</ele>
<time>2026-02-28T17:10:58Z</time>
</trkpt>
<trkpt lat="40.466276" lon="-82.193855">
<ele>270.9</ele>
<time>2026-02-28T17:10:59Z</time>
</trkpt>
<trkpt lat="40.466357" lon="-82.193727">
<ele>269.7</ele>
<time>2026-02-28T17:11:00Z</time>
</trkpt>
<trkpt lat="40.466659" lon="-82.193356">
<ele>265.8</ele>
<time>2026-02-28T17:11:05Z</time>
</trkpt>
<trkpt lat="40.466677" lon="-82.193294">
<ele>265.8</ele>
<time>2026-02-28T17:11:06Z</time>
</trkpt>
<trkpt lat="40.466678" lon="-82.19322">
<ele>265</ele>
<time>2026-02-28T17:11:07Z</time>
</trkpt>
<trkpt lat="40.466653" lon="-82.19317">
<ele>265.5</ele>
<time>2026-02-28T17:11:08Z</time>
</trkpt>
<trkpt lat="40.466599" lon="-82.193138">
<ele>267.4</ele>
<time>2026-02-28T17:11:09Z</time>
</trkpt>
<trkpt lat="40.466555" lon="-82.193108">
<ele>265.8</ele>
<time>2026-02-28T17:11:10Z</time>
</trkpt>
<trkpt lat="40.466497" lon="-82.193084">
<ele>265.9</ele>
<time>2026-02-28T17:11:11Z</time>
</trkpt>
<trkpt lat="40.466444" lon="-82.193083">
<ele>266.5</ele>
<time>2026-02-28T17:11:12Z</time>
</trkpt>
<trkpt lat="40.466379" lon="-82.1931">
<ele>266.2</ele>
<time>2026-02-28T17:11:13Z</time>
</trkpt>
<trkpt lat="40.466178" lon="-82.193272">
<ele>263.1</ele>
<time>2026-02-28T17:11:18Z</time>
</trkpt>
<trkpt lat="40.466133" lon="-82.193307">
<ele>262.5</ele>
<time>2026-02-28T17:11:19Z</time>
</trkpt>
<trkpt lat="40.465981" lon="-82.193414">
<ele>263.6</ele>
<time>2026-02-28T17:11:23Z</time>
</trkpt>
<trkpt lat="40.465857" lon="-82.193418">
<ele>264.6</ele>
<time>2026-02-28T17:11:26Z</time>
</trkpt>
<trkpt lat="40.465766" lon="-82.193374">
<ele>263.8</ele>
<time>2026-02-28T17:11:28Z</time>
</trkpt>
<trkpt lat="40.465713" lon="-82.193364">
<ele>264.6</ele>
<time>2026-02-28T17:11:29Z</time>
</trkpt>
<trkpt lat="40.465609" lon="-82.193364">
<ele>264.5</ele>
<time>2026-02-28T17:11:31Z</time>
</trkpt>
<trkpt lat="40.465521" lon="-82.193345">
<ele>266</ele>
<time>2026-02-28T17:11:33Z</time>
</trkpt>
<trkpt lat="40.465445" lon="-82.193317">
<ele>266.3</ele>
<time>2026-02-28T17:11:35Z</time>
</trkpt>
<trkpt lat="40.46532" lon="-82.193253">
<ele>267.9</ele>
<time>2026-02-28T17:11:39Z</time>
</trkpt>
<trkpt lat="40.465289" lon="-82.193231">
<ele>267.6</ele>
<time>2026-02-28T17:11:40Z</time>
</trkpt>
<trkpt lat="40.465056" lon="-82.193003">
<ele>268</ele>
<time>2026-02-28T17:11:49Z</time>
</trkpt>
<trkpt lat="40.465039" lon="-82.19298">
<ele>268.5</ele>
<time>2026-02-28T17:11:50Z</time>
</trkpt>
<trkpt lat="40.465024" lon="-82.192936">
<ele>271</ele>
<time>2026-02-28T17:11:52Z</time>
</trkpt>
<trkpt lat="40.465051" lon="-82.192888">
<ele>273.9</ele>
<time>2026-02-28T17:11:54Z</time>
</trkpt>
<trkpt lat="40.465148" lon="-82.192809">
<ele>275.7</ele>
<time>2026-02-28T17:11:57Z</time>
</trkpt>
<trkpt lat="40.465243" lon="-82.192749">
<ele>277.7</ele>
<time>2026-02-28T17:11:59Z</time>
</trkpt>
<trkpt lat="40.465293" lon="-82.192723">
<ele>279.4</ele>
<time>2026-02-28T17:12:00Z</time>
</trkpt>
<trkpt lat="40.465574" lon="-82.192446">
<ele>275.5</ele>
<time>2026-02-28T17:12:07Z</time>
</trkpt>
</trkseg>
<trkseg>
<trkpt lat="40.464477" lon="-82.19312">
<ele>268.8</ele>
<time>2026-02-28T17:52:57Z</time>
</trkpt>
<trkpt lat="40.46452" lon="-82.193095">
<ele>310.7</ele>
<time>2026-02-28T17:52:58Z</time>
</trkpt>
<trkpt lat="40.464382" lon="-82.193391">
<ele>288.9</ele>
<time>2026-02-28T17:53:00Z</time>
</trkpt>
<trkpt lat="40.463882" lon="-82.193618">
<ele>262.1</ele>
<time>2026-02-28T17:53:09Z</time>
</trkpt>
<trkpt lat="40.463766" lon="-82.193697">
<ele>262.6</ele>
<time>2026-02-28T17:53:11Z</time>
</trkpt>
<trkpt lat="40.463439" lon="-82.193957">
<ele>263.4</ele>
<time>2026-02-28T17:53:17Z</time>
</trkpt>
<trkpt lat="40.463391" lon="-82.193999">
<ele>266.3</ele>
<time>2026-02-28T17:53:18Z</time>
</trkpt>
<trkpt lat="40.463349" lon="-82.194039">
<ele>269.7</ele>
<time>2026-02-28T17:53:19Z</time>
</trkpt>
<trkpt lat="40.463191" lon="-82.19413">
<ele>273.1</ele>
<time>2026-02-28T17:53:23Z</time>
</trkpt>
<trkpt lat="40.46312" lon="-82.194141">
<ele>275.7</ele>
<time>2026-02-28T17:53:25Z</time>
</trkpt>
<trkpt lat="40.46308" lon="-82.194136">
<ele>276.3</ele>
<time>2026-02-28T17:53:26Z</time>
</trkpt>
<trkpt lat="40.463053" lon="-82.194116">
<ele>277.1</ele>
<time>2026-02-28T17:53:27Z</time>
</trkpt>
<trkpt lat="40.463026" lon="-82.194088">
<ele>277</ele>
<time>2026-02-28T17:53:28Z</time>
</trkpt>
<trkpt lat="40.462978" lon="-82.194025">
<ele>277.9</ele>
<time>2026-02-28T17:53:30Z</time>
</trkpt>
<trkpt lat="40.462934" lon="-82.193942">
<ele>279.7</ele>
<time>2026-02-28T17:53:32Z</time>
</trkpt>
<trkpt lat="40.46292" lon="-82.19389">
<ele>280.1</ele>
<time>2026-02-28T17:53:33Z</time>
</trkpt>
<trkpt lat="40.462911" lon="-82.19377">
<ele>282</ele>
<time>2026-02-28T17:53:35Z</time>
</trkpt>
<trkpt lat="40.462943" lon="-82.19366">
<ele>283.5</ele>
<time>2026-02-28T17:53:37Z</time>
</trkpt>
<trkpt lat="40.462976" lon="-82.1936">
<ele>285</ele>
<time>2026-02-28T17:53:38Z</time>
</trkpt>
<trkpt lat="40.463014" lon="-82.193555">
<ele>286.4</ele>
<time>2026-02-28T17:53:39Z</time>
</trkpt>
<trkpt lat="40.463142" lon="-82.193447">
<ele>289.7</ele>
<time>2026-02-28T17:53:42Z</time>
</trkpt>
<trkpt lat="40.463431" lon="-82.193279">
<ele>293.8</ele>
<time>2026-02-28T17:53:47Z</time>
</trkpt>
<trkpt lat="40.463486" lon="-82.193252">
<ele>295</ele>
<time>2026-02-28T17:53:48Z</time>
</trkpt>
<trkpt lat="40.463781" lon="-82.193109">
<ele>296.8</ele>
<time>2026-02-28T17:53:53Z</time>
</trkpt>
<trkpt lat="40.463884" lon="-82.193031">
<ele>297.1</ele>
<time>2026-02-28T17:53:55Z</time>
</trkpt>
<trkpt lat="40.46399" lon="-82.192935">
<ele>297.3</ele>
<time>2026-02-28T17:53:57Z</time>
</trkpt>
<trkpt lat="40.464047" lon="-82.192881">
<ele>297.4</ele>
<time>2026-02-28T17:53:58Z</time>
</trkpt>
<trkpt lat="40.464235" lon="-82.192697">
<ele>298</ele>
<time>2026-02-28T17:54:01Z</time>
</trkpt>
<trkpt lat="40.464633" lon="-82.192374">
<ele>302.2</ele>
<time>2026-02-28T17:54:07Z</time>
</trkpt>
<trkpt lat="40.464704" lon="-82.192311">
<ele>302.5</ele>
<time>2026-02-28T17:54:08Z</time>
</trkpt>
<trkpt lat="40.464949" lon="-82.192103">
<ele>304</ele>
<time>2026-02-28T17:54:12Z</time>
</trkpt>
<trkpt lat="40.465204" lon="-82.191861">
<ele>305.2</ele>
<time>2026-02-28T17:54:17Z</time>
</trkpt>
<trkpt lat="40.465249" lon="-82.191818">
<ele>305.5</ele>
<time>2026-02-28T17:54:18Z</time>
</trkpt>
<trkpt lat="40.46528" lon="-82.191779">
<ele>305.3</ele>
<time>2026-02-28T17:54:19Z</time>
</trkpt>
<trkpt lat="40.465294" lon="-82.19173">
<ele>304.6</ele>
<time>2026-02-28T17:54:20Z</time>
</trkpt>
<trkpt lat="40.465314" lon="-82.191582">
<ele>304.3</ele>
<time>2026-02-28T17:54:23Z</time>
</trkpt>
<trkpt lat="40.465288" lon="-82.191496">
<ele>305.2</ele>
<time>2026-02-28T17:54:25Z</time>
</trkpt>
<trkpt lat="40.46524" lon="-82.191429">
<ele>306.2</ele>
<time>2026-02-28T17:54:27Z</time>
</trkpt>
<trkpt lat="40.465225" lon="-82.191413">
<ele>307.8</ele>
<time>2026-02-28T17:54:28Z</time>
</trkpt>
<trkpt lat="40.465186" lon="-82.191388">
<ele>310.5</ele>
<time>2026-02-28T17:54:30Z</time>
</trkpt>
<trkpt lat="40.465115" lon="-82.191406">
<ele>316.2</ele>
<time>2026-02-28T17:54:33Z</time>
</trkpt>
<trkpt lat="40.465005" lon="-82.191386">
<ele>314.7</ele>
<time>2026-02-28T17:54:37Z</time>
</trkpt>
<trkpt lat="40.46498" lon="-82.191399">
<ele>316.8</ele>
<time>2026-02-28T17:54:38Z</time>
</trkpt>
<trkpt lat="40.46487" lon="-82.191381">
<ele>318.7</ele>
<time>2026-02-28T17:54:42Z</time>
</trkpt>
<trkpt lat="40.464797" lon="-82.191379">
<ele>319.3</ele>
<time>2026-02-28T17:54:44Z</time>
</trkpt>
<trkpt lat="40.464686" lon="-82.191349">
<ele>322.1</ele>
<time>2026-02-28T17:54:47Z</time>
</trkpt>
<trkpt lat="40.464641" lon="-82.191336">
<ele>322.9</ele>
<time>2026-02-28T17:54:48Z</time>
</trkpt>
<trkpt lat="40.464494" lon="-82.191276">
<ele>327.9</ele>
<time>2026-02-28T17:54:52Z</time>
</trkpt>
<trkpt lat="40.464252" lon="-82.191206">
<ele>330.1</ele>
<time>2026-02-28T17:54:57Z</time>
</trkpt>
<trkpt lat="40.464212" lon="-82.191197">
<ele>331</ele>
<time>2026-02-28T17:54:58Z</time>
</trkpt>
<trkpt lat="40.464085" lon="-82.191148">
<ele>333</ele>
<time>2026-02-28T17:55:01Z</time>
</trkpt>
<trkpt lat="40.463791" lon="-82.191077">
<ele>337.1</ele>
<time>2026-02-28T17:55:07Z</time>
</trkpt>
<trkpt lat="40.463741" lon="-82.191066">
<ele>338.4</ele>
<time>2026-02-28T17:55:08Z</time>
</trkpt>
<trkpt lat="40.463325" lon="-82.190959">
<ele>346.8</ele>
<time>2026-02-28T17:55:15Z</time>
</trkpt>
<trkpt lat="40.463208" lon="-82.19094">
<ele>346.2</ele>
<time>2026-02-28T17:55:17Z</time>
</trkpt>
<trkpt lat="40.463148" lon="-82.190923">
<ele>345.7</ele>
<time>2026-02-28T17:55:18Z</time>
</trkpt>
<trkpt lat="40.462951" lon="-82.190858">
<ele>343.4</ele>
<time>2026-02-28T17:55:21Z</time>
</trkpt>
<trkpt lat="40.462812" lon="-82.1908">
<ele>340.5</ele>
<time>2026-02-28T17:55:23Z</time>
</trkpt>
<trkpt lat="40.462669" lon="-82.190726">
<ele>340.5</ele>
<time>2026-02-28T17:55:25Z</time>
</trkpt>
<trkpt lat="40.462543" lon="-82.190628">
<ele>343</ele>
<time>2026-02-28T17:55:27Z</time>
</trkpt>
<trkpt lat="40.462482" lon="-82.190567">
<ele>344.3</ele>
<time>2026-02-28T17:55:28Z</time>
</trkpt>
<trkpt lat="40.462375" lon="-82.190447">
<ele>349</ele>
<time>2026-02-28T17:55:30Z</time>
</trkpt>
<trkpt lat="40.462331" lon="-82.190388">
<ele>350.7</ele>
<time>2026-02-28T17:55:31Z</time>
</trkpt>
<trkpt lat="40.462298" lon="-82.190321">
<ele>352.4</ele>
<time>2026-02-28T17:55:32Z</time>
</trkpt>
<trkpt lat="40.462197" lon="-82.18994">
<ele>359.8</ele>
<time>2026-02-28T17:55:37Z</time>
</trkpt>
<trkpt lat="40.462184" lon="-82.189853">
<ele>359.9</ele>
<time>2026-02-28T17:55:38Z</time>
</trkpt>
<trkpt lat="40.462172" lon="-82.189539">
<ele>357.9</ele>
<time>2026-02-28T17:55:41Z</time>
</trkpt>
<trkpt lat="40.462143" lon="-82.189343">
<ele>357.9</ele>
<time>2026-02-28T17:55:43Z</time>
</trkpt>
<trkpt lat="40.46209" lon="-82.189205">
<ele>356.1</ele>
<time>2026-02-28T17:55:45Z</time>
</trkpt>
<trkpt lat="40.462061" lon="-82.189158">
<ele>355.9</ele>
<time>2026-02-28T17:55:46Z</time>
</trkpt>
<trkpt lat="40.462032" lon="-82.18914">
<ele>354.6</ele>
<time>2026-02-28T17:55:47Z</time>
</trkpt>
<trkpt lat="40.461994" lon="-82.189162">
<ele>353.7</ele>
<time>2026-02-28T17:55:48Z</time>
</trkpt>
<trkpt lat="40.461878" lon="-82.189221">
<ele>360.3</ele>
<time>2026-02-28T17:55:50Z</time>
</trkpt>
<trkpt lat="40.461672" lon="-82.189416">
<ele>359</ele>
<time>2026-02-28T17:55:54Z</time>
</trkpt>
<trkpt lat="40.461514" lon="-82.189536">
<ele>361.9</ele>
<time>2026-02-28T17:55:57Z</time>
</trkpt>
<trkpt lat="40.461457" lon="-82.18957">
<ele>364.8</ele>
<time>2026-02-28T17:55:58Z</time>
</trkpt>
<trkpt lat="40.461408" lon="-82.189576">
<ele>366.4</ele>
<time>2026-02-28T17:55:59Z</time>
</trkpt>
<trkpt lat="40.461381" lon="-82.189552">
<ele>365</ele>
<time>2026-02-28T17:56:00Z</time>
</trkpt>
<trkpt lat="40.461144" lon="-82.189435">
<ele>369.7</ele>
<time>2026-02-28T17:56:04Z</time>
</trkpt>
<trkpt lat="40.460996" lon="-82.189315">
<ele>369.9</ele>
<time>2026-02-28T17:56:07Z</time>
</trkpt>
<trkpt lat="40.460946" lon="-82.189276">
<ele>369.6</ele>
<time>2026-02-28T17:56:08Z</time>
</trkpt>
<trkpt lat="40.460439" lon="-82.18888">
<ele>371.4</ele>
<time>2026-02-28T17:56:17Z</time>
</trkpt>
<trkpt lat="40.460364" lon="-82.18883">
<ele>371</ele>
<time>2026-02-28T17:56:18Z</time>
</trkpt>
<trkpt lat="40.459993" lon="-82.188531">
<ele>367</ele>
<time>2026-02-28T17:56:23Z</time>
</trkpt>
<trkpt lat="40.459679" lon="-82.188297">
<ele>365.5</ele>
<time>2026-02-28T17:56:27Z</time>
</trkpt>
<trkpt lat="40.459601" lon="-82.188241">
<ele>364.4</ele>
<time>2026-02-28T17:56:28Z</time>
</trkpt>
<trkpt lat="40.459447" lon="-82.188144">
<ele>364.1</ele>
<time>2026-02-28T17:56:30Z</time>
</trkpt>
<trkpt lat="40.459136" lon="-82.187918">
<ele>366.1</ele>
<time>2026-02-28T17:56:34Z</time>
</trkpt>
<trkpt lat="40.458887" lon="-82.18775">
<ele>366.3</ele>
<time>2026-02-28T17:56:37Z</time>
</trkpt>
<trkpt lat="40.458801" lon="-82.187688">
<ele>366.3</ele>
<time>2026-02-28T17:56:38Z</time>
</trkpt>
<trkpt lat="40.458632" lon="-82.187569">
<ele>366.6</ele>
<time>2026-02-28T17:56:40Z</time>
</trkpt>
<trkpt lat="40.45847" lon="-82.187429">
<ele>366.9</ele>
<time>2026-02-28T17:56:42Z</time>
</trkpt>
<trkpt lat="40.45808" lon="-82.187002">
<ele>371.8</ele>
<time>2026-02-28T17:56:47Z</time>
</trkpt>
<trkpt lat="40.458003" lon="-82.186926">
<ele>372.2</ele>
<time>2026-02-28T17:56:48Z</time>
</trkpt>
<trkpt lat="40.457796" lon="-82.186707">
<ele>372.6</ele>
<time>2026-02-28T17:56:51Z</time>
</trkpt>
<trkpt lat="40.45733" lon="-82.186273">
<ele>372</ele>
<time>2026-02-28T17:56:57Z</time>
</trkpt>
<trkpt lat="40.457247" lon="-82.186198">
<ele>371.9</ele>
<time>2026-02-28T17:56:58Z</time>
</trkpt>
<trkpt lat="40.457083" lon="-82.186052">
<ele>371.5</ele>
<time>2026-02-28T17:57:00Z</time>
</trkpt>
<trkpt lat="40.456911" lon="-82.185916">
<ele>371</ele>
<time>2026-02-28T17:57:02Z</time>
</trkpt>
<trkpt lat="40.456738" lon="-82.185795">
<ele>370.5</ele>
<time>2026-02-28T17:57:04Z</time>
</trkpt>
<trkpt lat="40.456475" lon="-82.185643">
<ele>370.8</ele>
<time>2026-02-28T17:57:07Z</time>
</trkpt>
<trkpt lat="40.456382" lon="-82.185589">
<ele>371.1</ele>
<time>2026-02-28T17:57:08Z</time>
</trkpt>
<trkpt lat="40.455492" lon="-82.185076">
<ele>372.3</ele>
<time>2026-02-28T17:57:17Z</time>
</trkpt>
<trkpt lat="40.455397" lon="-82.185021">
<ele>372.4</ele>
<time>2026-02-28T17:57:18Z</time>
</trkpt>
<trkpt lat="40.454914" lon="-82.184735">
<ele>371.6</ele>
<time>2026-02-28T17:57:23Z</time>
</trkpt>
<trkpt lat="40.454559" lon="-82.184543">
<ele>369.6</ele>
<time>2026-02-28T17:57:27Z</time>
</trkpt>
<trkpt lat="40.454492" lon="-82.184512">
<ele>370.5</ele>
<time>2026-02-28T17:57:28Z</time>
</trkpt>
<trkpt lat="40.454439" lon="-82.184492">
<ele>370.6</ele>
<time>2026-02-28T17:57:29Z</time>
</trkpt>
<trkpt lat="40.454195" lon="-82.184457">
<ele>371.1</ele>
<time>2026-02-28T17:57:33Z</time>
</trkpt>
<trkpt lat="40.453941" lon="-82.184468">
<ele>372</ele>
<time>2026-02-28T17:57:37Z</time>
</trkpt>
<trkpt lat="40.453869" lon="-82.184477">
<ele>372.2</ele>
<time>2026-02-28T17:57:38Z</time>
</trkpt>
<trkpt lat="40.453371" lon="-82.184543">
<ele>371.2</ele>
<time>2026-02-28T17:57:44Z</time>
</trkpt>
<trkpt lat="40.453154" lon="-82.184558">
<ele>370.5</ele>
<time>2026-02-28T17:57:47Z</time>
</trkpt>
<trkpt lat="40.453094" lon="-82.184555">
<ele>370.1</ele>
<time>2026-02-28T17:57:48Z</time>
</trkpt>
<trkpt lat="40.45254" lon="-82.184465">
<ele>369.1</ele>
<time>2026-02-28T17:57:57Z</time>
</trkpt>
<trkpt lat="40.452474" lon="-82.184458">
<ele>369</ele>
<time>2026-02-28T17:57:58Z</time>
</trkpt>
<trkpt lat="40.452342" lon="-82.184449">
<ele>368.4</ele>
<time>2026-02-28T17:58:00Z</time>
</trkpt>
<trkpt lat="40.451924" lon="-82.18445">
<ele>366.6</ele>
<time>2026-02-28T17:58:07Z</time>
</trkpt>
<trkpt lat="40.451865" lon="-82.184455">
<ele>367</ele>
<time>2026-02-28T17:58:08Z</time>
</trkpt>
<trkpt lat="40.451689" lon="-82.184451">
<ele>367.7</ele>
<time>2026-02-28T17:58:11Z</time>
</trkpt>
<trkpt lat="40.451228" lon="-82.184517">
<ele>367.6</ele>
<time>2026-02-28T17:58:17Z</time>
</trkpt>
<trkpt lat="40.45115" lon="-82.184528">
<ele>367.8</ele>
<time>2026-02-28T17:58:18Z</time>
</trkpt>
<trkpt lat="40.450819" lon="-82.184569">
<ele>368.1</ele>
<time>2026-02-28T17:58:22Z</time>
</trkpt>
<trkpt lat="40.450593" lon="-82.184609">
<ele>368.3</ele>
<time>2026-02-28T17:58:25Z</time>
</trkpt>
<trkpt lat="40.450427" lon="-82.184618">
<ele>367.8</ele>
<time>2026-02-28T17:58:27Z</time>
</trkpt>
<trkpt lat="40.450344" lon="-82.184613">
<ele>367.9</ele>
<time>2026-02-28T17:58:28Z</time>
</trkpt>
<trkpt lat="40.449589" lon="-82.184606">
<ele>366.7</ele>
<time>2026-02-28T17:58:37Z</time>
</trkpt>
<trkpt lat="40.449506" lon="-82.1846">
<ele>366.6</ele>
<time>2026-02-28T17:58:38Z</time>
</trkpt>
<trkpt lat="40.449415" lon="-82.184599">
<ele>367.1</ele>
<time>2026-02-28T17:58:39Z</time>
</trkpt>
<trkpt lat="40.449105" lon="-82.184555">
<ele>368.3</ele>
<time>2026-02-28T17:58:43Z</time>
</trkpt>
<trkpt lat="40.449046" lon="-82.184516">
<ele>368.9</ele>
<time>2026-02-28T17:58:44Z</time>
</trkpt>
<trkpt lat="40.448986" lon="-82.184456">
<ele>370.8</ele>
<time>2026-02-28T17:58:45Z</time>
</trkpt>
<trkpt lat="40.448939" lon="-82.184378">
<ele>371</ele>
<time>2026-02-28T17:58:46Z</time>
</trkpt>
<trkpt lat="40.448914" lon="-82.184292">
<ele>371.7</ele>
<time>2026-02-28T17:58:47Z</time>
</trkpt>
<trkpt lat="40.4489" lon="-82.1842">
<ele>373.9</ele>
<time>2026-02-28T17:58:48Z</time>
</trkpt>
<trkpt lat="40.448905" lon="-82.183887">
<ele>373.5</ele>
<time>2026-02-28T17:58:51Z</time>
</trkpt>
<trkpt lat="40.448951" lon="-82.183359">
<ele>369.4</ele>
<time>2026-02-28T17:58:55Z</time>
</trkpt>
<trkpt lat="40.448939" lon="-82.183157">
<ele>369.9</ele>
<time>2026-02-28T17:58:57Z</time>
</trkpt>
<trkpt lat="40.448917" lon="-82.18307">
<ele>370.5</ele>
<time>2026-02-28T17:58:58Z</time>
</trkpt>
<trkpt lat="40.448887" lon="-82.182985">
<ele>370.9</ele>
<time>2026-02-28T17:58:59Z</time>
</trkpt>
<trkpt lat="40.448842" lon="-82.182901">
<ele>371</ele>
<time>2026-02-28T17:59:00Z</time>
</trkpt>
<trkpt lat="40.44872" lon="-82.182743">
<ele>370.8</ele>
<time>2026-02-28T17:59:02Z</time>
</trkpt>
<trkpt lat="40.448651" lon="-82.182676">
<ele>369.8</ele>
<time>2026-02-28T17:59:03Z</time>
</trkpt>
<trkpt lat="40.448577" lon="-82.182623">
<ele>369.5</ele>
<time>2026-02-28T17:59:04Z</time>
</trkpt>
<trkpt lat="40.448414" lon="-82.182534">
<ele>370.3</ele>
<time>2026-02-28T17:59:06Z</time>
</trkpt>
<trkpt lat="40.448336" lon="-82.182478">
<ele>370.6</ele>
<time>2026-02-28T17:59:07Z</time>
</trkpt>
<trkpt lat="40.448258" lon="-82.182423">
<ele>370.2</ele>
<time>2026-02-28T17:59:08Z</time>
</trkpt>
<trkpt lat="40.4476" lon="-82.181987">
<ele>372.3</ele>
<time>2026-02-28T17:59:17Z</time>
</trkpt>
<trkpt lat="40.447529" lon="-82.181938">
<ele>372.5</ele>
<time>2026-02-28T17:59:18Z</time>
</trkpt>
<trkpt lat="40.447126" lon="-82.181669">
<ele>371.3</ele>
<time>2026-02-28T17:59:24Z</time>
</trkpt>
<trkpt lat="40.44692" lon="-82.181502">
<ele>371.2</ele>
<time>2026-02-28T17:59:27Z</time>
</trkpt>
<trkpt lat="40.446863" lon="-82.181443">
<ele>370.7</ele>
<time>2026-02-28T17:59:28Z</time>
</trkpt>
<trkpt lat="40.44635" lon="-82.180932">
<ele>367.7</ele>
<time>2026-02-28T17:59:37Z</time>
</trkpt>
<trkpt lat="40.446295" lon="-82.180878">
<ele>367.6</ele>
<time>2026-02-28T17:59:38Z</time>
</trkpt>
<trkpt lat="40.445835" lon="-82.1804">
<ele>367.3</ele>
<time>2026-02-28T17:59:47Z</time>
</trkpt>
<trkpt lat="40.445786" lon="-82.180348">
<ele>367.3</ele>
<time>2026-02-28T17:59:48Z</time>
</trkpt>
<trkpt lat="40.445678" lon="-82.180229">
<ele>367.6</ele>
<time>2026-02-28T17:59:50Z</time>
</trkpt>
<trkpt lat="40.445499" lon="-82.18006">
<ele>368.4</ele>
<time>2026-02-28T17:59:53Z</time>
</trkpt>
<trkpt lat="40.445247" lon="-82.17985">
<ele>370.1</ele>
<time>2026-02-28T17:59:57Z</time>
</trkpt>
<trkpt lat="40.445185" lon="-82.179796">
<ele>370</ele>
<time>2026-02-28T17:59:58Z</time>
</trkpt>
<trkpt lat="40.444646" lon="-82.179332">
<ele>369.2</ele>
<time>2026-02-28T18:00:07Z</time>
</trkpt>
<trkpt lat="40.444596" lon="-82.179294">
<ele>368.8</ele>
<time>2026-02-28T18:00:08Z</time>
</trkpt>
<trkpt lat="40.444392" lon="-82.179161">
<ele>367.8</ele>
<time>2026-02-28T18:00:12Z</time>
</trkpt>
<trkpt lat="40.444232" lon="-82.179024">
<ele>367.9</ele>
<time>2026-02-28T18:00:15Z</time>
</trkpt>
<trkpt lat="40.4441" lon="-82.178927">
<ele>369.7</ele>
<time>2026-02-28T18:00:17Z</time>
</trkpt>
<trkpt lat="40.444033" lon="-82.178879">
<ele>369.8</ele>
<time>2026-02-28T18:00:18Z</time>
</trkpt>
<trkpt lat="40.443406" lon="-82.1784">
<ele>375.1</ele>
<time>2026-02-28T18:00:27Z</time>
</trkpt>
<trkpt lat="40.443328" lon="-82.178335">
<ele>375.6</ele>
<time>2026-02-28T18:00:28Z</time>
</trkpt>
<trkpt lat="40.44318" lon="-82.178209">
<ele>377.1</ele>
<time>2026-02-28T18:00:30Z</time>
</trkpt>
<trkpt lat="40.442835" lon="-82.177873">
<ele>378.2</ele>
<time>2026-02-28T18:00:35Z</time>
</trkpt>
<trkpt lat="40.442687" lon="-82.177717">
<ele>377.6</ele>
<time>2026-02-28T18:00:37Z</time>
</trkpt>
<trkpt lat="40.442607" lon="-82.177635">
<ele>377.7</ele>
<time>2026-02-28T18:00:38Z</time>
</trkpt>
<trkpt lat="40.441943" lon="-82.176977">
<ele>372.2</ele>
<time>2026-02-28T18:00:47Z</time>
</trkpt>
<trkpt lat="40.441872" lon="-82.176908">
<ele>371.5</ele>
<time>2026-02-28T18:00:48Z</time>
</trkpt>
<trkpt lat="40.441596" lon="-82.176625">
<ele>369.6</ele>
<time>2026-02-28T18:00:52Z</time>
</trkpt>
<trkpt lat="40.441475" lon="-82.176433">
<ele>371</ele>
<time>2026-02-28T18:00:54Z</time>
</trkpt>
<trkpt lat="40.441297" lon="-82.176084">
<ele>371.2</ele>
<time>2026-02-28T18:00:57Z</time>
</trkpt>
<trkpt lat="40.441242" lon="-82.175961">
<ele>371.8</ele>
<time>2026-02-28T18:00:58Z</time>
</trkpt>
<trkpt lat="40.441078" lon="-82.175587">
<ele>374</ele>
<time>2026-02-28T18:01:01Z</time>
</trkpt>
<trkpt lat="40.440974" lon="-82.175368">
<ele>376.5</ele>
<time>2026-02-28T18:01:03Z</time>
</trkpt>
<trkpt lat="40.44092" lon="-82.175277">
<ele>377.1</ele>
<time>2026-02-28T18:01:04Z</time>
</trkpt>
<trkpt lat="40.440855" lon="-82.175197">
<ele>375.8</ele>
<time>2026-02-28T18:01:05Z</time>
</trkpt>
<trkpt lat="40.440774" lon="-82.175138">
<ele>374.4</ele>
<time>2026-02-28T18:01:06Z</time>
</trkpt>
<trkpt lat="40.440684" lon="-82.17511">
<ele>372.6</ele>
<time>2026-02-28T18:01:07Z</time>
</trkpt>
<trkpt lat="40.440585" lon="-82.17511">
<ele>371</ele>
<time>2026-02-28T18:01:08Z</time>
</trkpt>
<trkpt lat="40.440025" lon="-82.175203">
<ele>373.2</ele>
<time>2026-02-28T18:01:13Z</time>
</trkpt>
<trkpt lat="40.439592" lon="-82.175237">
<ele>376.1</ele>
<time>2026-02-28T18:01:17Z</time>
</trkpt>
<trkpt lat="40.43948" lon="-82.175256">
<ele>377.1</ele>
<time>2026-02-28T18:01:18Z</time>
</trkpt>
<trkpt lat="40.439031" lon="-82.175289">
<ele>374.1</ele>
<time>2026-02-28T18:01:22Z</time>
</trkpt>
<trkpt lat="40.438695" lon="-82.175328">
<ele>372.2</ele>
<time>2026-02-28T18:01:25Z</time>
</trkpt>
<trkpt lat="40.438512" lon="-82.175331">
<ele>372</ele>
<time>2026-02-28T18:01:27Z</time>
</trkpt>
<trkpt lat="40.438439" lon="-82.175314">
<ele>372.4</ele>
<time>2026-02-28T18:01:28Z</time>
</trkpt>
<trkpt lat="40.438368" lon="-82.175286">
<ele>373.1</ele>
<time>2026-02-28T18:01:29Z</time>
</trkpt>
<trkpt lat="40.43831" lon="-82.175224">
<ele>372.1</ele>
<time>2026-02-28T18:01:30Z</time>
</trkpt>
<trkpt lat="40.438193" lon="-82.175061">
<ele>372.8</ele>
<time>2026-02-28T18:01:32Z</time>
</trkpt>
<trkpt lat="40.438029" lon="-82.174407">
<ele>368.7</ele>
<time>2026-02-28T18:01:37Z</time>
</trkpt>
<trkpt lat="40.43801" lon="-82.17429">
<ele>367.7</ele>
<time>2026-02-28T18:01:38Z</time>
</trkpt>
<trkpt lat="40.437973" lon="-82.174139">
<ele>364.5</ele>
<time>2026-02-28T18:01:40Z</time>
</trkpt>
<trkpt lat="40.437944" lon="-82.174088">
<ele>362.9</ele>
<time>2026-02-28T18:01:41Z</time>
</trkpt>
<trkpt lat="40.437896" lon="-82.174046">
<ele>361.5</ele>
<time>2026-02-28T18:01:42Z</time>
</trkpt>
<trkpt lat="40.437834" lon="-82.174018">
<ele>360.6</ele>
<time>2026-02-28T18:01:43Z</time>
</trkpt>
<trkpt lat="40.437787" lon="-82.174013">
<ele>358.7</ele>
<time>2026-02-28T18:01:44Z</time>
</trkpt>
<trkpt lat="40.437604" lon="-82.173951">
<ele>358</ele>
<time>2026-02-28T18:01:47Z</time>
</trkpt>
<trkpt lat="40.437534" lon="-82.173928">
<ele>358</ele>
<time>2026-02-28T18:01:48Z</time>
</trkpt>
<trkpt lat="40.437303" lon="-82.173854">
<ele>359.1</ele>
<time>2026-02-28T18:01:51Z</time>
</trkpt>
<trkpt lat="40.437228" lon="-82.173816">
<ele>359.1</ele>
<time>2026-02-28T18:01:52Z</time>
</trkpt>
<trkpt lat="40.437062" lon="-82.173754">
<ele>358.9</ele>
<time>2026-02-28T18:01:54Z</time>
</trkpt>
<trkpt lat="40.436809" lon="-82.173692">
<ele>357.3</ele>
<time>2026-02-28T18:01:57Z</time>
</trkpt>
<trkpt lat="40.436721" lon="-82.173683">
<ele>356.6</ele>
<time>2026-02-28T18:01:58Z</time>
</trkpt>
<trkpt lat="40.436447" lon="-82.173684">
<ele>351.6</ele>
<time>2026-02-28T18:02:01Z</time>
</trkpt>
<trkpt lat="40.436067" lon="-82.17377">
<ele>346.7</ele>
<time>2026-02-28T18:02:05Z</time>
</trkpt>
<trkpt lat="40.435884" lon="-82.173783">
<ele>346.1</ele>
<time>2026-02-28T18:02:07Z</time>
</trkpt>
<trkpt lat="40.435806" lon="-82.173771">
<ele>345</ele>
<time>2026-02-28T18:02:08Z</time>
</trkpt>
<trkpt lat="40.435726" lon="-82.173752">
<ele>344.2</ele>
<time>2026-02-28T18:02:09Z</time>
</trkpt>
<trkpt lat="40.435664" lon="-82.173723">
<ele>342.6</ele>
<time>2026-02-28T18:02:10Z</time>
</trkpt>
<trkpt lat="40.435512" lon="-82.173625">
<ele>339.1</ele>
<time>2026-02-28T18:02:13Z</time>
</trkpt>
<trkpt lat="40.435465" lon="-82.173584">
<ele>338.7</ele>
<time>2026-02-28T18:02:14Z</time>
</trkpt>
<trkpt lat="40.435352" lon="-82.173418">
<ele>335.8</ele>
<time>2026-02-28T18:02:17Z</time>
</trkpt>
<trkpt lat="40.435311" lon="-82.173372">
<ele>335</ele>
<time>2026-02-28T18:02:18Z</time>
</trkpt>
<trkpt lat="40.435098" lon="-82.173122">
<ele>333.6</ele>
<time>2026-02-28T18:02:23Z</time>
</trkpt>
<trkpt lat="40.434919" lon="-82.17286">
<ele>330.9</ele>
<time>2026-02-28T18:02:27Z</time>
</trkpt>
<trkpt lat="40.434869" lon="-82.172793">
<ele>330.5</ele>
<time>2026-02-28T18:02:28Z</time>
</trkpt>
<trkpt lat="40.434717" lon="-82.172587">
<ele>329.1</ele>
<time>2026-02-28T18:02:31Z</time>
</trkpt>
<trkpt lat="40.434436" lon="-82.172247">
<ele>325</ele>
<time>2026-02-28T18:02:37Z</time>
</trkpt>
<trkpt lat="40.434382" lon="-82.172194">
<ele>324.5</ele>
<time>2026-02-28T18:02:38Z</time>
</trkpt>
<trkpt lat="40.434219" lon="-82.172016">
<ele>322.9</ele>
<time>2026-02-28T18:02:41Z</time>
</trkpt>
<trkpt lat="40.434129" lon="-82.171892">
<ele>322.3</ele>
<time>2026-02-28T18:02:43Z</time>
</trkpt>
<trkpt lat="40.434042" lon="-82.171739">
<ele>319.3</ele>
<time>2026-02-28T18:02:46Z</time>
</trkpt>
<trkpt lat="40.434036" lon="-82.171693">
<ele>316.9</ele>
<time>2026-02-28T18:02:47Z</time>
</trkpt>
<trkpt lat="40.434034" lon="-82.17164">
<ele>314.9</ele>
<time>2026-02-28T18:02:48Z</time>
</trkpt>
<trkpt lat="40.434044" lon="-82.171568">
<ele>311</ele>
<time>2026-02-28T18:02:49Z</time>
</trkpt>
<trkpt lat="40.434117" lon="-82.171366">
<ele>302.9</ele>
<time>2026-02-28T18:02:52Z</time>
</trkpt>
<trkpt lat="40.434196" lon="-82.17104">
<ele>302</ele>
<time>2026-02-28T18:02:57Z</time>
</trkpt>
<trkpt lat="40.434195" lon="-82.170977">
<ele>302.6</ele>
<time>2026-02-28T18:02:58Z</time>
</trkpt>
<trkpt lat="40.434193" lon="-82.170886">
<ele>302.8</ele>
<time>2026-02-28T18:02:59Z</time>
</trkpt>
<trkpt lat="40.434161" lon="-82.170798">
<ele>301.1</ele>
<time>2026-02-28T18:03:01Z</time>
</trkpt>
<trkpt lat="40.43413" lon="-82.170778">
<ele>299.7</ele>
<time>2026-02-28T18:03:02Z</time>
</trkpt>
<trkpt lat="40.434046" lon="-82.170757">
<ele>297.2</ele>
<time>2026-02-28T18:03:04Z</time>
</trkpt>
<trkpt lat="40.434015" lon="-82.170771">
<ele>295.2</ele>
<time>2026-02-28T18:03:05Z</time>
</trkpt>
<trkpt lat="40.433932" lon="-82.170773">
<ele>294.2</ele>
<time>2026-02-28T18:03:07Z</time>
</trkpt>
<trkpt lat="40.433889" lon="-82.170778">
<ele>294.5</ele>
<time>2026-02-28T18:03:08Z</time>
</trkpt>
<trkpt lat="40.433696" lon="-82.170819">
<ele>298.9</ele>
<time>2026-02-28T18:03:12Z</time>
</trkpt>
<trkpt lat="40.433605" lon="-82.170866">
<ele>298.3</ele>
<time>2026-02-28T18:03:14Z</time>
</trkpt>
<trkpt lat="40.433473" lon="-82.170983">
<ele>299.7</ele>
<time>2026-02-28T18:03:17Z</time>
</trkpt>
<trkpt lat="40.433428" lon="-82.171027">
<ele>300.2</ele>
<time>2026-02-28T18:03:18Z</time>
</trkpt>
<trkpt lat="40.433286" lon="-82.171182">
<ele>301.7</ele>
<time>2026-02-28T18:03:21Z</time>
</trkpt>
<trkpt lat="40.433226" lon="-82.171234">
<ele>301.6</ele>
<time>2026-02-28T18:03:22Z</time>
</trkpt>
<trkpt lat="40.433081" lon="-82.171314">
<ele>301</ele>
<time>2026-02-28T18:03:24Z</time>
</trkpt>
<trkpt lat="40.432935" lon="-82.171376">
<ele>300.5</ele>
<time>2026-02-28T18:03:26Z</time>
</trkpt>
<trkpt lat="40.432873" lon="-82.171391">
<ele>300.4</ele>
<time>2026-02-28T18:03:27Z</time>
</trkpt>
<trkpt lat="40.432802" lon="-82.171398">
<ele>300</ele>
<time>2026-02-28T18:03:28Z</time>
</trkpt>
<trkpt lat="40.432412" lon="-82.171346">
<ele>297.9</ele>
<time>2026-02-28T18:03:33Z</time>
</trkpt>
<trkpt lat="40.432072" lon="-82.171356">
<ele>298.7</ele>
<time>2026-02-28T18:03:37Z</time>
</trkpt>
<trkpt lat="40.431992" lon="-82.171364">
<ele>298.8</ele>
<time>2026-02-28T18:03:38Z</time>
</trkpt>
<trkpt lat="40.431509" lon="-82.171417">
<ele>302.3</ele>
<time>2026-02-28T18:03:44Z</time>
</trkpt>
<trkpt lat="40.43128" lon="-82.171421">
<ele>302.2</ele>
<time>2026-02-28T18:03:47Z</time>
</trkpt>
<trkpt lat="40.431209" lon="-82.171418">
<ele>302.6</ele>
<time>2026-02-28T18:03:48Z</time>
</trkpt>
<trkpt lat="40.430973" lon="-82.17139">
<ele>301.3</ele>
<time>2026-02-28T18:03:51Z</time>
</trkpt>
<trkpt lat="40.430466" lon="-82.171348">
<ele>296.4</ele>
<time>2026-02-28T18:03:57Z</time>
</trkpt>
<trkpt lat="40.430358" lon="-82.171336">
<ele>294.7</ele>
<time>2026-02-28T18:03:58Z</time>
</trkpt>
<trkpt lat="40.430119" lon="-82.171308">
<ele>293.3</ele>
<time>2026-02-28T18:04:00Z</time>
</trkpt>
<trkpt lat="40.429792" lon="-82.171292">
<ele>291.1</ele>
<time>2026-02-28T18:04:03Z</time>
</trkpt>
<trkpt lat="40.42936" lon="-82.171304">
<ele>288.4</ele>
<time>2026-02-28T18:04:07Z</time>
</trkpt>
<trkpt lat="40.429258" lon="-82.171301">
<ele>287.7</ele>
<time>2026-02-28T18:04:08Z</time>
</trkpt>
<trkpt lat="40.428885" lon="-82.171301">
<ele>285.3</ele>
<time>2026-02-28T18:04:12Z</time>
</trkpt>
<trkpt lat="40.428708" lon="-82.171328">
<ele>284.3</ele>
<time>2026-02-28T18:04:14Z</time>
</trkpt>
<trkpt lat="40.428431" lon="-82.171354">
<ele>282.2</ele>
<time>2026-02-28T18:04:17Z</time>
</trkpt>
<trkpt lat="40.428336" lon="-82.171362">
<ele>281.7</ele>
<time>2026-02-28T18:04:18Z</time>
</trkpt>
<trkpt lat="40.427792" lon="-82.171413">
<ele>281.4</ele>
<time>2026-02-28T18:04:24Z</time>
</trkpt>
<trkpt lat="40.42771" lon="-82.171417">
<ele>281.4</ele>
<time>2026-02-28T18:04:25Z</time>
</trkpt>
<trkpt lat="40.427561" lon="-82.171402">
<ele>282.1</ele>
<time>2026-02-28T18:04:27Z</time>
</trkpt>
<trkpt lat="40.427498" lon="-82.171385">
<ele>281.9</ele>
<time>2026-02-28T18:04:28Z</time>
</trkpt>
<trkpt lat="40.427374" lon="-82.171344">
<ele>280.9</ele>
<time>2026-02-28T18:04:30Z</time>
</trkpt>
<trkpt lat="40.427267" lon="-82.171288">
<ele>280.1</ele>
<time>2026-02-28T18:04:32Z</time>
</trkpt>
<trkpt lat="40.427214" lon="-82.17127">
<ele>279.9</ele>
<time>2026-02-28T18:04:33Z</time>
</trkpt>
<trkpt lat="40.427152" lon="-82.171265">
<ele>278.5</ele>
<time>2026-02-28T18:04:34Z</time>
</trkpt>
<trkpt lat="40.427091" lon="-82.171279">
<ele>278.7</ele>
<time>2026-02-28T18:04:35Z</time>
</trkpt>
<trkpt lat="40.427036" lon="-82.171316">
<ele>278.3</ele>
<time>2026-02-28T18:04:36Z</time>
</trkpt>
<trkpt lat="40.426983" lon="-82.171368">
<ele>277</ele>
<time>2026-02-28T18:04:37Z</time>
</trkpt>
<trkpt lat="40.426935" lon="-82.17144">
<ele>275.8</ele>
<time>2026-02-28T18:04:38Z</time>
</trkpt>
<trkpt lat="40.426759" lon="-82.171645">
<ele>275.8</ele>
<time>2026-02-28T18:04:41Z</time>
</trkpt>
<trkpt lat="40.426634" lon="-82.171774">
<ele>276.2</ele>
<time>2026-02-28T18:04:43Z</time>
</trkpt>
<trkpt lat="40.426321" lon="-82.172021">
<ele>277.3</ele>
<time>2026-02-28T18:04:47Z</time>
</trkpt>
<trkpt lat="40.426243" lon="-82.172081">
<ele>276.7</ele>
<time>2026-02-28T18:04:48Z</time>
</trkpt>
<trkpt lat="40.426027" lon="-82.172224">
<ele>276.9</ele>
<time>2026-02-28T18:04:51Z</time>
</trkpt>
<trkpt lat="40.425875" lon="-82.172311">
<ele>277.9</ele>
<time>2026-02-28T18:04:53Z</time>
</trkpt>
<trkpt lat="40.42567" lon="-82.172466">
<ele>277.6</ele>
<time>2026-02-28T18:04:56Z</time>
</trkpt>
<trkpt lat="40.425598" lon="-82.172537">
<ele>277.8</ele>
<time>2026-02-28T18:04:57Z</time>
</trkpt>
<trkpt lat="40.425528" lon="-82.172623">
<ele>278</ele>
<time>2026-02-28T18:04:58Z</time>
</trkpt>
<trkpt lat="40.425145" lon="-82.173145">
<ele>279</ele>
<time>2026-02-28T18:05:04Z</time>
</trkpt>
<trkpt lat="40.425072" lon="-82.17323">
<ele>279</ele>
<time>2026-02-28T18:05:05Z</time>
</trkpt>
<trkpt lat="40.42491" lon="-82.173358">
<ele>278.4</ele>
<time>2026-02-28T18:05:07Z</time>
</trkpt>
<trkpt lat="40.424816" lon="-82.173399">
<ele>278.1</ele>
<time>2026-02-28T18:05:08Z</time>
</trkpt>
<trkpt lat="40.42444" lon="-82.173556">
<ele>276.9</ele>
<time>2026-02-28T18:05:12Z</time>
</trkpt>
<trkpt lat="40.423954" lon="-82.173786">
<ele>276.6</ele>
<time>2026-02-28T18:05:17Z</time>
</trkpt>
<trkpt lat="40.423858" lon="-82.173839">
<ele>276.7</ele>
<time>2026-02-28T18:05:18Z</time>
</trkpt>
<trkpt lat="40.423588" lon="-82.174007">
<ele>276.1</ele>
<time>2026-02-28T18:05:21Z</time>
</trkpt>
<trkpt lat="40.423417" lon="-82.174131">
<ele>276.3</ele>
<time>2026-02-28T18:05:23Z</time>
</trkpt>
<trkpt lat="40.423254" lon="-82.174306">
<ele>275</ele>
<time>2026-02-28T18:05:25Z</time>
</trkpt>
<trkpt lat="40.423095" lon="-82.174527">
<ele>275.8</ele>
<time>2026-02-28T18:05:27Z</time>
</trkpt>
<trkpt lat="40.423014" lon="-82.174665">
<ele>276.6</ele>
<time>2026-02-28T18:05:28Z</time>
</trkpt>
<trkpt lat="40.422478" lon="-82.175795">
<ele>271.3</ele>
<time>2026-02-28T18:05:37Z</time>
</trkpt>
<trkpt lat="40.422424" lon="-82.175901">
<ele>270.8</ele>
<time>2026-02-28T18:05:38Z</time>
</trkpt>
<trkpt lat="40.422311" lon="-82.176095">
<ele>270.8</ele>
<time>2026-02-28T18:05:40Z</time>
</trkpt>
<trkpt lat="40.422189" lon="-82.176248">
<ele>271.6</ele>
<time>2026-02-28T18:05:42Z</time>
</trkpt>
<trkpt lat="40.42206" lon="-82.176378">
<ele>272.9</ele>
<time>2026-02-28T18:05:44Z</time>
</trkpt>
<trkpt lat="40.421843" lon="-82.176534">
<ele>275.9</ele>
<time>2026-02-28T18:05:47Z</time>
</trkpt>
<trkpt lat="40.421767" lon="-82.176586">
<ele>276.4</ele>
<time>2026-02-28T18:05:48Z</time>
</trkpt>
<trkpt lat="40.42169" lon="-82.176639">
<ele>277.2</ele>
<time>2026-02-28T18:05:49Z</time>
</trkpt>
<trkpt lat="40.421098" lon="-82.177141">
<ele>281.7</ele>
<time>2026-02-28T18:05:57Z</time>
</trkpt>
<trkpt lat="40.421029" lon="-82.177203">
<ele>282.1</ele>
<time>2026-02-28T18:05:58Z</time>
</trkpt>
<trkpt lat="40.42083" lon="-82.177385">
<ele>283</ele>
<time>2026-02-28T18:06:01Z</time>
</trkpt>
<trkpt lat="40.420686" lon="-82.1775">
<ele>283.9</ele>
<time>2026-02-28T18:06:03Z</time>
</trkpt>
<trkpt lat="40.420535" lon="-82.177594">
<ele>285.5</ele>
<time>2026-02-28T18:06:05Z</time>
</trkpt>
<trkpt lat="40.420369" lon="-82.177669">
<ele>286.3</ele>
<time>2026-02-28T18:06:07Z</time>
</trkpt>
<trkpt lat="40.420283" lon="-82.177702">
<ele>286.3</ele>
<time>2026-02-28T18:06:08Z</time>
</trkpt>
<trkpt lat="40.420195" lon="-82.177725">
<ele>285.9</ele>
<time>2026-02-28T18:06:09Z</time>
</trkpt>
<trkpt lat="40.420006" lon="-82.177752">
<ele>285.2</ele>
<time>2026-02-28T18:06:11Z</time>
</trkpt>
<trkpt lat="40.419452" lon="-82.177748">
<ele>280.8</ele>
<time>2026-02-28T18:06:17Z</time>
</trkpt>
<trkpt lat="40.41936" lon="-82.17774">
<ele>280.6</ele>
<time>2026-02-28T18:06:18Z</time>
</trkpt>
<trkpt lat="40.418862" lon="-82.17769">
<ele>277.9</ele>
<time>2026-02-28T18:06:23Z</time>
</trkpt>
<trkpt lat="40.41845" lon="-82.177612">
<ele>277.6</ele>
<time>2026-02-28T18:06:27Z</time>
</trkpt>
<trkpt lat="40.41834" lon="-82.177598">
<ele>276.5</ele>
<time>2026-02-28T18:06:28Z</time>
</trkpt>
<trkpt lat="40.418165" lon="-82.177576">
<ele>274.6</ele>
<time>2026-02-28T18:06:30Z</time>
</trkpt>
<trkpt lat="40.418089" lon="-82.177575">
<ele>274.4</ele>
<time>2026-02-28T18:06:31Z</time>
</trkpt>
<trkpt lat="40.418017" lon="-82.177585">
<ele>274.2</ele>
<time>2026-02-28T18:06:32Z</time>
</trkpt>
<trkpt lat="40.417949" lon="-82.177618">
<ele>274.5</ele>
<time>2026-02-28T18:06:33Z</time>
</trkpt>
<trkpt lat="40.417891" lon="-82.177675">
<ele>275</ele>
<time>2026-02-28T18:06:34Z</time>
</trkpt>
<trkpt lat="40.417852" lon="-82.177736">
<ele>274.4</ele>
<time>2026-02-28T18:06:35Z</time>
</trkpt>
<trkpt lat="40.417824" lon="-82.177927">
<ele>272.6</ele>
<time>2026-02-28T18:06:37Z</time>
</trkpt>
<trkpt lat="40.417811" lon="-82.178027">
<ele>272.2</ele>
<time>2026-02-28T18:06:38Z</time>
</trkpt>
<trkpt lat="40.417789" lon="-82.178128">
<ele>272.3</ele>
<time>2026-02-28T18:06:39Z</time>
</trkpt>
<trkpt lat="40.417754" lon="-82.178221">
<ele>273.3</ele>
<time>2026-02-28T18:06:40Z</time>
</trkpt>
<trkpt lat="40.417656" lon="-82.178347">
<ele>271.4</ele>
<time>2026-02-28T18:06:42Z</time>
</trkpt>
<trkpt lat="40.417585" lon="-82.178364">
<ele>271.2</ele>
<time>2026-02-28T18:06:43Z</time>
</trkpt>
<trkpt lat="40.417503" lon="-82.178368">
<ele>271</ele>
<time>2026-02-28T18:06:44Z</time>
</trkpt>
<trkpt lat="40.417426" lon="-82.178359">
<ele>269.8</ele>
<time>2026-02-28T18:06:45Z</time>
</trkpt>
<trkpt lat="40.41726" lon="-82.178316">
<ele>269.4</ele>
<time>2026-02-28T18:06:47Z</time>
</trkpt>
<trkpt lat="40.417173" lon="-82.178293">
<ele>269.3</ele>
<time>2026-02-28T18:06:48Z</time>
</trkpt>
<trkpt lat="40.416981" lon="-82.17824">
<ele>269.7</ele>
<time>2026-02-28T18:06:50Z</time>
</trkpt>
<trkpt lat="40.416708" lon="-82.178144">
<ele>267.8</ele>
<time>2026-02-28T18:06:53Z</time>
</trkpt>
<trkpt lat="40.416346" lon="-82.178054">
<ele>266.7</ele>
<time>2026-02-28T18:06:57Z</time>
</trkpt>
<trkpt lat="40.416252" lon="-82.178028">
<ele>266.3</ele>
<time>2026-02-28T18:06:58Z</time>
</trkpt>
<trkpt lat="40.415322" lon="-82.177775">
<ele>268.2</ele>
<time>2026-02-28T18:07:07Z</time>
</trkpt>
<trkpt lat="40.415204" lon="-82.177746">
<ele>268.7</ele>
<time>2026-02-28T18:07:08Z</time>
</trkpt>
<trkpt lat="40.414852" lon="-82.177661">
<ele>269.9</ele>
<time>2026-02-28T18:07:11Z</time>
</trkpt>
<trkpt lat="40.414394" lon="-82.17753">
<ele>269.8</ele>
<time>2026-02-28T18:07:15Z</time>
</trkpt>
<trkpt lat="40.414155" lon="-82.177485">
<ele>269.4</ele>
<time>2026-02-28T18:07:17Z</time>
</trkpt>
<trkpt lat="40.414041" lon="-82.177463">
<ele>268.9</ele>
<time>2026-02-28T18:07:18Z</time>
</trkpt>
<trkpt lat="40.413928" lon="-82.177449">
<ele>268.8</ele>
<time>2026-02-28T18:07:19Z</time>
</trkpt>
<trkpt lat="40.413699" lon="-82.17744">
<ele>269</ele>
<time>2026-02-28T18:07:21Z</time>
</trkpt>
<trkpt lat="40.413586" lon="-82.177453">
<ele>268.9</ele>
<time>2026-02-28T18:07:22Z</time>
</trkpt>
<trkpt lat="40.413119" lon="-82.177567">
<ele>269.7</ele>
<time>2026-02-28T18:07:27Z</time>
</trkpt>
<trkpt lat="40.413052" lon="-82.17757">
<ele>269.1</ele>
<time>2026-02-28T18:07:28Z</time>
</trkpt>
<trkpt lat="40.412878" lon="-82.1776">
<ele>268.8</ele>
<time>2026-02-28T18:07:31Z</time>
</trkpt>
<trkpt lat="40.412838" lon="-82.177633">
<ele>268.4</ele>
<time>2026-02-28T18:07:32Z</time>
</trkpt>
<trkpt lat="40.412811" lon="-82.177685">
<ele>267.6</ele>
<time>2026-02-28T18:07:33Z</time>
</trkpt>
<trkpt lat="40.412792" lon="-82.177748">
<ele>266.4</ele>
<time>2026-02-28T18:07:34Z</time>
</trkpt>
<trkpt lat="40.412773" lon="-82.177953">
<ele>264.5</ele>
<time>2026-02-28T18:07:37Z</time>
</trkpt>
<trkpt lat="40.412766" lon="-82.178013">
<ele>264.6</ele>
<time>2026-02-28T18:07:38Z</time>
</trkpt>
<trkpt lat="40.412742" lon="-82.178415">
<ele>264.6</ele>
<time>2026-02-28T18:07:47Z</time>
</trkpt>
<trkpt lat="40.412735" lon="-82.178477">
<ele>264.6</ele>
<time>2026-02-28T18:07:48Z</time>
</trkpt>
<trkpt lat="40.412669" lon="-82.179027">
<ele>266</ele>
<time>2026-02-28T18:07:57Z</time>
</trkpt>
<trkpt lat="40.412673" lon="-82.179094">
<ele>265.9</ele>
<time>2026-02-28T18:07:58Z</time>
</trkpt>
<trkpt lat="40.41269" lon="-82.179159">
<ele>265.5</ele>
<time>2026-02-28T18:07:59Z</time>
</trkpt>
<trkpt lat="40.412809" lon="-82.179362">
<ele>263.4</ele>
<time>2026-02-28T18:08:02Z</time>
</trkpt>
<trkpt lat="40.412942" lon="-82.179523">
<ele>261.5</ele>
<time>2026-02-28T18:08:04Z</time>
</trkpt>
<trkpt lat="40.413096" lon="-82.179685">
<ele>257.7</ele>
<time>2026-02-28T18:08:06Z</time>
</trkpt>
<trkpt lat="40.413161" lon="-82.179772">
<ele>257.8</ele>
<time>2026-02-28T18:08:07Z</time>
</trkpt>
<trkpt lat="40.413223" lon="-82.179855">
<ele>257.7</ele>
<time>2026-02-28T18:08:08Z</time>
</trkpt>
<trkpt lat="40.413434" lon="-82.180156">
<ele>256.9</ele>
<time>2026-02-28T18:08:12Z</time>
</trkpt>
<trkpt lat="40.41365" lon="-82.18055">
<ele>255.7</ele>
<time>2026-02-28T18:08:17Z</time>
</trkpt>
<trkpt lat="40.413696" lon="-82.180633">
<ele>256.3</ele>
<time>2026-02-28T18:08:18Z</time>
</trkpt>
<trkpt lat="40.413786" lon="-82.180797">
<ele>257</ele>
<time>2026-02-28T18:08:20Z</time>
</trkpt>
<trkpt lat="40.41382" lon="-82.180884">
<ele>257.2</ele>
<time>2026-02-28T18:08:21Z</time>
</trkpt>
<trkpt lat="40.413837" lon="-82.180982">
<ele>256.9</ele>
<time>2026-02-28T18:08:22Z</time>
</trkpt>
<trkpt lat="40.413829" lon="-82.181084">
<ele>256.2</ele>
<time>2026-02-28T18:08:23Z</time>
</trkpt>
<trkpt lat="40.413802" lon="-82.181176">
<ele>256.7</ele>
<time>2026-02-28T18:08:24Z</time>
</trkpt>
<trkpt lat="40.413756" lon="-82.181256">
<ele>258.4</ele>
<time>2026-02-28T18:08:25Z</time>
</trkpt>
<trkpt lat="40.413611" lon="-82.18137">
<ele>260.4</ele>
<time>2026-02-28T18:08:27Z</time>
</trkpt>
<trkpt lat="40.413532" lon="-82.181421">
<ele>261.3</ele>
<time>2026-02-28T18:08:28Z</time>
</trkpt>
<trkpt lat="40.413374" lon="-82.181536">
<ele>262</ele>
<time>2026-02-28T18:08:30Z</time>
</trkpt>
<trkpt lat="40.413216" lon="-82.181684">
<ele>263.2</ele>
<time>2026-02-28T18:08:32Z</time>
</trkpt>
<trkpt lat="40.412758" lon="-82.182223">
<ele>265.4</ele>
<time>2026-02-28T18:08:37Z</time>
</trkpt>
<trkpt lat="40.412654" lon="-82.182345">
<ele>266</ele>
<time>2026-02-28T18:08:38Z</time>
</trkpt>
<trkpt lat="40.412454" lon="-82.182593">
<ele>266.2</ele>
<time>2026-02-28T18:08:40Z</time>
</trkpt>
<trkpt lat="40.412045" lon="-82.18315">
<ele>269.8</ele>
<time>2026-02-28T18:08:44Z</time>
</trkpt>
<trkpt lat="40.41195" lon="-82.183297">
<ele>270.6</ele>
<time>2026-02-28T18:08:45Z</time>
</trkpt>
<trkpt lat="40.411866" lon="-82.183449">
<ele>270.7</ele>
<time>2026-02-28T18:08:46Z</time>
</trkpt>
<trkpt lat="40.411788" lon="-82.183617">
<ele>270.9</ele>
<time>2026-02-28T18:08:47Z</time>
</trkpt>
<trkpt lat="40.411714" lon="-82.183784">
<ele>271.5</ele>
<time>2026-02-28T18:08:48Z</time>
</trkpt>
<trkpt lat="40.411595" lon="-82.184084">
<ele>270.8</ele>
<time>2026-02-28T18:08:50Z</time>
</trkpt>
<trkpt lat="40.411271" lon="-82.18497">
<ele>271.5</ele>
<time>2026-02-28T18:08:57Z</time>
</trkpt>
<trkpt lat="40.411225" lon="-82.185084">
<ele>272.4</ele>
<time>2026-02-28T18:08:58Z</time>
</trkpt>
<trkpt lat="40.41086" lon="-82.185901">
<ele>277.9</ele>
<time>2026-02-28T18:09:07Z</time>
</trkpt>
<trkpt lat="40.410826" lon="-82.185994">
<ele>278.1</ele>
<time>2026-02-28T18:09:08Z</time>
</trkpt>
<trkpt lat="40.410725" lon="-82.186321">
<ele>278.8</ele>
<time>2026-02-28T18:09:11Z</time>
</trkpt>
<trkpt lat="40.410665" lon="-82.186554">
<ele>279.7</ele>
<time>2026-02-28T18:09:13Z</time>
</trkpt>
<trkpt lat="40.41057" lon="-82.187041">
<ele>281.9</ele>
<time>2026-02-28T18:09:17Z</time>
</trkpt>
<trkpt lat="40.410545" lon="-82.187173">
<ele>281.4</ele>
<time>2026-02-28T18:09:18Z</time>
</trkpt>
<trkpt lat="40.410276" lon="-82.188509">
<ele>273.7</ele>
<time>2026-02-28T18:09:26Z</time>
</trkpt>
<trkpt lat="40.41023" lon="-82.188696">
<ele>273.7</ele>
<time>2026-02-28T18:09:27Z</time>
</trkpt>
<trkpt lat="40.410181" lon="-82.188887">
<ele>273.1</ele>
<time>2026-02-28T18:09:28Z</time>
</trkpt>
<trkpt lat="40.41008" lon="-82.189268">
<ele>271.8</ele>
<time>2026-02-28T18:09:30Z</time>
</trkpt>
<trkpt lat="40.409926" lon="-82.189767">
<ele>271.9</ele>
<time>2026-02-28T18:09:33Z</time>
</trkpt>
<trkpt lat="40.409683" lon="-82.190428">
<ele>272.8</ele>
<time>2026-02-28T18:09:37Z</time>
</trkpt>
<trkpt lat="40.409614" lon="-82.190612">
<ele>273.7</ele>
<time>2026-02-28T18:09:38Z</time>
</trkpt>
<trkpt lat="40.409406" lon="-82.191199">
<ele>274.2</ele>
<time>2026-02-28T18:09:41Z</time>
</trkpt>
<trkpt lat="40.409341" lon="-82.191409">
<ele>273.7</ele>
<time>2026-02-28T18:09:42Z</time>
</trkpt>
<trkpt lat="40.409231" lon="-82.191831">
<ele>272.2</ele>
<time>2026-02-28T18:09:44Z</time>
</trkpt>
<trkpt lat="40.4092" lon="-82.192061">
<ele>269.5</ele>
<time>2026-02-28T18:09:45Z</time>
</trkpt>
<trkpt lat="40.409186" lon="-82.192289">
<ele>266.5</ele>
<time>2026-02-28T18:09:46Z</time>
</trkpt>
<trkpt lat="40.409188" lon="-82.192503">
<ele>263.9</ele>
<time>2026-02-28T18:09:47Z</time>
</trkpt>
<trkpt lat="40.409209" lon="-82.192705">
<ele>262.7</ele>
<time>2026-02-28T18:09:48Z</time>
</trkpt>
<trkpt lat="40.409464" lon="-82.193977">
<ele>259.9</ele>
<time>2026-02-28T18:09:55Z</time>
</trkpt>
<trkpt lat="40.409498" lon="-82.194116">
<ele>259.9</ele>
<time>2026-02-28T18:09:56Z</time>
</trkpt>
<trkpt lat="40.409563" lon="-82.194178">
<ele>253.9</ele>
<time>2026-02-28T18:09:57Z</time>
</trkpt>
<trkpt lat="40.409593" lon="-82.194254">
<ele>253.3</ele>
<time>2026-02-28T18:09:58Z</time>
</trkpt>
<trkpt lat="40.409623" lon="-82.194359">
<ele>252.9</ele>
<time>2026-02-28T18:10:00Z</time>
</trkpt>
<trkpt lat="40.409683" lon="-82.194461">
<ele>254.3</ele>
<time>2026-02-28T18:10:05Z</time>
</trkpt>
<trkpt lat="40.409666" lon="-82.194504">
<ele>256.4</ele>
<time>2026-02-28T18:10:07Z</time>
</trkpt>
<trkpt lat="40.409645" lon="-82.194512">
<ele>257.4</ele>
<time>2026-02-28T18:10:08Z</time>
</trkpt>
<trkpt lat="40.409564" lon="-82.194473">
<ele>261.8</ele>
<time>2026-02-28T18:10:19Z</time>
</trkpt>
<trkpt lat="40.409489" lon="-82.194455">
<ele>263.6</ele>
<time>2026-02-28T18:10:39Z</time>
</trkpt>
<trkpt lat="40.409469" lon="-82.19445">
<ele>263.7</ele>
<time>2026-02-28T18:10:40Z</time>
</trkpt>
<trkpt lat="40.409421" lon="-82.194427">
<ele>264.4</ele>
<time>2026-02-28T18:10:42Z</time>
</trkpt>
<trkpt lat="40.409372" lon="-82.194418">
<ele>264.2</ele>
<time>2026-02-28T18:10:44Z</time>
</trkpt>
<trkpt lat="40.409325" lon="-82.194433">
<ele>261</ele>
<time>2026-02-28T18:20:40Z</time>
</trkpt>
<trkpt lat="40.409278" lon="-82.194434">
<ele>262.3</ele>
<time>2026-02-28T18:20:43Z</time>
</trkpt>
<trkpt lat="40.409271" lon="-82.194436">
<ele>262.3</ele>
<time>2026-02-28T18:20:44Z</time>
</trkpt>
<trkpt lat="40.40924" lon="-82.194422">
<ele>261.5</ele>
<time>2026-02-28T18:20:47Z</time>
</trkpt>
<trkpt lat="40.409166" lon="-82.194414">
<ele>262.8</ele>
<time>2026-02-28T18:20:52Z</time>
</trkpt>
<trkpt lat="40.409115" lon="-82.194383">
<ele>264.7</ele>
<time>2026-02-28T18:20:55Z</time>
</trkpt>
<trkpt lat="40.409095" lon="-82.194371">
<ele>265.1</ele>
<time>2026-02-28T18:20:56Z</time>
</trkpt>
<trkpt lat="40.408988" lon="-82.194285">
<ele>265.9</ele>
<time>2026-02-28T18:21:02Z</time>
</trkpt>
<trkpt lat="40.408935" lon="-82.194264">
<ele>265.1</ele>
<time>2026-02-28T18:21:05Z</time>
</trkpt>
<trkpt lat="40.408904" lon="-82.194258">
<ele>264.9</ele>
<time>2026-02-28T18:21:06Z</time>
</trkpt>
<trkpt lat="40.408849" lon="-82.194263">
<ele>264.3</ele>
<time>2026-02-28T18:21:08Z</time>
</trkpt>
<trkpt lat="40.408791" lon="-82.19431">
<ele>266.2</ele>
<time>2026-02-28T18:21:11Z</time>
</trkpt>
<trkpt lat="40.408756" lon="-82.194313">
<ele>265.4</ele>
<time>2026-02-28T18:21:13Z</time>
</trkpt>
<trkpt lat="40.408714" lon="-82.194334">
<ele>266.7</ele>
<time>2026-02-28T18:21:15Z</time>
</trkpt>
<trkpt lat="40.408698" lon="-82.194339">
<ele>266.9</ele>
<time>2026-02-28T18:21:16Z</time>
</trkpt>
<trkpt lat="40.408627" lon="-82.19434">
<ele>268.4</ele>
<time>2026-02-28T18:21:20Z</time>
</trkpt>
<trkpt lat="40.408487" lon="-82.194296">
<ele>270.8</ele>
<time>2026-02-28T18:21:25Z</time>
</trkpt>
<trkpt lat="40.408464" lon="-82.194285">
<ele>271</ele>
<time>2026-02-28T18:21:26Z</time>
</trkpt>
<trkpt lat="40.408221" lon="-82.194235">
<ele>274.7</ele>
<time>2026-02-28T18:21:35Z</time>
</trkpt>
<trkpt lat="40.408201" lon="-82.194234">
<ele>275.3</ele>
<time>2026-02-28T18:21:36Z</time>
</trkpt>
<trkpt lat="40.408107" lon="-82.194246">
<ele>274</ele>
<time>2026-02-28T18:21:43Z</time>
</trkpt>
<trkpt lat="40.408084" lon="-82.194261">
<ele>271</ele>
<time>2026-02-28T18:22:12Z</time>
</trkpt>
<trkpt lat="40.408077" lon="-82.194301">
<ele>269.1</ele>
<time>2026-02-28T18:22:41Z</time>
</trkpt>
<trkpt lat="40.408077" lon="-82.194301">
<ele>268.9</ele>
<time>2026-02-28T18:22:42Z</time>
</trkpt>
<trkpt lat="40.408056" lon="-82.194317">
<ele>270</ele>
<time>2026-02-28T18:24:02Z</time>
</trkpt>
<trkpt lat="40.407958" lon="-82.194281">
<ele>271.3</ele>
<time>2026-02-28T18:24:08Z</time>
</trkpt>
<trkpt lat="40.407938" lon="-82.194282">
<ele>271.8</ele>
<time>2026-02-28T18:24:09Z</time>
</trkpt>
<trkpt lat="40.407919" lon="-82.194283">
<ele>272</ele>
<time>2026-02-28T18:24:10Z</time>
</trkpt>
<trkpt lat="40.407727" lon="-82.19434">
<ele>276.2</ele>
<time>2026-02-28T18:24:17Z</time>
</trkpt>
<trkpt lat="40.407671" lon="-82.194366">
<ele>275.3</ele>
<time>2026-02-28T18:24:19Z</time>
</trkpt>
<trkpt lat="40.407642" lon="-82.194379">
<ele>275</ele>
<time>2026-02-28T18:24:20Z</time>
</trkpt>
<trkpt lat="40.407442" lon="-82.194514">
<ele>274.5</ele>
<time>2026-02-28T18:24:27Z</time>
</trkpt>
<trkpt lat="40.407373" lon="-82.194585">
<ele>273.3</ele>
<time>2026-02-28T18:24:29Z</time>
</trkpt>
<trkpt lat="40.407342" lon="-82.194617">
<ele>273.3</ele>
<time>2026-02-28T18:24:30Z</time>
</trkpt>
<trkpt lat="40.407134" lon="-82.194904">
<ele>274.9</ele>
<time>2026-02-28T18:24:37Z</time>
</trkpt>
<trkpt lat="40.407036" lon="-82.195015">
<ele>275.5</ele>
<time>2026-02-28T18:24:39Z</time>
</trkpt>
<trkpt lat="40.406984" lon="-82.195076">
<ele>276.3</ele>
<time>2026-02-28T18:24:40Z</time>
</trkpt>
<trkpt lat="40.4069" lon="-82.195188">
<ele>276.1</ele>
<time>2026-02-28T18:24:42Z</time>
</trkpt>
<trkpt lat="40.406831" lon="-82.195322">
<ele>274.1</ele>
<time>2026-02-28T18:24:45Z</time>
</trkpt>
<trkpt lat="40.406737" lon="-82.195461">
<ele>274</ele>
<time>2026-02-28T18:24:49Z</time>
</trkpt>
<trkpt lat="40.406717" lon="-82.195491">
<ele>273.9</ele>
<time>2026-02-28T18:24:50Z</time>
</trkpt>
<trkpt lat="40.406508" lon="-82.195835">
<ele>274.9</ele>
<time>2026-02-28T18:24:59Z</time>
</trkpt>
<trkpt lat="40.406488" lon="-82.195858">
<ele>275.7</ele>
<time>2026-02-28T18:25:00Z</time>
</trkpt>
<trkpt lat="40.406404" lon="-82.195974">
<ele>275.1</ele>
<time>2026-02-28T18:25:05Z</time>
</trkpt>
<trkpt lat="40.406351" lon="-82.196094">
<ele>273.9</ele>
<time>2026-02-28T18:25:09Z</time>
</trkpt>
<trkpt lat="40.406317" lon="-82.196139">
<ele>275.5</ele>
<time>2026-02-28T18:25:10Z</time>
</trkpt>
<trkpt lat="40.406294" lon="-82.196162">
<ele>273.9</ele>
<time>2026-02-28T18:25:12Z</time>
</trkpt>
<trkpt lat="40.406203" lon="-82.196326">
<ele>272</ele>
<time>2026-02-28T18:26:20Z</time>
</trkpt>
<trkpt lat="40.40619" lon="-82.196348">
<ele>271.7</ele>
<time>2026-02-28T18:26:21Z</time>
</trkpt>
<trkpt lat="40.406147" lon="-82.196409">
<ele>271</ele>
<time>2026-02-28T18:26:25Z</time>
</trkpt>
<trkpt lat="40.406134" lon="-82.196405">
<ele>275.3</ele>
<time>2026-02-28T18:26:45Z</time>
</trkpt>
<trkpt lat="40.406116" lon="-82.19642">
<ele>275.4</ele>
<time>2026-02-28T18:26:46Z</time>
</trkpt>
<trkpt lat="40.406076" lon="-82.19649">
<ele>276.3</ele>
<time>2026-02-28T18:26:54Z</time>
</trkpt>
<trkpt lat="40.406073" lon="-82.196495">
<ele>277</ele>
<time>2026-02-28T18:26:55Z</time>
</trkpt>
<trkpt lat="40.406053" lon="-82.196557">
<ele>276.2</ele>
<time>2026-02-28T18:27:18Z</time>
</trkpt>
<trkpt lat="40.406027" lon="-82.196581">
<ele>275.5</ele>
<time>2026-02-28T18:27:19Z</time>
</trkpt>
<trkpt lat="40.405943" lon="-82.196625">
<ele>275.8</ele>
<time>2026-02-28T18:27:25Z</time>
</trkpt>
<trkpt lat="40.405935" lon="-82.196632">
<ele>276.1</ele>
<time>2026-02-28T18:27:26Z</time>
</trkpt>
<trkpt lat="40.405887" lon="-82.196678">
<ele>278.9</ele>
<time>2026-02-28T18:27:33Z</time>
</trkpt>
<trkpt lat="40.405846" lon="-82.196699">
<ele>279.2</ele>
<time>2026-02-28T18:27:36Z</time>
</trkpt>
<trkpt lat="40.405784" lon="-82.19676">
<ele>279.8</ele>
<time>2026-02-28T18:27:40Z</time>
</trkpt>
<trkpt lat="40.405769" lon="-82.196775">
<ele>279.9</ele>
<time>2026-02-28T18:27:41Z</time>
</trkpt>
<trkpt lat="40.405649" lon="-82.196885">
<ele>277.9</ele>
<time>2026-02-28T18:27:50Z</time>
</trkpt>
<trkpt lat="40.405635" lon="-82.1969">
<ele>278.1</ele>
<time>2026-02-28T18:27:51Z</time>
</trkpt>
<trkpt lat="40.405607" lon="-82.196939">
<ele>278</ele>
<time>2026-02-28T18:27:54Z</time>
</trkpt>
<trkpt lat="40.405593" lon="-82.197002">
<ele>279.9</ele>
<time>2026-02-28T18:28:00Z</time>
</trkpt>
<trkpt lat="40.405576" lon="-82.197018">
<ele>281.7</ele>
<time>2026-02-28T18:28:02Z</time>
</trkpt>
<trkpt lat="40.405561" lon="-82.197061">
<ele>283.1</ele>
<time>2026-02-28T18:28:05Z</time>
</trkpt>
<trkpt lat="40.405532" lon="-82.197083">
<ele>287.7</ele>
<time>2026-02-28T18:28:37Z</time>
</trkpt>
<trkpt lat="40.405522" lon="-82.197083">
<ele>287.7</ele>
<time>2026-02-28T18:28:38Z</time>
</trkpt>
<trkpt lat="40.40543" lon="-82.197126">
<ele>287.8</ele>
<time>2026-02-28T18:28:43Z</time>
</trkpt>
<trkpt lat="40.405358" lon="-82.197207">
<ele>290.5</ele>
<time>2026-02-28T18:28:47Z</time>
</trkpt>
<trkpt lat="40.405339" lon="-82.197228">
<ele>290.8</ele>
<time>2026-02-28T18:28:48Z</time>
</trkpt>
<trkpt lat="40.405219" lon="-82.197322">
<ele>290.4</ele>
<time>2026-02-28T18:28:52Z</time>
</trkpt>
<trkpt lat="40.405175" lon="-82.197378">
<ele>291.5</ele>
<time>2026-02-28T18:28:55Z</time>
</trkpt>
<trkpt lat="40.405138" lon="-82.197408">
<ele>293.8</ele>
<time>2026-02-28T18:28:57Z</time>
</trkpt>
<trkpt lat="40.40512" lon="-82.197423">
<ele>294.4</ele>
<time>2026-02-28T18:28:58Z</time>
</trkpt>
<trkpt lat="40.405042" lon="-82.197511">
<ele>296.5</ele>
<time>2026-02-28T18:29:02Z</time>
</trkpt>
<trkpt lat="40.405016" lon="-82.197523">
<ele>297.8</ele>
<time>2026-02-28T18:29:07Z</time>
</trkpt>
<trkpt lat="40.404995" lon="-82.197512">
<ele>294.4</ele>
<time>2026-02-28T18:29:32Z</time>
</trkpt>
<trkpt lat="40.404941" lon="-82.197525">
<ele>293.3</ele>
<time>2026-02-28T18:29:38Z</time>
</trkpt>
<trkpt lat="40.404935" lon="-82.197525">
<ele>293.5</ele>
<time>2026-02-28T18:29:39Z</time>
</trkpt>
<trkpt lat="40.404845" lon="-82.197566">
<ele>293.7</ele>
<time>2026-02-28T18:29:48Z</time>
</trkpt>
<trkpt lat="40.404786" lon="-82.197576">
<ele>295</ele>
<time>2026-02-28T18:29:54Z</time>
</trkpt>
<trkpt lat="40.40477" lon="-82.197574">
<ele>295.5</ele>
<time>2026-02-28T18:29:55Z</time>
</trkpt>
<trkpt lat="40.404725" lon="-82.197569">
<ele>295.4</ele>
<time>2026-02-28T18:29:58Z</time>
</trkpt>
<trkpt lat="40.404705" lon="-82.197576">
<ele>295.9</ele>
<time>2026-02-28T18:30:00Z</time>
</trkpt>
<trkpt lat="40.404684" lon="-82.197593">
<ele>296.1</ele>
<time>2026-02-28T18:30:02Z</time>
</trkpt>
<trkpt lat="40.40464" lon="-82.197601">
<ele>296.3</ele>
<time>2026-02-28T18:30:05Z</time>
</trkpt>
<trkpt lat="40.404584" lon="-82.197644">
<ele>295.3</ele>
<time>2026-02-28T18:30:09Z</time>
</trkpt>
<trkpt lat="40.404573" lon="-82.197656">
<ele>295.5</ele>
<time>2026-02-28T18:30:10Z</time>
</trkpt>
<trkpt lat="40.404432" lon="-82.197778">
<ele>300.2</ele>
<time>2026-02-28T18:30:21Z</time>
</trkpt>
<trkpt lat="40.404422" lon="-82.19779">
<ele>300.9</ele>
<time>2026-02-28T18:30:22Z</time>
</trkpt>
<trkpt lat="40.404369" lon="-82.197805">
<ele>303.2</ele>
<time>2026-02-28T18:30:27Z</time>
</trkpt>
<trkpt lat="40.404336" lon="-82.197837">
<ele>305.1</ele>
<time>2026-02-28T18:30:30Z</time>
</trkpt>
<trkpt lat="40.404286" lon="-82.197924">
<ele>306.7</ele>
<time>2026-02-28T18:30:35Z</time>
</trkpt>
<trkpt lat="40.404277" lon="-82.197939">
<ele>306.9</ele>
<time>2026-02-28T18:30:36Z</time>
</trkpt>
<trkpt lat="40.404214" lon="-82.19803">
<ele>309.6</ele>
<time>2026-02-28T18:30:42Z</time>
</trkpt>
<trkpt lat="40.404159" lon="-82.198069">
<ele>311.8</ele>
<time>2026-02-28T18:30:49Z</time>
</trkpt>
<trkpt lat="40.404128" lon="-82.198063">
<ele>312.1</ele>
<time>2026-02-28T18:30:51Z</time>
</trkpt>
<trkpt lat="40.404112" lon="-82.198061">
<ele>312</ele>
<time>2026-02-28T18:30:52Z</time>
</trkpt>
<trkpt lat="40.404073" lon="-82.198067">
<ele>311.9</ele>
<time>2026-02-28T18:30:56Z</time>
</trkpt>
<trkpt lat="40.404039" lon="-82.198091">
<ele>311.2</ele>
<time>2026-02-28T18:30:58Z</time>
</trkpt>
<trkpt lat="40.403954" lon="-82.198124">
<ele>312</ele>
<time>2026-02-28T18:31:02Z</time>
</trkpt>
<trkpt lat="40.403938" lon="-82.198124">
<ele>312.7</ele>
<time>2026-02-28T18:31:03Z</time>
</trkpt>
<trkpt lat="40.403926" lon="-82.198127">
<ele>312.8</ele>
<time>2026-02-28T18:31:04Z</time>
</trkpt>
<trkpt lat="40.403908" lon="-82.198152">
<ele>314.5</ele>
<time>2026-02-28T18:31:55Z</time>
</trkpt>
<trkpt lat="40.403898" lon="-82.198139">
<ele>314.4</ele>
<time>2026-02-28T18:35:11Z</time>
</trkpt>
<trkpt lat="40.403869" lon="-82.198135">
<ele>314.4</ele>
<time>2026-02-28T18:35:13Z</time>
</trkpt>
<trkpt lat="40.403841" lon="-82.19812">
<ele>314.6</ele>
<time>2026-02-28T18:35:14Z</time>
</trkpt>
<trkpt lat="40.403758" lon="-82.198156">
<ele>314.2</ele>
<time>2026-02-28T18:35:17Z</time>
</trkpt>
<trkpt lat="40.403742" lon="-82.198155">
<ele>314.3</ele>
<time>2026-02-28T18:35:18Z</time>
</trkpt>
<trkpt lat="40.403723" lon="-82.198158">
<ele>314.6</ele>
<time>2026-02-28T18:35:19Z</time>
</trkpt>
<trkpt lat="40.40357" lon="-82.198104">
<ele>316.9</ele>
<time>2026-02-28T18:35:27Z</time>
</trkpt>
<trkpt lat="40.403553" lon="-82.198104">
<ele>317.2</ele>
<time>2026-02-28T18:35:28Z</time>
</trkpt>
<trkpt lat="40.403498" lon="-82.198102">
<ele>318.4</ele>
<time>2026-02-28T18:35:31Z</time>
</trkpt>
<trkpt lat="40.403404" lon="-82.19814">
<ele>320.5</ele>
<time>2026-02-28T18:35:37Z</time>
</trkpt>
<trkpt lat="40.403395" lon="-82.198144">
<ele>320.7</ele>
<time>2026-02-28T18:35:38Z</time>
</trkpt>
<trkpt lat="40.403221" lon="-82.198175">
<ele>320.9</ele>
<time>2026-02-28T18:35:49Z</time>
</trkpt>
<trkpt lat="40.403206" lon="-82.198173">
<ele>321.5</ele>
<time>2026-02-28T18:35:50Z</time>
</trkpt>
<trkpt lat="40.403093" lon="-82.198176">
<ele>324.6</ele>
<time>2026-02-28T18:35:56Z</time>
</trkpt>
<trkpt lat="40.403041" lon="-82.198155">
<ele>325.8</ele>
<time>2026-02-28T18:35:59Z</time>
</trkpt>
<trkpt lat="40.403021" lon="-82.198151">
<ele>326.2</ele>
<time>2026-02-28T18:36:00Z</time>
</trkpt>
<trkpt lat="40.40294" lon="-82.198144">
<ele>326.9</ele>
<time>2026-02-28T18:36:04Z</time>
</trkpt>
<trkpt lat="40.402856" lon="-82.198156">
<ele>326.2</ele>
<time>2026-02-28T18:36:07Z</time>
</trkpt>
<trkpt lat="40.402804" lon="-82.198154">
<ele>326.5</ele>
<time>2026-02-28T18:36:09Z</time>
</trkpt>
<trkpt lat="40.40279" lon="-82.19815">
<ele>327.5</ele>
<time>2026-02-28T18:36:10Z</time>
</trkpt>
<trkpt lat="40.40261" lon="-82.198121">
<ele>330.4</ele>
<time>2026-02-28T18:36:19Z</time>
</trkpt>
<trkpt lat="40.402591" lon="-82.198118">
<ele>330.7</ele>
<time>2026-02-28T18:36:20Z</time>
</trkpt>
<trkpt lat="40.402471" lon="-82.198091">
<ele>332.4</ele>
<time>2026-02-28T18:36:25Z</time>
</trkpt>
<trkpt lat="40.402377" lon="-82.198049">
<ele>333.3</ele>
<time>2026-02-28T18:36:29Z</time>
</trkpt>
<trkpt lat="40.402356" lon="-82.198035">
<ele>333.4</ele>
<time>2026-02-28T18:36:30Z</time>
</trkpt>
<trkpt lat="40.402275" lon="-82.197987">
<ele>333.5</ele>
<time>2026-02-28T18:36:35Z</time>
</trkpt>
<trkpt lat="40.402201" lon="-82.197969">
<ele>334.5</ele>
<time>2026-02-28T18:36:39Z</time>
</trkpt>
<trkpt lat="40.402183" lon="-82.197959">
<ele>335</ele>
<time>2026-02-28T18:36:40Z</time>
</trkpt>
<trkpt lat="40.402106" lon="-82.197919">
<ele>335.3</ele>
<time>2026-02-28T18:36:44Z</time>
</trkpt>
<trkpt lat="40.402035" lon="-82.19791">
<ele>336.4</ele>
<time>2026-02-28T18:36:49Z</time>
</trkpt>
<trkpt lat="40.402024" lon="-82.197894">
<ele>336.5</ele>
<time>2026-02-28T18:36:50Z</time>
</trkpt>
<trkpt lat="40.402009" lon="-82.197882">
<ele>336.9</ele>
<time>2026-02-28T18:36:51Z</time>
</trkpt>
<trkpt lat="40.401992" lon="-82.197857">
<ele>337.6</ele>
<time>2026-02-28T18:36:52Z</time>
</trkpt>
<trkpt lat="40.401863" lon="-82.197744">
<ele>339.5</ele>
<time>2026-02-28T18:38:02Z</time>
</trkpt>
<trkpt lat="40.401855" lon="-82.197729">
<ele>339.4</ele>
<time>2026-02-28T18:38:03Z</time>
</trkpt>
<trkpt lat="40.401817" lon="-82.197693">
<ele>339.9</ele>
<time>2026-02-28T18:38:07Z</time>
</trkpt>
<trkpt lat="40.401771" lon="-82.197695">
<ele>338.8</ele>
<time>2026-02-28T18:38:11Z</time>
</trkpt>
<trkpt lat="40.401759" lon="-82.197679">
<ele>342.4</ele>
<time>2026-02-28T18:38:42Z</time>
</trkpt>
<trkpt lat="40.401707" lon="-82.197661">
<ele>343.2</ele>
<time>2026-02-28T18:38:46Z</time>
</trkpt>
<trkpt lat="40.401704" lon="-82.197665">
<ele>343.3</ele>
<time>2026-02-28T18:38:47Z</time>
</trkpt>
<trkpt lat="40.401677" lon="-82.197675">
<ele>339.8</ele>
<time>2026-02-28T18:40:04Z</time>
</trkpt>
<trkpt lat="40.401701" lon="-82.197659">
<ele>343.6</ele>
<time>2026-02-28T18:47:05Z</time>
</trkpt>
<trkpt lat="40.401681" lon="-82.197636">
<ele>341</ele>
<time>2026-02-28T18:53:48Z</time>
</trkpt>
<trkpt lat="40.401698" lon="-82.19766">
<ele>339.2</ele>
<time>2026-02-28T19:00:32Z</time>
</trkpt>
<trkpt lat="40.401718" lon="-82.197644">
<ele>337.9</ele>
<time>2026-02-28T19:02:48Z</time>
</trkpt>
<trkpt lat="40.401668" lon="-82.197658">
<ele>333.3</ele>
<time>2026-02-28T19:03:48Z</time>
</trkpt>
<trkpt lat="40.401667" lon="-82.197659">
<ele>333.1</ele>
<time>2026-02-28T19:03:49Z</time>
</trkpt>
<trkpt lat="40.401646" lon="-82.197638">
<ele>337.8</ele>
<time>2026-02-28T19:12:48Z</time>
</trkpt>
<trkpt lat="40.401625" lon="-82.197647">
<ele>339.4</ele>
<time>2026-02-28T19:15:20Z</time>
</trkpt>
<trkpt lat="40.401611" lon="-82.197635">
<ele>339.7</ele>
<time>2026-02-28T19:15:22Z</time>
</trkpt>
<trkpt lat="40.401569" lon="-82.197638">
<ele>339.2</ele>
<time>2026-02-28T19:15:26Z</time>
</trkpt>
<trkpt lat="40.401515" lon="-82.197624">
<ele>339.1</ele>
<time>2026-02-28T19:15:31Z</time>
</trkpt>
<trkpt lat="40.401503" lon="-82.197617">
<ele>338.9</ele>
<time>2026-02-28T19:15:32Z</time>
</trkpt>
<trkpt lat="40.401477" lon="-82.197593">
<ele>338.8</ele>
<time>2026-02-28T19:15:35Z</time>
</trkpt>
<trkpt lat="40.401454" lon="-82.19759">
<ele>338.6</ele>
<time>2026-02-28T19:15:37Z</time>
</trkpt>
<trkpt lat="40.401391" lon="-82.197591">
<ele>338</ele>
<time>2026-02-28T19:15:45Z</time>
</trkpt>
<trkpt lat="40.40133" lon="-82.197615">
<ele>338.6</ele>
<time>2026-02-28T19:15:51Z</time>
</trkpt>
<trkpt lat="40.401319" lon="-82.197608">
<ele>338.5</ele>
<time>2026-02-28T19:15:52Z</time>
</trkpt>
<trkpt lat="40.401229" lon="-82.197633">
<ele>339.6</ele>
<time>2026-02-28T19:16:00Z</time>
</trkpt>
<trkpt lat="40.401156" lon="-82.197678">
<ele>340.9</ele>
<time>2026-02-28T19:16:10Z</time>
</trkpt>
<trkpt lat="40.401147" lon="-82.197684">
<ele>341</ele>
<time>2026-02-28T19:16:11Z</time>
</trkpt>
<trkpt lat="40.401081" lon="-82.197722">
<ele>351</ele>
<time>2026-02-28T19:20:16Z</time>
</trkpt>
<trkpt lat="40.401077" lon="-82.197747">
<ele>350.8</ele>
<time>2026-02-28T19:20:18Z</time>
</trkpt>
<trkpt lat="40.401033" lon="-82.197812">
<ele>351.7</ele>
<time>2026-02-28T19:20:26Z</time>
</trkpt>
<trkpt lat="40.401034" lon="-82.197816">
<ele>351.7</ele>
<time>2026-02-28T19:20:27Z</time>
</trkpt>
<trkpt lat="40.401039" lon="-82.197821">
<ele>351.6</ele>
<time>2026-02-28T19:20:28Z</time>
</trkpt>
<trkpt lat="40.400987" lon="-82.197892">
<ele>354</ele>
<time>2026-02-28T19:21:04Z</time>
</trkpt>
<trkpt lat="40.400943" lon="-82.197981">
<ele>353.7</ele>
<time>2026-02-28T19:21:09Z</time>
</trkpt>
<trkpt lat="40.400929" lon="-82.197994">
<ele>353.5</ele>
<time>2026-02-28T19:21:10Z</time>
</trkpt>
<trkpt lat="40.400878" lon="-82.198073">
<ele>354.3</ele>
<time>2026-02-28T19:21:15Z</time>
</trkpt>
<trkpt lat="40.400868" lon="-82.198041">
<ele>351.7</ele>
<time>2026-02-28T19:22:11Z</time>
</trkpt>
<trkpt lat="40.400823" lon="-82.198065">
<ele>353</ele>
<time>2026-02-28T19:28:24Z</time>
</trkpt>
<trkpt lat="40.400808" lon="-82.198096">
<ele>353.2</ele>
<time>2026-02-28T19:28:26Z</time>
</trkpt>
<trkpt lat="40.400799" lon="-82.198106">
<ele>353.2</ele>
<time>2026-02-28T19:28:27Z</time>
</trkpt>
<trkpt lat="40.400735" lon="-82.198199">
<ele>354</ele>
<time>2026-02-28T19:28:32Z</time>
</trkpt>
<trkpt lat="40.400691" lon="-82.198296">
<ele>354.1</ele>
<time>2026-02-28T19:28:37Z</time>
</trkpt>
<trkpt lat="40.40068" lon="-82.198317">
<ele>354.1</ele>
<time>2026-02-28T19:28:38Z</time>
</trkpt>
<trkpt lat="40.400632" lon="-82.19839">
<ele>353.5</ele>
<time>2026-02-28T19:28:41Z</time>
</trkpt>
<trkpt lat="40.400583" lon="-82.19853">
<ele>352.4</ele>
<time>2026-02-28T19:28:47Z</time>
</trkpt>
<trkpt lat="40.400576" lon="-82.198551">
<ele>350.9</ele>
<time>2026-02-28T19:28:48Z</time>
</trkpt>
<trkpt lat="40.40056" lon="-82.198667">
<ele>350.5</ele>
<time>2026-02-28T19:28:52Z</time>
</trkpt>
<trkpt lat="40.400513" lon="-82.198827">
<ele>353.6</ele>
<time>2026-02-28T19:28:58Z</time>
</trkpt>
<trkpt lat="40.400508" lon="-82.198858">
<ele>353.5</ele>
<time>2026-02-28T19:28:59Z</time>
</trkpt>
<trkpt lat="40.400493" lon="-82.19893">
<ele>354.3</ele>
<time>2026-02-28T19:29:02Z</time>
</trkpt>
<trkpt lat="40.400437" lon="-82.199104">
<ele>354.9</ele>
<time>2026-02-28T19:29:09Z</time>
</trkpt>
<trkpt lat="40.400432" lon="-82.199127">
<ele>354.9</ele>
<time>2026-02-28T19:29:10Z</time>
</trkpt>
<trkpt lat="40.400422" lon="-82.199263">
<ele>354.7</ele>
<time>2026-02-28T19:29:15Z</time>
</trkpt>
<trkpt lat="40.400394" lon="-82.199371">
<ele>356</ele>
<time>2026-02-28T19:29:19Z</time>
</trkpt>
<trkpt lat="40.40039" lon="-82.199395">
<ele>356.2</ele>
<time>2026-02-28T19:29:20Z</time>
</trkpt>
<trkpt lat="40.400365" lon="-82.19948">
<ele>357.2</ele>
<time>2026-02-28T19:29:24Z</time>
</trkpt>
<trkpt lat="40.400349" lon="-82.199613">
<ele>357.9</ele>
<time>2026-02-28T19:29:29Z</time>
</trkpt>
<trkpt lat="40.400341" lon="-82.199645">
<ele>357.5</ele>
<time>2026-02-28T19:29:30Z</time>
</trkpt>
<trkpt lat="40.400301" lon="-82.199734">
<ele>358.8</ele>
<time>2026-02-28T19:29:33Z</time>
</trkpt>
<trkpt lat="40.400254" lon="-82.199886">
<ele>360.7</ele>
<time>2026-02-28T19:29:39Z</time>
</trkpt>
<trkpt lat="40.400253" lon="-82.19992">
<ele>361</ele>
<time>2026-02-28T19:29:40Z</time>
</trkpt>
<trkpt lat="40.400243" lon="-82.200033">
<ele>362</ele>
<time>2026-02-28T19:29:44Z</time>
</trkpt>
<trkpt lat="40.4002" lon="-82.200132">
<ele>367.1</ele>
<time>2026-02-28T19:29:55Z</time>
</trkpt>
<trkpt lat="40.4002" lon="-82.200153">
<ele>367.2</ele>
<time>2026-02-28T19:29:56Z</time>
</trkpt>
<trkpt lat="40.4002" lon="-82.200181">
<ele>367.5</ele>
<time>2026-02-28T19:29:57Z</time>
</trkpt>
<trkpt lat="40.40016" lon="-82.200509">
<ele>370.3</ele>
<time>2026-02-28T19:30:06Z</time>
</trkpt>
<trkpt lat="40.400155" lon="-82.200553">
<ele>370.8</ele>
<time>2026-02-28T19:30:07Z</time>
</trkpt>
<trkpt lat="40.400054" lon="-82.201139">
<ele>376</ele>
<time>2026-02-28T19:30:16Z</time>
</trkpt>
<trkpt lat="40.400036" lon="-82.2012">
<ele>376.2</ele>
<time>2026-02-28T19:30:17Z</time>
</trkpt>
<trkpt lat="40.399898" lon="-82.201603">
<ele>376.1</ele>
<time>2026-02-28T19:30:23Z</time>
</trkpt>
<trkpt lat="40.399861" lon="-82.201672">
<ele>376</ele>
<time>2026-02-28T19:30:24Z</time>
</trkpt>
<trkpt lat="40.399772" lon="-82.201782">
<ele>377.3</ele>
<time>2026-02-28T19:30:26Z</time>
</trkpt>
<trkpt lat="40.399719" lon="-82.20183">
<ele>377.6</ele>
<time>2026-02-28T19:30:27Z</time>
</trkpt>
<trkpt lat="40.39966" lon="-82.201867">
<ele>378.9</ele>
<time>2026-02-28T19:30:28Z</time>
</trkpt>
<trkpt lat="40.399595" lon="-82.201885">
<ele>379.1</ele>
<time>2026-02-28T19:30:29Z</time>
</trkpt>
<trkpt lat="40.399458" lon="-82.201893">
<ele>379.7</ele>
<time>2026-02-28T19:30:31Z</time>
</trkpt>
<trkpt lat="40.399098" lon="-82.201884">
<ele>379.7</ele>
<time>2026-02-28T19:30:36Z</time>
</trkpt>
<trkpt lat="40.399033" lon="-82.201883">
<ele>380</ele>
<time>2026-02-28T19:30:37Z</time>
</trkpt>
<trkpt lat="40.398932" lon="-82.201879">
<ele>381.4</ele>
<time>2026-02-28T19:30:39Z</time>
</trkpt>
<trkpt lat="40.398754" lon="-82.201897">
<ele>381.7</ele>
<time>2026-02-28T19:30:43Z</time>
</trkpt>
<trkpt lat="40.398554" lon="-82.201899">
<ele>381.5</ele>
<time>2026-02-28T19:30:47Z</time>
</trkpt>
<trkpt lat="40.398506" lon="-82.201902">
<ele>380.3</ele>
<time>2026-02-28T19:30:48Z</time>
</trkpt>
<trkpt lat="40.398317" lon="-82.201892">
<ele>381</ele>
<time>2026-02-28T19:30:52Z</time>
</trkpt>
<trkpt lat="40.398142" lon="-82.201898">
<ele>380.5</ele>
<time>2026-02-28T19:30:56Z</time>
</trkpt>
<trkpt lat="40.397823" lon="-82.201936">
<ele>379.7</ele>
<time>2026-02-28T19:31:01Z</time>
</trkpt>
<trkpt lat="40.397747" lon="-82.201946">
<ele>379.4</ele>
<time>2026-02-28T19:31:02Z</time>
</trkpt>
<trkpt lat="40.397124" lon="-82.20204">
<ele>375.8</ele>
<time>2026-02-28T19:31:09Z</time>
</trkpt>
<trkpt lat="40.396457" lon="-82.202094">
<ele>370.7</ele>
<time>2026-02-28T19:31:18Z</time>
</trkpt>
<trkpt lat="40.396399" lon="-82.202092">
<ele>370.1</ele>
<time>2026-02-28T19:31:19Z</time>
</trkpt>
<trkpt lat="40.396343" lon="-82.202077">
<ele>370.2</ele>
<time>2026-02-28T19:31:20Z</time>
</trkpt>
<trkpt lat="40.396285" lon="-82.202065">
<ele>370.1</ele>
<time>2026-02-28T19:31:21Z</time>
</trkpt>
<trkpt lat="40.39586" lon="-82.202008">
<ele>371.7</ele>
<time>2026-02-28T19:31:28Z</time>
</trkpt>
<trkpt lat="40.395743" lon="-82.202007">
<ele>371.3</ele>
<time>2026-02-28T19:31:30Z</time>
</trkpt>
<trkpt lat="40.395685" lon="-82.202012">
<ele>371.5</ele>
<time>2026-02-28T19:31:31Z</time>
</trkpt>
<trkpt lat="40.395479" lon="-82.202009">
<ele>373.2</ele>
<time>2026-02-28T19:31:35Z</time>
</trkpt>
<trkpt lat="40.3954" lon="-82.201995">
<ele>373</ele>
<time>2026-02-28T19:31:36Z</time>
</trkpt>
<trkpt lat="40.395278" lon="-82.202">
<ele>371.1</ele>
<time>2026-02-28T19:31:38Z</time>
</trkpt>
<trkpt lat="40.395214" lon="-82.202021">
<ele>373.1</ele>
<time>2026-02-28T19:31:39Z</time>
</trkpt>
<trkpt lat="40.395164" lon="-82.20202">
<ele>374.3</ele>
<time>2026-02-28T19:31:40Z</time>
</trkpt>
<trkpt lat="40.395112" lon="-82.202022">
<ele>375.5</ele>
<time>2026-02-28T19:31:41Z</time>
</trkpt>
<trkpt lat="40.394814" lon="-82.202025">
<ele>378.6</ele>
<time>2026-02-28T19:31:47Z</time>
</trkpt>
<trkpt lat="40.394723" lon="-82.20206">
<ele>376.9</ele>
<time>2026-02-28T19:31:50Z</time>
</trkpt>
<trkpt lat="40.394707" lon="-82.202064">
<ele>377.6</ele>
<time>2026-02-28T19:31:51Z</time>
</trkpt>
<trkpt lat="40.394667" lon="-82.202075">
<ele>376.1</ele>
<time>2026-02-28T19:31:54Z</time>
</trkpt>
<trkpt lat="40.394638" lon="-82.202066">
<ele>374.7</ele>
<time>2026-02-28T19:31:55Z</time>
</trkpt>
<trkpt lat="40.394586" lon="-82.202031">
<ele>374</ele>
<time>2026-02-28T19:31:57Z</time>
</trkpt>
<trkpt lat="40.394516" lon="-82.201895">
<ele>371.6</ele>
<time>2026-02-28T19:32:00Z</time>
</trkpt>
<trkpt lat="40.394489" lon="-82.201844">
<ele>371.3</ele>
<time>2026-02-28T19:32:01Z</time>
</trkpt>
<trkpt lat="40.394329" lon="-82.201547">
<ele>368.8</ele>
<time>2026-02-28T19:32:08Z</time>
</trkpt>
<trkpt lat="40.394305" lon="-82.201529">
<ele>364.3</ele>
<time>2026-02-28T19:33:47Z</time>
</trkpt>
<trkpt lat="40.394305" lon="-82.201525">
<ele>364.2</ele>
<time>2026-02-28T19:33:48Z</time>
</trkpt>
<trkpt lat="40.394286" lon="-82.20152">
<ele>369.5</ele>
<time>2026-02-28T19:35:15Z</time>
</trkpt>
<trkpt lat="40.394272" lon="-82.201494">
<ele>369.5</ele>
<time>2026-02-28T19:35:16Z</time>
</trkpt>
<trkpt lat="40.394082" lon="-82.201103">
<ele>371.1</ele>
<time>2026-02-28T19:35:22Z</time>
</trkpt>
<trkpt lat="40.39404" lon="-82.201015">
<ele>371.2</ele>
<time>2026-02-28T19:35:23Z</time>
</trkpt>
<trkpt lat="40.393696" lon="-82.200289">
<ele>370.5</ele>
<time>2026-02-28T19:35:32Z</time>
</trkpt>
<trkpt lat="40.393659" lon="-82.200206">
<ele>368.9</ele>
<time>2026-02-28T19:35:33Z</time>
</trkpt>
<trkpt lat="40.393533" lon="-82.199941">
<ele>366.3</ele>
<time>2026-02-28T19:35:36Z</time>
</trkpt>
<trkpt lat="40.393254" lon="-82.199413">
<ele>363.7</ele>
<time>2026-02-28T19:35:42Z</time>
</trkpt>
<trkpt lat="40.393205" lon="-82.199327">
<ele>362.9</ele>
<time>2026-02-28T19:35:43Z</time>
</trkpt>
<trkpt lat="40.392801" lon="-82.198474">
<ele>359.1</ele>
<time>2026-02-28T19:35:52Z</time>
</trkpt>
<trkpt lat="40.392748" lon="-82.198362">
<ele>358.4</ele>
<time>2026-02-28T19:35:53Z</time>
</trkpt>
<trkpt lat="40.392579" lon="-82.197987">
<ele>356.6</ele>
<time>2026-02-28T19:35:56Z</time>
</trkpt>
<trkpt lat="40.392255" lon="-82.197321">
<ele>356.5</ele>
<time>2026-02-28T19:36:02Z</time>
</trkpt>
<trkpt lat="40.392221" lon="-82.197248">
<ele>356.7</ele>
<time>2026-02-28T19:36:03Z</time>
</trkpt>
<trkpt lat="40.392138" lon="-82.197049">
<ele>358.2</ele>
<time>2026-02-28T19:36:07Z</time>
</trkpt>
<trkpt lat="40.392106" lon="-82.196936">
<ele>358.2</ele>
<time>2026-02-28T19:36:09Z</time>
</trkpt>
<trkpt lat="40.392096" lon="-82.196874">
<ele>358.4</ele>
<time>2026-02-28T19:36:10Z</time>
</trkpt>
<trkpt lat="40.392095" lon="-82.196726">
<ele>361.1</ele>
<time>2026-02-28T19:36:12Z</time>
</trkpt>
<trkpt lat="40.392101" lon="-82.19665">
<ele>362.5</ele>
<time>2026-02-28T19:36:13Z</time>
</trkpt>
<trkpt lat="40.392125" lon="-82.196501">
<ele>364.1</ele>
<time>2026-02-28T19:36:15Z</time>
</trkpt>
<trkpt lat="40.392149" lon="-82.196424">
<ele>363.9</ele>
<time>2026-02-28T19:36:16Z</time>
</trkpt>
<trkpt lat="40.392253" lon="-82.196178">
<ele>364.4</ele>
<time>2026-02-28T19:36:19Z</time>
</trkpt>
<trkpt lat="40.392368" lon="-82.19594">
<ele>365.9</ele>
<time>2026-02-28T19:36:22Z</time>
</trkpt>
<trkpt lat="40.392409" lon="-82.195852">
<ele>367.2</ele>
<time>2026-02-28T19:36:23Z</time>
</trkpt>
<trkpt lat="40.392689" lon="-82.195268">
<ele>368.3</ele>
<time>2026-02-28T19:36:29Z</time>
</trkpt>
<trkpt lat="40.392762" lon="-82.195031">
<ele>368.5</ele>
<time>2026-02-28T19:36:31Z</time>
</trkpt>
<trkpt lat="40.392777" lon="-82.194898">
<ele>369</ele>
<time>2026-02-28T19:36:32Z</time>
</trkpt>
<trkpt lat="40.392786" lon="-82.194755">
<ele>369.7</ele>
<time>2026-02-28T19:36:33Z</time>
</trkpt>
<trkpt lat="40.392804" lon="-82.193993">
<ele>373.8</ele>
<time>2026-02-28T19:36:38Z</time>
</trkpt>
<trkpt lat="40.392797" lon="-82.193431">
<ele>374.9</ele>
<time>2026-02-28T19:36:42Z</time>
</trkpt>
<trkpt lat="40.392796" lon="-82.193305">
<ele>374.1</ele>
<time>2026-02-28T19:36:43Z</time>
</trkpt>
<trkpt lat="40.39281" lon="-82.19185">
<ele>363.4</ele>
<time>2026-02-28T19:36:52Z</time>
</trkpt>
<trkpt lat="40.39281" lon="-82.191668">
<ele>363.1</ele>
<time>2026-02-28T19:36:53Z</time>
</trkpt>
<trkpt lat="40.392774" lon="-82.190625">
<ele>370.7</ele>
<time>2026-02-28T19:36:59Z</time>
</trkpt>
<trkpt lat="40.392751" lon="-82.190474">
<ele>370.9</ele>
<time>2026-02-28T19:37:00Z</time>
</trkpt>
<trkpt lat="40.392708" lon="-82.190333">
<ele>370.3</ele>
<time>2026-02-28T19:37:01Z</time>
</trkpt>
<trkpt lat="40.392646" lon="-82.1902">
<ele>369.9</ele>
<time>2026-02-28T19:37:02Z</time>
</trkpt>
<trkpt lat="40.392563" lon="-82.190078">
<ele>369.5</ele>
<time>2026-02-28T19:37:03Z</time>
</trkpt>
<trkpt lat="40.392459" lon="-82.189966">
<ele>369.1</ele>
<time>2026-02-28T19:37:04Z</time>
</trkpt>
<trkpt lat="40.392344" lon="-82.189873">
<ele>368.7</ele>
<time>2026-02-28T19:37:05Z</time>
</trkpt>
<trkpt lat="40.392093" lon="-82.189713">
<ele>368.9</ele>
<time>2026-02-28T19:37:07Z</time>
</trkpt>
<trkpt lat="40.391454" lon="-82.189282">
<ele>372.1</ele>
<time>2026-02-28T19:37:12Z</time>
</trkpt>
<trkpt lat="40.391322" lon="-82.189185">
<ele>372.3</ele>
<time>2026-02-28T19:37:13Z</time>
</trkpt>
<trkpt lat="40.390733" lon="-82.188746">
<ele>371.7</ele>
<time>2026-02-28T19:37:17Z</time>
</trkpt>
<trkpt lat="40.39042" lon="-82.188532">
<ele>372.3</ele>
<time>2026-02-28T19:37:19Z</time>
</trkpt>
<trkpt lat="40.389973" lon="-82.188265">
<ele>373.8</ele>
<time>2026-02-28T19:37:22Z</time>
</trkpt>
<trkpt lat="40.389831" lon="-82.188189">
<ele>374.1</ele>
<time>2026-02-28T19:37:23Z</time>
</trkpt>
<trkpt lat="40.389572" lon="-82.188036">
<ele>375</ele>
<time>2026-02-28T19:37:25Z</time>
</trkpt>
<trkpt lat="40.389455" lon="-82.187955">
<ele>374.9</ele>
<time>2026-02-28T19:37:26Z</time>
</trkpt>
<trkpt lat="40.389355" lon="-82.187861">
<ele>374.8</ele>
<time>2026-02-28T19:37:27Z</time>
</trkpt>
<trkpt lat="40.389271" lon="-82.187766">
<ele>375.4</ele>
<time>2026-02-28T19:37:28Z</time>
</trkpt>
<trkpt lat="40.389216" lon="-82.187647">
<ele>375.5</ele>
<time>2026-02-28T19:37:29Z</time>
</trkpt>
<trkpt lat="40.389181" lon="-82.187505">
<ele>375.7</ele>
<time>2026-02-28T19:37:30Z</time>
</trkpt>
<trkpt lat="40.389167" lon="-82.187351">
<ele>376</ele>
<time>2026-02-28T19:37:31Z</time>
</trkpt>
<trkpt lat="40.389165" lon="-82.187182">
<ele>377.3</ele>
<time>2026-02-28T19:37:32Z</time>
</trkpt>
<trkpt lat="40.389167" lon="-82.187006">
<ele>377.6</ele>
<time>2026-02-28T19:37:33Z</time>
</trkpt>
<trkpt lat="40.38917" lon="-82.1864">
<ele>377.3</ele>
<time>2026-02-28T19:37:37Z</time>
</trkpt>
<trkpt lat="40.389197" lon="-82.185747">
<ele>376.4</ele>
<time>2026-02-28T19:37:42Z</time>
</trkpt>
<trkpt lat="40.389203" lon="-82.185627">
<ele>375.8</ele>
<time>2026-02-28T19:37:43Z</time>
</trkpt>
<trkpt lat="40.389221" lon="-82.185049">
<ele>373.1</ele>
<time>2026-02-28T19:37:49Z</time>
</trkpt>
<trkpt lat="40.389191" lon="-82.184926">
<ele>372</ele>
<time>2026-02-28T19:37:52Z</time>
</trkpt>
<trkpt lat="40.389182" lon="-82.184909">
<ele>371.9</ele>
<time>2026-02-28T19:37:53Z</time>
</trkpt>
<trkpt lat="40.389144" lon="-82.184835">
<ele>371.3</ele>
<time>2026-02-28T19:37:56Z</time>
</trkpt>
<trkpt lat="40.389107" lon="-82.184786">
<ele>370.9</ele>
<time>2026-02-28T19:37:58Z</time>
</trkpt>
<trkpt lat="40.389055" lon="-82.184759">
<ele>369.9</ele>
<time>2026-02-28T19:38:00Z</time>
</trkpt>
<trkpt lat="40.388997" lon="-82.184765">
<ele>369</ele>
<time>2026-02-28T19:38:02Z</time>
</trkpt>
<trkpt lat="40.388967" lon="-82.184779">
<ele>367.9</ele>
<time>2026-02-28T19:38:03Z</time>
</trkpt>
<trkpt lat="40.388821" lon="-82.184833">
<ele>365.8</ele>
<time>2026-02-28T19:38:07Z</time>
</trkpt>
<trkpt lat="40.388612" lon="-82.184882">
<ele>362.2</ele>
<time>2026-02-28T19:38:12Z</time>
</trkpt>
<trkpt lat="40.388535" lon="-82.184896">
<ele>360.6</ele>
<time>2026-02-28T19:38:14Z</time>
</trkpt>
<trkpt lat="40.388194" lon="-82.184983">
<ele>356.6</ele>
<time>2026-02-28T19:38:21Z</time>
</trkpt>
<trkpt lat="40.38815" lon="-82.185008">
<ele>356</ele>
<time>2026-02-28T19:38:22Z</time>
</trkpt>
<trkpt lat="40.388114" lon="-82.185043">
<ele>355.7</ele>
<time>2026-02-28T19:38:23Z</time>
</trkpt>
<trkpt lat="40.388093" lon="-82.185082">
<ele>355.1</ele>
<time>2026-02-28T19:38:24Z</time>
</trkpt>
<trkpt lat="40.38807" lon="-82.185182">
<ele>353.7</ele>
<time>2026-02-28T19:38:26Z</time>
</trkpt>
<trkpt lat="40.388073" lon="-82.185249">
<ele>352.5</ele>
<time>2026-02-28T19:38:27Z</time>
</trkpt>
<trkpt lat="40.388098" lon="-82.185387">
<ele>349.8</ele>
<time>2026-02-28T19:38:29Z</time>
</trkpt>
<trkpt lat="40.38819" lon="-82.185732">
<ele>343.8</ele>
<time>2026-02-28T19:38:34Z</time>
</trkpt>
<trkpt lat="40.388203" lon="-82.185788">
<ele>343.7</ele>
<time>2026-02-28T19:38:35Z</time>
</trkpt>
<trkpt lat="40.388224" lon="-82.185901">
<ele>342.1</ele>
<time>2026-02-28T19:38:37Z</time>
</trkpt>
<trkpt lat="40.388223" lon="-82.185946">
<ele>341.5</ele>
<time>2026-02-28T19:38:38Z</time>
</trkpt>
<trkpt lat="40.388174" lon="-82.186128">
<ele>339.7</ele>
<time>2026-02-28T19:38:45Z</time>
</trkpt>
<trkpt lat="40.388167" lon="-82.186143">
<ele>339.3</ele>
<time>2026-02-28T19:38:46Z</time>
</trkpt>
<trkpt lat="40.388078" lon="-82.186325">
<ele>339.7</ele>
<time>2026-02-28T19:39:33Z</time>
</trkpt>
<trkpt lat="40.388076" lon="-82.186329">
<ele>339.8</ele>
<time>2026-02-28T19:39:34Z</time>
</trkpt>
<trkpt lat="40.388002" lon="-82.186555">
<ele>338.6</ele>
<time>2026-02-28T19:40:14Z</time>
</trkpt>
<trkpt lat="40.387998" lon="-82.18657">
<ele>338.3</ele>
<time>2026-02-28T19:40:15Z</time>
</trkpt>
<trkpt lat="40.38793" lon="-82.186793">
<ele>334.8</ele>
<time>2026-02-28T19:40:35Z</time>
</trkpt>
<trkpt lat="40.387929" lon="-82.186799">
<ele>334.8</ele>
<time>2026-02-28T19:40:36Z</time>
</trkpt>
<trkpt lat="40.387879" lon="-82.186999">
<ele>331.7</ele>
<time>2026-02-28T19:40:49Z</time>
</trkpt>
<trkpt lat="40.387878" lon="-82.187016">
<ele>331.9</ele>
<time>2026-02-28T19:40:50Z</time>
</trkpt>
<trkpt lat="40.387852" lon="-82.187243">
<ele>329.6</ele>
<time>2026-02-28T19:41:08Z</time>
</trkpt>
<trkpt lat="40.387851" lon="-82.187248">
<ele>329.4</ele>
<time>2026-02-28T19:41:09Z</time>
</trkpt>
<trkpt lat="40.387856" lon="-82.187459">
<ele>325.5</ele>
<time>2026-02-28T19:41:40Z</time>
</trkpt>
<trkpt lat="40.387853" lon="-82.187473">
<ele>325.6</ele>
<time>2026-02-28T19:41:41Z</time>
</trkpt>
<trkpt lat="40.387825" lon="-82.18761">
<ele>326.1</ele>
<time>2026-02-28T19:41:50Z</time>
</trkpt>
<trkpt lat="40.387832" lon="-82.187679">
<ele>327.8</ele>
<time>2026-02-28T19:41:58Z</time>
</trkpt>
<trkpt lat="40.387833" lon="-82.187682">
<ele>327.6</ele>
<time>2026-02-28T19:41:59Z</time>
</trkpt>
<trkpt lat="40.387832" lon="-82.187911">
<ele>324.8</ele>
<time>2026-02-28T19:42:11Z</time>
</trkpt>
<trkpt lat="40.387835" lon="-82.187934">
<ele>324.5</ele>
<time>2026-02-28T19:42:12Z</time>
</trkpt>
<trkpt lat="40.387833" lon="-82.18819">
<ele>319.9</ele>
<time>2026-02-28T19:42:28Z</time>
</trkpt>
<trkpt lat="40.387829" lon="-82.188233">
<ele>318.7</ele>
<time>2026-02-28T19:42:29Z</time>
</trkpt>
<trkpt lat="40.387805" lon="-82.188439">
<ele>321.1</ele>
<time>2026-02-28T19:43:51Z</time>
</trkpt>
<trkpt lat="40.387809" lon="-82.188403">
<ele>320.4</ele>
<time>2026-02-28T19:44:27Z</time>
</trkpt>
<trkpt lat="40.38781" lon="-82.188399">
<ele>320.7</ele>
<time>2026-02-28T19:44:28Z</time>
</trkpt>
<trkpt lat="40.387793" lon="-82.188608">
<ele>320.3</ele>
<time>2026-02-28T19:45:17Z</time>
</trkpt>
<trkpt lat="40.387788" lon="-82.188629">
<ele>320.4</ele>
<time>2026-02-28T19:45:18Z</time>
</trkpt>
<trkpt lat="40.387719" lon="-82.188849">
<ele>319</ele>
<time>2026-02-28T19:45:27Z</time>
</trkpt>
<trkpt lat="40.387707" lon="-82.188885">
<ele>318.8</ele>
<time>2026-02-28T19:45:28Z</time>
</trkpt>
<trkpt lat="40.387571" lon="-82.189223">
<ele>314.5</ele>
<time>2026-02-28T19:45:37Z</time>
</trkpt>
<trkpt lat="40.387552" lon="-82.189264">
<ele>314.3</ele>
<time>2026-02-28T19:45:38Z</time>
</trkpt>
<trkpt lat="40.387401" lon="-82.189597">
<ele>309.9</ele>
<time>2026-02-28T19:45:47Z</time>
</trkpt>
<trkpt lat="40.387377" lon="-82.189652">
<ele>308.9</ele>
<time>2026-02-28T19:45:48Z</time>
</trkpt>
<trkpt lat="40.387294" lon="-82.189827">
<ele>306.8</ele>
<time>2026-02-28T19:45:52Z</time>
</trkpt>
<trkpt lat="40.387225" lon="-82.19001">
<ele>305.1</ele>
<time>2026-02-28T19:45:57Z</time>
</trkpt>
<trkpt lat="40.38721" lon="-82.190053">
<ele>304.6</ele>
<time>2026-02-28T19:45:58Z</time>
</trkpt>
<trkpt lat="40.387043" lon="-82.190461">
<ele>299.9</ele>
<time>2026-02-28T19:46:07Z</time>
</trkpt>
<trkpt lat="40.387028" lon="-82.190503">
<ele>299.5</ele>
<time>2026-02-28T19:46:08Z</time>
</trkpt>
<trkpt lat="40.387004" lon="-82.190593">
<ele>298</ele>
<time>2026-02-28T19:46:10Z</time>
</trkpt>
<trkpt lat="40.386907" lon="-82.190859">
<ele>296.3</ele>
<time>2026-02-28T19:46:17Z</time>
</trkpt>
<trkpt lat="40.386896" lon="-82.190891">
<ele>296.2</ele>
<time>2026-02-28T19:46:18Z</time>
</trkpt>
<trkpt lat="40.38684" lon="-82.191108">
<ele>295.1</ele>
<time>2026-02-28T19:46:27Z</time>
</trkpt>
<trkpt lat="40.386836" lon="-82.191128">
<ele>294.9</ele>
<time>2026-02-28T19:46:28Z</time>
</trkpt>
<trkpt lat="40.386795" lon="-82.191362">
<ele>291.8</ele>
<time>2026-02-28T19:46:37Z</time>
</trkpt>
<trkpt lat="40.38679" lon="-82.191384">
<ele>291.5</ele>
<time>2026-02-28T19:46:38Z</time>
</trkpt>
<trkpt lat="40.38673" lon="-82.19166">
<ele>290.8</ele>
<time>2026-02-28T19:46:47Z</time>
</trkpt>
<trkpt lat="40.386713" lon="-82.191716">
<ele>289.6</ele>
<time>2026-02-28T19:46:48Z</time>
</trkpt>
<trkpt lat="40.386618" lon="-82.191927">
<ele>287.6</ele>
<time>2026-02-28T19:46:53Z</time>
</trkpt>
<trkpt lat="40.386551" lon="-82.192026">
<ele>289</ele>
<time>2026-02-28T19:46:56Z</time>
</trkpt>
<trkpt lat="40.386522" lon="-82.192047">
<ele>289.4</ele>
<time>2026-02-28T19:46:57Z</time>
</trkpt>
<trkpt lat="40.386494" lon="-82.192068">
<ele>289.6</ele>
<time>2026-02-28T19:46:58Z</time>
</trkpt>
<trkpt lat="40.386449" lon="-82.192101">
<ele>289.2</ele>
<time>2026-02-28T19:47:00Z</time>
</trkpt>
<trkpt lat="40.386394" lon="-82.192211">
<ele>288.4</ele>
<time>2026-02-28T19:47:04Z</time>
</trkpt>
<trkpt lat="40.386334" lon="-82.192275">
<ele>289</ele>
<time>2026-02-28T19:47:07Z</time>
</trkpt>
<trkpt lat="40.386309" lon="-82.192294">
<ele>289.2</ele>
<time>2026-02-28T19:47:08Z</time>
</trkpt>
<trkpt lat="40.386183" lon="-82.192334">
<ele>289.6</ele>
<time>2026-02-28T19:47:13Z</time>
</trkpt>
<trkpt lat="40.386133" lon="-82.192337">
<ele>289.9</ele>
<time>2026-02-28T19:47:15Z</time>
</trkpt>
<trkpt lat="40.386084" lon="-82.192353">
<ele>290.7</ele>
<time>2026-02-28T19:47:17Z</time>
</trkpt>
<trkpt lat="40.386056" lon="-82.192353">
<ele>290.9</ele>
<time>2026-02-28T19:47:18Z</time>
</trkpt>
<trkpt lat="40.385926" lon="-82.192368">
<ele>292.2</ele>
<time>2026-02-28T19:48:32Z</time>
</trkpt>
<trkpt lat="40.385849" lon="-82.192365">
<ele>292.1</ele>
<time>2026-02-28T19:48:36Z</time>
</trkpt>
<trkpt lat="40.385826" lon="-82.192368">
<ele>292.1</ele>
<time>2026-02-28T19:48:37Z</time>
</trkpt>
<trkpt lat="40.385813" lon="-82.192368">
<ele>291.9</ele>
<time>2026-02-28T19:48:38Z</time>
</trkpt>
<trkpt lat="40.385801" lon="-82.192343">
<ele>292.1</ele>
<time>2026-02-28T19:48:56Z</time>
</trkpt>
<trkpt lat="40.385764" lon="-82.192342">
<ele>291.9</ele>
<time>2026-02-28T19:48:58Z</time>
</trkpt>
<trkpt lat="40.385717" lon="-82.192349">
<ele>292.2</ele>
<time>2026-02-28T19:49:00Z</time>
</trkpt>
<trkpt lat="40.385635" lon="-82.192391">
<ele>293</ele>
<time>2026-02-28T19:49:03Z</time>
</trkpt>
<trkpt lat="40.385602" lon="-82.192402">
<ele>293.4</ele>
<time>2026-02-28T19:49:04Z</time>
</trkpt>
<trkpt lat="40.385476" lon="-82.192469">
<ele>293.2</ele>
<time>2026-02-28T19:49:08Z</time>
</trkpt>
<trkpt lat="40.385297" lon="-82.192486">
<ele>291.8</ele>
<time>2026-02-28T19:49:13Z</time>
</trkpt>
<trkpt lat="40.385264" lon="-82.192496">
<ele>290.9</ele>
<time>2026-02-28T19:49:14Z</time>
</trkpt>
<trkpt lat="40.385208" lon="-82.192508">
<ele>291.2</ele>
<time>2026-02-28T19:49:16Z</time>
</trkpt>
<trkpt lat="40.38514" lon="-82.1925">
<ele>291.5</ele>
<time>2026-02-28T19:49:18Z</time>
</trkpt>
<trkpt lat="40.385062" lon="-82.192505">
<ele>291.5</ele>
<time>2026-02-28T19:49:21Z</time>
</trkpt>
<trkpt lat="40.385031" lon="-82.192549">
<ele>292.6</ele>
<time>2026-02-28T19:49:25Z</time>
</trkpt>
<trkpt lat="40.385015" lon="-82.192573">
<ele>292.6</ele>
<time>2026-02-28T19:49:26Z</time>
</trkpt>
<trkpt lat="40.384948" lon="-82.19262">
<ele>292.1</ele>
<time>2026-02-28T19:50:10Z</time>
</trkpt>
<trkpt lat="40.384828" lon="-82.192746">
<ele>289.2</ele>
<time>2026-02-28T19:52:28Z</time>
</trkpt>
<trkpt lat="40.384792" lon="-82.192773">
<ele>289.6</ele>
<time>2026-02-28T19:52:29Z</time>
</trkpt>
<trkpt lat="40.384512" lon="-82.193">
<ele>291.5</ele>
<time>2026-02-28T19:52:38Z</time>
</trkpt>
<trkpt lat="40.384479" lon="-82.193017">
<ele>291.3</ele>
<time>2026-02-28T19:52:39Z</time>
</trkpt>
<trkpt lat="40.384346" lon="-82.19309">
<ele>289.9</ele>
<time>2026-02-28T19:52:43Z</time>
</trkpt>
<trkpt lat="40.384211" lon="-82.19319">
<ele>288.5</ele>
<time>2026-02-28T19:52:48Z</time>
</trkpt>
<trkpt lat="40.384177" lon="-82.193218">
<ele>288.3</ele>
<time>2026-02-28T19:52:49Z</time>
</trkpt>
<trkpt lat="40.383903" lon="-82.193424">
<ele>287.5</ele>
<time>2026-02-28T19:52:58Z</time>
</trkpt>
<trkpt lat="40.383879" lon="-82.193442">
<ele>287.5</ele>
<time>2026-02-28T19:52:59Z</time>
</trkpt>
<trkpt lat="40.383823" lon="-82.193484">
<ele>286.8</ele>
<time>2026-02-28T19:53:01Z</time>
</trkpt>
<trkpt lat="40.383773" lon="-82.193493">
<ele>289.7</ele>
<time>2026-02-28T19:53:02Z</time>
</trkpt>
<trkpt lat="40.38374" lon="-82.193515">
<ele>290.2</ele>
<time>2026-02-28T19:53:03Z</time>
</trkpt>
<trkpt lat="40.383719" lon="-82.193534">
<ele>290</ele>
<time>2026-02-28T19:53:04Z</time>
</trkpt>
<trkpt lat="40.383699" lon="-82.19357">
<ele>287.4</ele>
<time>2026-02-28T19:53:05Z</time>
</trkpt>
<trkpt lat="40.383616" lon="-82.193639">
<ele>288</ele>
<time>2026-02-28T19:53:08Z</time>
</trkpt>
<trkpt lat="40.383587" lon="-82.193654">
<ele>287.9</ele>
<time>2026-02-28T19:53:09Z</time>
</trkpt>
<trkpt lat="40.383315" lon="-82.193796">
<ele>287.9</ele>
<time>2026-02-28T19:53:18Z</time>
</trkpt>
<trkpt lat="40.383286" lon="-82.193812">
<ele>287.8</ele>
<time>2026-02-28T19:53:19Z</time>
</trkpt>
<trkpt lat="40.38315" lon="-82.193894">
<ele>287.8</ele>
<time>2026-02-28T19:53:23Z</time>
</trkpt>
<trkpt lat="40.383018" lon="-82.193952">
<ele>289.5</ele>
<time>2026-02-28T19:53:28Z</time>
</trkpt>
<trkpt lat="40.382986" lon="-82.193966">
<ele>289.9</ele>
<time>2026-02-28T19:53:29Z</time>
</trkpt>
<trkpt lat="40.38273" lon="-82.194058">
<ele>291.8</ele>
<time>2026-02-28T19:53:38Z</time>
</trkpt>
<trkpt lat="40.382707" lon="-82.194063">
<ele>291.8</ele>
<time>2026-02-28T19:53:39Z</time>
</trkpt>
<trkpt lat="40.382664" lon="-82.194088">
<ele>292.9</ele>
<time>2026-02-28T19:53:41Z</time>
</trkpt>
<trkpt lat="40.382509" lon="-82.194146">
<ele>293.4</ele>
<time>2026-02-28T19:53:48Z</time>
</trkpt>
<trkpt lat="40.382487" lon="-82.194151">
<ele>293.2</ele>
<time>2026-02-28T19:53:49Z</time>
</trkpt>
<trkpt lat="40.382235" lon="-82.194218">
<ele>292.5</ele>
<time>2026-02-28T19:53:58Z</time>
</trkpt>
<trkpt lat="40.38221" lon="-82.194225">
<ele>292.3</ele>
<time>2026-02-28T19:53:59Z</time>
</trkpt>
<trkpt lat="40.382001" lon="-82.194261">
<ele>292.2</ele>
<time>2026-02-28T19:54:08Z</time>
</trkpt>
<trkpt lat="40.381976" lon="-82.194261">
<ele>292.1</ele>
<time>2026-02-28T19:54:09Z</time>
</trkpt>
<trkpt lat="40.381828" lon="-82.194277">
<ele>291</ele>
<time>2026-02-28T19:54:14Z</time>
</trkpt>
<trkpt lat="40.38171" lon="-82.194276">
<ele>290.2</ele>
<time>2026-02-28T19:54:18Z</time>
</trkpt>
<trkpt lat="40.381682" lon="-82.194278">
<ele>289.9</ele>
<time>2026-02-28T19:54:19Z</time>
</trkpt>
<trkpt lat="40.381456" lon="-82.194295">
<ele>289.8</ele>
<time>2026-02-28T19:54:25Z</time>
</trkpt>
<trkpt lat="40.381359" lon="-82.194319">
<ele>290.3</ele>
<time>2026-02-28T19:54:28Z</time>
</trkpt>
<trkpt lat="40.381325" lon="-82.194325">
<ele>290.6</ele>
<time>2026-02-28T19:54:29Z</time>
</trkpt>
<trkpt lat="40.38118" lon="-82.194325">
<ele>291.2</ele>
<time>2026-02-28T19:54:33Z</time>
</trkpt>
<trkpt lat="40.381098" lon="-82.194312">
<ele>292.1</ele>
<time>2026-02-28T19:54:36Z</time>
</trkpt>
<trkpt lat="40.381037" lon="-82.19432">
<ele>291.9</ele>
<time>2026-02-28T19:54:38Z</time>
</trkpt>
<trkpt lat="40.381" lon="-82.194321">
<ele>291.6</ele>
<time>2026-02-28T19:54:39Z</time>
</trkpt>
<trkpt lat="40.380763" lon="-82.194368">
<ele>292.4</ele>
<time>2026-02-28T19:54:48Z</time>
</trkpt>
<trkpt lat="40.380739" lon="-82.194379">
<ele>292.1</ele>
<time>2026-02-28T19:54:49Z</time>
</trkpt>
<trkpt lat="40.380592" lon="-82.194428">
<ele>292.6</ele>
<time>2026-02-28T19:54:54Z</time>
</trkpt>
<trkpt lat="40.380478" lon="-82.194441">
<ele>291.4</ele>
<time>2026-02-28T19:54:58Z</time>
</trkpt>
<trkpt lat="40.380456" lon="-82.194445">
<ele>291.1</ele>
<time>2026-02-28T19:54:59Z</time>
</trkpt>
<trkpt lat="40.380378" lon="-82.194454">
<ele>292</ele>
<time>2026-02-28T19:55:03Z</time>
</trkpt>
<trkpt lat="40.380319" lon="-82.194477">
<ele>292</ele>
<time>2026-02-28T19:55:06Z</time>
</trkpt>
<trkpt lat="40.380275" lon="-82.194481">
<ele>291.4</ele>
<time>2026-02-28T19:55:08Z</time>
</trkpt>
<trkpt lat="40.380254" lon="-82.194483">
<ele>290.8</ele>
<time>2026-02-28T19:55:09Z</time>
</trkpt>
<trkpt lat="40.380059" lon="-82.194502">
<ele>287.8</ele>
<time>2026-02-28T19:55:18Z</time>
</trkpt>
<trkpt lat="40.380035" lon="-82.194502">
<ele>287.7</ele>
<time>2026-02-28T19:55:19Z</time>
</trkpt>
<trkpt lat="40.379828" lon="-82.194509">
<ele>284.4</ele>
<time>2026-02-28T19:55:28Z</time>
</trkpt>
<trkpt lat="40.379804" lon="-82.194509">
<ele>284.2</ele>
<time>2026-02-28T19:55:29Z</time>
</trkpt>
<trkpt lat="40.379598" lon="-82.194509">
<ele>282.7</ele>
<time>2026-02-28T19:55:38Z</time>
</trkpt>
<trkpt lat="40.379569" lon="-82.194508">
<ele>282.4</ele>
<time>2026-02-28T19:55:39Z</time>
</trkpt>
<trkpt lat="40.379457" lon="-82.194523">
<ele>281.6</ele>
<time>2026-02-28T19:55:44Z</time>
</trkpt>
<trkpt lat="40.379331" lon="-82.194526">
<ele>281.6</ele>
<time>2026-02-28T19:55:48Z</time>
</trkpt>
<trkpt lat="40.379304" lon="-82.194527">
<ele>281.6</ele>
<time>2026-02-28T19:55:49Z</time>
</trkpt>
<trkpt lat="40.379178" lon="-82.194526">
<ele>281.9</ele>
<time>2026-02-28T19:55:53Z</time>
</trkpt>
<trkpt lat="40.379077" lon="-82.194544">
<ele>282.1</ele>
<time>2026-02-28T19:55:56Z</time>
</trkpt>
<trkpt lat="40.379007" lon="-82.194546">
<ele>281.8</ele>
<time>2026-02-28T19:55:58Z</time>
</trkpt>
<trkpt lat="40.378973" lon="-82.194547">
<ele>281.6</ele>
<time>2026-02-28T19:55:59Z</time>
</trkpt>
<trkpt lat="40.378776" lon="-82.194542">
<ele>281.3</ele>
<time>2026-02-28T19:56:05Z</time>
</trkpt>
<trkpt lat="40.378673" lon="-82.194557">
<ele>281.8</ele>
<time>2026-02-28T19:56:08Z</time>
</trkpt>
<trkpt lat="40.378635" lon="-82.194563">
<ele>281.6</ele>
<time>2026-02-28T19:56:09Z</time>
</trkpt>
<trkpt lat="40.378511" lon="-82.194576">
<ele>281.5</ele>
<time>2026-02-28T19:56:12Z</time>
</trkpt>
<trkpt lat="40.378347" lon="-82.19461">
<ele>280.3</ele>
<time>2026-02-28T19:56:16Z</time>
</trkpt>
<trkpt lat="40.378272" lon="-82.194605">
<ele>280.2</ele>
<time>2026-02-28T19:56:18Z</time>
</trkpt>
<trkpt lat="40.378235" lon="-82.194603">
<ele>280</ele>
<time>2026-02-28T19:56:19Z</time>
</trkpt>
<trkpt lat="40.378165" lon="-82.194608">
<ele>279.9</ele>
<time>2026-02-28T19:56:21Z</time>
</trkpt>
<trkpt lat="40.378019" lon="-82.194598">
<ele>279.7</ele>
<time>2026-02-28T19:56:25Z</time>
</trkpt>
<trkpt lat="40.377945" lon="-82.194613">
<ele>277.3</ele>
<time>2026-02-28T19:56:29Z</time>
</trkpt>
<trkpt lat="40.377914" lon="-82.194619">
<ele>277.1</ele>
<time>2026-02-28T19:56:30Z</time>
</trkpt>
<trkpt lat="40.377627" lon="-82.194627">
<ele>274.3</ele>
<time>2026-02-28T19:56:39Z</time>
</trkpt>
<trkpt lat="40.377592" lon="-82.194623">
<ele>273.9</ele>
<time>2026-02-28T19:56:40Z</time>
</trkpt>
<trkpt lat="40.377538" lon="-82.194589">
<ele>272.6</ele>
<time>2026-02-28T19:56:42Z</time>
</trkpt>
<trkpt lat="40.37751" lon="-82.194584">
<ele>272.2</ele>
<time>2026-02-28T19:56:43Z</time>
</trkpt>
<trkpt lat="40.377462" lon="-82.194603">
<ele>270.8</ele>
<time>2026-02-28T19:56:46Z</time>
</trkpt>
<trkpt lat="40.377459" lon="-82.194635">
<ele>269.6</ele>
<time>2026-02-28T19:56:59Z</time>
</trkpt>
<trkpt lat="40.377441" lon="-82.194651">
<ele>264.5</ele>
<time>2026-02-28T19:59:14Z</time>
</trkpt>
<trkpt lat="40.377458" lon="-82.194622">
<ele>265.8</ele>
<time>2026-02-28T20:04:25Z</time>
</trkpt>
<trkpt lat="40.377459" lon="-82.194621">
<ele>265.8</ele>
<time>2026-02-28T20:04:26Z</time>
</trkpt>
<trkpt lat="40.377466" lon="-82.194613">
<ele>266.1</ele>
<time>2026-02-28T20:04:46Z</time>
</trkpt>
<trkpt lat="40.377429" lon="-82.194625">
<ele>265.7</ele>
<time>2026-02-28T20:04:47Z</time>
</trkpt>
<trkpt lat="40.377454" lon="-82.194638">
<ele>265.7</ele>
<time>2026-02-28T20:04:56Z</time>
</trkpt>
<trkpt lat="40.377432" lon="-82.19468">
<ele>265.3</ele>
<time>2026-02-28T20:05:09Z</time>
</trkpt>
<trkpt lat="40.377428" lon="-82.194714">
<ele>264.7</ele>
<time>2026-02-28T20:05:10Z</time>
</trkpt>
<trkpt lat="40.377441" lon="-82.194818">
<ele>264.7</ele>
<time>2026-02-28T20:05:12Z</time>
</trkpt>
<trkpt lat="40.377452" lon="-82.194881">
<ele>264.7</ele>
<time>2026-02-28T20:05:13Z</time>
</trkpt>
<trkpt lat="40.377428" lon="-82.194854">
<ele>265.1</ele>
<time>2026-02-28T20:05:14Z</time>
</trkpt>
<trkpt lat="40.377436" lon="-82.194945">
<ele>264.1</ele>
<time>2026-02-28T20:05:15Z</time>
</trkpt>
<trkpt lat="40.377433" lon="-82.195054">
<ele>264.2</ele>
<time>2026-02-28T20:05:16Z</time>
</trkpt>
<trkpt lat="40.377402" lon="-82.195462">
<ele>262.9</ele>
<time>2026-02-28T20:05:19Z</time>
</trkpt>
<trkpt lat="40.377377" lon="-82.195607">
<ele>262.8</ele>
<time>2026-02-28T20:05:20Z</time>
</trkpt>
<trkpt lat="40.377289" lon="-82.195944">
<ele>264.2</ele>
<time>2026-02-28T20:05:22Z</time>
</trkpt>
<trkpt lat="40.377243" lon="-82.196126">
<ele>264.8</ele>
<time>2026-02-28T20:05:23Z</time>
</trkpt>
<trkpt lat="40.377127" lon="-82.196681">
<ele>265.5</ele>
<time>2026-02-28T20:05:26Z</time>
</trkpt>
<trkpt lat="40.377091" lon="-82.197071">
<ele>267.3</ele>
<time>2026-02-28T20:05:28Z</time>
</trkpt>
<trkpt lat="40.377079" lon="-82.197462">
<ele>268.3</ele>
<time>2026-02-28T20:05:30Z</time>
</trkpt>
<trkpt lat="40.377085" lon="-82.197653">
<ele>268.5</ele>
<time>2026-02-28T20:05:31Z</time>
</trkpt>
<trkpt lat="40.377125" lon="-82.198051">
<ele>269.1</ele>
<time>2026-02-28T20:05:33Z</time>
</trkpt>
<trkpt lat="40.377144" lon="-82.198241">
<ele>269.8</ele>
<time>2026-02-28T20:05:34Z</time>
</trkpt>
<trkpt lat="40.37724" lon="-82.199003">
<ele>269.4</ele>
<time>2026-02-28T20:05:38Z</time>
</trkpt>
<trkpt lat="40.377311" lon="-82.199384">
<ele>269.3</ele>
<time>2026-02-28T20:05:40Z</time>
</trkpt>
<trkpt lat="40.37742" lon="-82.199722">
<ele>269.4</ele>
<time>2026-02-28T20:05:42Z</time>
</trkpt>
<trkpt lat="40.377484" lon="-82.199885">
<ele>269</ele>
<time>2026-02-28T20:05:43Z</time>
</trkpt>
<trkpt lat="40.377557" lon="-82.200038">
<ele>268.7</ele>
<time>2026-02-28T20:05:44Z</time>
</trkpt>
<trkpt lat="40.377747" lon="-82.200482">
<ele>269.3</ele>
<time>2026-02-28T20:05:47Z</time>
</trkpt>
<trkpt lat="40.377794" lon="-82.200619">
<ele>268.1</ele>
<time>2026-02-28T20:05:48Z</time>
</trkpt>
<trkpt lat="40.377827" lon="-82.200763">
<ele>267.2</ele>
<time>2026-02-28T20:05:49Z</time>
</trkpt>
<trkpt lat="40.377842" lon="-82.201066">
<ele>267.3</ele>
<time>2026-02-28T20:05:51Z</time>
</trkpt>
<trkpt lat="40.377835" lon="-82.201222">
<ele>266.8</ele>
<time>2026-02-28T20:05:52Z</time>
</trkpt>
<trkpt lat="40.377815" lon="-82.201365">
<ele>267</ele>
<time>2026-02-28T20:05:53Z</time>
</trkpt>
<trkpt lat="40.37778" lon="-82.201524">
<ele>267.5</ele>
<time>2026-02-28T20:05:54Z</time>
</trkpt>
<trkpt lat="40.377509" lon="-82.202648">
<ele>268.2</ele>
<time>2026-02-28T20:06:00Z</time>
</trkpt>
<trkpt lat="40.377396" lon="-82.203293">
<ele>269.1</ele>
<time>2026-02-28T20:06:03Z</time>
</trkpt>
<trkpt lat="40.37736" lon="-82.203513">
<ele>269.5</ele>
<time>2026-02-28T20:06:04Z</time>
</trkpt>
<trkpt lat="40.377258" lon="-82.204152">
<ele>269.9</ele>
<time>2026-02-28T20:06:07Z</time>
</trkpt>
<trkpt lat="40.377208" lon="-82.204576">
<ele>269.7</ele>
<time>2026-02-28T20:06:09Z</time>
</trkpt>
<trkpt lat="40.37719" lon="-82.204971">
<ele>269.4</ele>
<time>2026-02-28T20:06:11Z</time>
</trkpt>
<trkpt lat="40.377196" lon="-82.205167">
<ele>269.4</ele>
<time>2026-02-28T20:06:12Z</time>
</trkpt>
<trkpt lat="40.377218" lon="-82.205352">
<ele>269.3</ele>
<time>2026-02-28T20:06:13Z</time>
</trkpt>
<trkpt lat="40.377268" lon="-82.20554">
<ele>268.6</ele>
<time>2026-02-28T20:06:14Z</time>
</trkpt>
<trkpt lat="40.377331" lon="-82.205718">
<ele>268.1</ele>
<time>2026-02-28T20:06:15Z</time>
</trkpt>
<trkpt lat="40.377509" lon="-82.20607">
<ele>267.3</ele>
<time>2026-02-28T20:06:17Z</time>
</trkpt>
<trkpt lat="40.377982" lon="-82.2067">
<ele>269.7</ele>
<time>2026-02-28T20:06:21Z</time>
</trkpt>
<trkpt lat="40.37811" lon="-82.206838">
<ele>270</ele>
<time>2026-02-28T20:06:22Z</time>
</trkpt>
<trkpt lat="40.378277" lon="-82.20691">
<ele>272.6</ele>
<time>2026-02-28T20:06:23Z</time>
</trkpt>
<trkpt lat="40.378639" lon="-82.207029">
<ele>272.1</ele>
<time>2026-02-28T20:06:25Z</time>
</trkpt>
<trkpt lat="40.378992" lon="-82.207125">
<ele>272.1</ele>
<time>2026-02-28T20:06:27Z</time>
</trkpt>
<trkpt lat="40.379171" lon="-82.207175">
<ele>271.5</ele>
<time>2026-02-28T20:06:28Z</time>
</trkpt>
<trkpt lat="40.379868" lon="-82.207351">
<ele>270</ele>
<time>2026-02-28T20:06:32Z</time>
</trkpt>
<trkpt lat="40.380327" lon="-82.207538">
<ele>269</ele>
<time>2026-02-28T20:06:35Z</time>
</trkpt>
<trkpt lat="40.380462" lon="-82.207619">
<ele>267.9</ele>
<time>2026-02-28T20:06:36Z</time>
</trkpt>
<trkpt lat="40.380578" lon="-82.207721">
<ele>267.9</ele>
<time>2026-02-28T20:06:37Z</time>
</trkpt>
<trkpt lat="40.380668" lon="-82.207857">
<ele>268.6</ele>
<time>2026-02-28T20:06:38Z</time>
</trkpt>
<trkpt lat="40.380739" lon="-82.208022">
<ele>268.7</ele>
<time>2026-02-28T20:06:39Z</time>
</trkpt>
<trkpt lat="40.380814" lon="-82.208195">
<ele>268.9</ele>
<time>2026-02-28T20:06:40Z</time>
</trkpt>
<trkpt lat="40.380997" lon="-82.208499">
<ele>270.9</ele>
<time>2026-02-28T20:06:42Z</time>
</trkpt>
<trkpt lat="40.381526" lon="-82.209273">
<ele>275.7</ele>
<time>2026-02-28T20:06:47Z</time>
</trkpt>
<trkpt lat="40.38237" lon="-82.21034">
<ele>276.1</ele>
<time>2026-02-28T20:06:55Z</time>
</trkpt>
<trkpt lat="40.382437" lon="-82.210503">
<ele>276.6</ele>
<time>2026-02-28T20:06:56Z</time>
</trkpt>
<trkpt lat="40.3829" lon="-82.211786">
<ele>279.1</ele>
<time>2026-02-28T20:07:03Z</time>
</trkpt>
<trkpt lat="40.38296" lon="-82.211965">
<ele>278.9</ele>
<time>2026-02-28T20:07:04Z</time>
</trkpt>
<trkpt lat="40.383104" lon="-82.212381">
<ele>277.3</ele>
<time>2026-02-28T20:07:06Z</time>
</trkpt>
<trkpt lat="40.38331" lon="-82.213022">
<ele>277.6</ele>
<time>2026-02-28T20:07:09Z</time>
</trkpt>
<trkpt lat="40.38342" lon="-82.213453">
<ele>281.2</ele>
<time>2026-02-28T20:07:11Z</time>
</trkpt>
<trkpt lat="40.38351" lon="-82.213865">
<ele>281.7</ele>
<time>2026-02-28T20:07:13Z</time>
</trkpt>
<trkpt lat="40.383544" lon="-82.214105">
<ele>282.4</ele>
<time>2026-02-28T20:07:14Z</time>
</trkpt>
<trkpt lat="40.383624" lon="-82.215039">
<ele>286.8</ele>
<time>2026-02-28T20:07:18Z</time>
</trkpt>
<trkpt lat="40.383677" lon="-82.215783">
<ele>289.5</ele>
<time>2026-02-28T20:07:21Z</time>
</trkpt>
<trkpt lat="40.383699" lon="-82.216268">
<ele>291</ele>
<time>2026-02-28T20:07:23Z</time>
</trkpt>
<trkpt lat="40.383711" lon="-82.216513">
<ele>290.7</ele>
<time>2026-02-28T20:07:24Z</time>
</trkpt>
<trkpt lat="40.383763" lon="-82.217811">
<ele>292.5</ele>
<time>2026-02-28T20:07:29Z</time>
</trkpt>
<trkpt lat="40.383884" lon="-82.21981">
<ele>295.3</ele>
<time>2026-02-28T20:07:37Z</time>
</trkpt>
<trkpt lat="40.383903" lon="-82.220066">
<ele>295.5</ele>
<time>2026-02-28T20:07:38Z</time>
</trkpt>
<trkpt lat="40.383922" lon="-82.221228">
<ele>293.3</ele>
<time>2026-02-28T20:07:43Z</time>
</trkpt>
<trkpt lat="40.383892" lon="-82.222089">
<ele>286.6</ele>
<time>2026-02-28T20:07:47Z</time>
</trkpt>
<trkpt lat="40.383881" lon="-82.22228">
<ele>285.5</ele>
<time>2026-02-28T20:07:48Z</time>
</trkpt>
<trkpt lat="40.383865" lon="-82.222474">
<ele>282.9</ele>
<time>2026-02-28T20:07:49Z</time>
</trkpt>
<trkpt lat="40.383829" lon="-82.222666">
<ele>280.5</ele>
<time>2026-02-28T20:07:50Z</time>
</trkpt>
<trkpt lat="40.383787" lon="-82.222868">
<ele>277.7</ele>
<time>2026-02-28T20:07:51Z</time>
</trkpt>
<trkpt lat="40.383721" lon="-82.223059">
<ele>273.5</ele>
<time>2026-02-28T20:07:52Z</time>
</trkpt>
<trkpt lat="40.383622" lon="-82.223267">
<ele>269</ele>
<time>2026-02-28T20:07:53Z</time>
</trkpt>
<trkpt lat="40.383525" lon="-82.223436">
<ele>266.6</ele>
<time>2026-02-28T20:07:54Z</time>
</trkpt>
<trkpt lat="40.383396" lon="-82.223604">
<ele>265</ele>
<time>2026-02-28T20:07:55Z</time>
</trkpt>
<trkpt lat="40.383122" lon="-82.223914">
<ele>261.5</ele>
<time>2026-02-28T20:07:57Z</time>
</trkpt>
<trkpt lat="40.382998" lon="-82.224079">
<ele>261.7</ele>
<time>2026-02-28T20:07:58Z</time>
</trkpt>
<trkpt lat="40.382856" lon="-82.224245">
<ele>261.3</ele>
<time>2026-02-28T20:07:59Z</time>
</trkpt>
<trkpt lat="40.382739" lon="-82.22442">
<ele>260.3</ele>
<time>2026-02-28T20:08:00Z</time>
</trkpt>
<trkpt lat="40.382553" lon="-82.224765">
<ele>262.1</ele>
<time>2026-02-28T20:08:02Z</time>
</trkpt>
<trkpt lat="40.38234" lon="-82.225247">
<ele>262.7</ele>
<time>2026-02-28T20:08:05Z</time>
</trkpt>
<trkpt lat="40.382256" lon="-82.225552">
<ele>263</ele>
<time>2026-02-28T20:08:07Z</time>
</trkpt>
<trkpt lat="40.382232" lon="-82.225698">
<ele>262.9</ele>
<time>2026-02-28T20:08:08Z</time>
</trkpt>
<trkpt lat="40.382227" lon="-82.225849">
<ele>263.7</ele>
<time>2026-02-28T20:08:09Z</time>
</trkpt>
<trkpt lat="40.38227" lon="-82.226142">
<ele>265.3</ele>
<time>2026-02-28T20:08:11Z</time>
</trkpt>
<trkpt lat="40.38237" lon="-82.226667">
<ele>269.3</ele>
<time>2026-02-28T20:08:14Z</time>
</trkpt>
<trkpt lat="40.382411" lon="-82.22687">
<ele>270.9</ele>
<time>2026-02-28T20:08:15Z</time>
</trkpt>
<trkpt lat="40.382631" lon="-82.227736">
<ele>273.6</ele>
<time>2026-02-28T20:08:19Z</time>
</trkpt>
<trkpt lat="40.382696" lon="-82.227964">
<ele>273.6</ele>
<time>2026-02-28T20:08:20Z</time>
</trkpt>
<trkpt lat="40.382763" lon="-82.228187">
<ele>274.4</ele>
<time>2026-02-28T20:08:21Z</time>
</trkpt>
<trkpt lat="40.383579" lon="-82.230379">
<ele>278.7</ele>
<time>2026-02-28T20:08:31Z</time>
</trkpt>
<trkpt lat="40.383727" lon="-82.230818">
<ele>277.5</ele>
<time>2026-02-28T20:08:33Z</time>
</trkpt>
<trkpt lat="40.384038" lon="-82.231652">
<ele>277.8</ele>
<time>2026-02-28T20:08:37Z</time>
</trkpt>
<trkpt lat="40.384124" lon="-82.231845">
<ele>278.2</ele>
<time>2026-02-28T20:08:38Z</time>
</trkpt>
<trkpt lat="40.384213" lon="-82.232034">
<ele>279.4</ele>
<time>2026-02-28T20:08:39Z</time>
</trkpt>
<trkpt lat="40.384314" lon="-82.232227">
<ele>280.5</ele>
<time>2026-02-28T20:08:40Z</time>
</trkpt>
<trkpt lat="40.384448" lon="-82.232442">
<ele>279.1</ele>
<time>2026-02-28T20:08:41Z</time>
</trkpt>
<trkpt lat="40.384567" lon="-82.232584">
<ele>276.5</ele>
<time>2026-02-28T20:08:42Z</time>
</trkpt>
<trkpt lat="40.384961" lon="-82.233005">
<ele>275.4</ele>
<time>2026-02-28T20:08:45Z</time>
</trkpt>
<trkpt lat="40.385253" lon="-82.233278">
<ele>276</ele>
<time>2026-02-28T20:08:47Z</time>
</trkpt>
<trkpt lat="40.385396" lon="-82.233392">
<ele>276.5</ele>
<time>2026-02-28T20:08:48Z</time>
</trkpt>
<trkpt lat="40.385535" lon="-82.233498">
<ele>277.3</ele>
<time>2026-02-28T20:08:49Z</time>
</trkpt>
<trkpt lat="40.385964" lon="-82.233817">
<ele>278</ele>
<time>2026-02-28T20:08:52Z</time>
</trkpt>
<trkpt lat="40.386268" lon="-82.234028">
<ele>276.3</ele>
<time>2026-02-28T20:08:54Z</time>
</trkpt>
<trkpt lat="40.386399" lon="-82.23414">
<ele>276.7</ele>
<time>2026-02-28T20:08:55Z</time>
</trkpt>
<trkpt lat="40.386501" lon="-82.234245">
<ele>276.3</ele>
<time>2026-02-28T20:08:56Z</time>
</trkpt>
<trkpt lat="40.386575" lon="-82.234378">
<ele>275.4</ele>
<time>2026-02-28T20:08:57Z</time>
</trkpt>
<trkpt lat="40.386612" lon="-82.234505">
<ele>273.2</ele>
<time>2026-02-28T20:08:58Z</time>
</trkpt>
<trkpt lat="40.386624" lon="-82.234646">
<ele>271.2</ele>
<time>2026-02-28T20:08:59Z</time>
</trkpt>
<trkpt lat="40.386627" lon="-82.234797">
<ele>270.3</ele>
<time>2026-02-28T20:09:00Z</time>
</trkpt>
<trkpt lat="40.38661" lon="-82.234984">
<ele>270.3</ele>
<time>2026-02-28T20:09:01Z</time>
</trkpt>
<trkpt lat="40.386225" lon="-82.236708">
<ele>269.6</ele>
<time>2026-02-28T20:09:08Z</time>
</trkpt>
<trkpt lat="40.385825" lon="-82.238261">
<ele>271.5</ele>
<time>2026-02-28T20:09:15Z</time>
</trkpt>
<trkpt lat="40.385787" lon="-82.238474">
<ele>271.8</ele>
<time>2026-02-28T20:09:16Z</time>
</trkpt>
<trkpt lat="40.385749" lon="-82.238679">
<ele>272</ele>
<time>2026-02-28T20:09:17Z</time>
</trkpt>
<trkpt lat="40.385523" lon="-82.24052">
<ele>274.8</ele>
<time>2026-02-28T20:09:25Z</time>
</trkpt>
<trkpt lat="40.385499" lon="-82.240754">
<ele>275.2</ele>
<time>2026-02-28T20:09:26Z</time>
</trkpt>
<trkpt lat="40.385444" lon="-82.24122">
<ele>277.5</ele>
<time>2026-02-28T20:09:28Z</time>
</trkpt>
<trkpt lat="40.385407" lon="-82.241445">
<ele>278.9</ele>
<time>2026-02-28T20:09:29Z</time>
</trkpt>
<trkpt lat="40.385303" lon="-82.241921">
<ele>282.8</ele>
<time>2026-02-28T20:09:31Z</time>
</trkpt>
<trkpt lat="40.385077" lon="-82.242806">
<ele>288.2</ele>
<time>2026-02-28T20:09:35Z</time>
</trkpt>
<trkpt lat="40.385037" lon="-82.243032">
<ele>290.4</ele>
<time>2026-02-28T20:09:36Z</time>
</trkpt>
<trkpt lat="40.384958" lon="-82.243695">
<ele>291.8</ele>
<time>2026-02-28T20:09:39Z</time>
</trkpt>
<trkpt lat="40.384858" lon="-82.244317">
<ele>289</ele>
<time>2026-02-28T20:09:42Z</time>
</trkpt>
<trkpt lat="40.384789" lon="-82.245026">
<ele>290.5</ele>
<time>2026-02-28T20:09:45Z</time>
</trkpt>
<trkpt lat="40.384771" lon="-82.245258">
<ele>292</ele>
<time>2026-02-28T20:09:46Z</time>
</trkpt>
<trkpt lat="40.384733" lon="-82.24574">
<ele>294.3</ele>
<time>2026-02-28T20:09:48Z</time>
</trkpt>
<trkpt lat="40.384723" lon="-82.245986">
<ele>294.3</ele>
<time>2026-02-28T20:09:49Z</time>
</trkpt>
<trkpt lat="40.384728" lon="-82.246263">
<ele>292.8</ele>
<time>2026-02-28T20:09:50Z</time>
</trkpt>
<trkpt lat="40.38483" lon="-82.248049">
<ele>295.8</ele>
<time>2026-02-28T20:09:57Z</time>
</trkpt>
<trkpt lat="40.38485" lon="-82.248532">
<ele>298</ele>
<time>2026-02-28T20:09:59Z</time>
</trkpt>
<trkpt lat="40.38486" lon="-82.248789">
<ele>299.4</ele>
<time>2026-02-28T20:10:00Z</time>
</trkpt>
<trkpt lat="40.384865" lon="-82.249259">
<ele>300.4</ele>
<time>2026-02-28T20:10:02Z</time>
</trkpt>
<trkpt lat="40.384897" lon="-82.250145">
<ele>304.3</ele>
<time>2026-02-28T20:10:06Z</time>
</trkpt>
<trkpt lat="40.384913" lon="-82.250364">
<ele>305.8</ele>
<time>2026-02-28T20:10:07Z</time>
</trkpt>
<trkpt lat="40.384988" lon="-82.250811">
<ele>306.2</ele>
<time>2026-02-28T20:10:09Z</time>
</trkpt>
<trkpt lat="40.385025" lon="-82.251044">
<ele>306.6</ele>
<time>2026-02-28T20:10:10Z</time>
</trkpt>
<trkpt lat="40.385061" lon="-82.251267">
<ele>307.2</ele>
<time>2026-02-28T20:10:11Z</time>
</trkpt>
<trkpt lat="40.385151" lon="-82.251683">
<ele>306.4</ele>
<time>2026-02-28T20:10:13Z</time>
</trkpt>
<trkpt lat="40.385206" lon="-82.251882">
<ele>304.7</ele>
<time>2026-02-28T20:10:14Z</time>
</trkpt>
<trkpt lat="40.38528" lon="-82.252073">
<ele>302.2</ele>
<time>2026-02-28T20:10:15Z</time>
</trkpt>
<trkpt lat="40.385466" lon="-82.25245">
<ele>299</ele>
<time>2026-02-28T20:10:17Z</time>
</trkpt>
<trkpt lat="40.385571" lon="-82.252599">
<ele>299.1</ele>
<time>2026-02-28T20:10:18Z</time>
</trkpt>
<trkpt lat="40.385692" lon="-82.252698">
<ele>300.7</ele>
<time>2026-02-28T20:10:19Z</time>
</trkpt>
<trkpt lat="40.385827" lon="-82.252779">
<ele>301.6</ele>
<time>2026-02-28T20:10:20Z</time>
</trkpt>
<trkpt lat="40.385975" lon="-82.252864">
<ele>302.2</ele>
<time>2026-02-28T20:10:21Z</time>
</trkpt>
<trkpt lat="40.386398" lon="-82.252999">
<ele>306.9</ele>
<time>2026-02-28T20:10:24Z</time>
</trkpt>
<trkpt lat="40.386548" lon="-82.253057">
<ele>307.5</ele>
<time>2026-02-28T20:10:25Z</time>
</trkpt>
<trkpt lat="40.387171" lon="-82.253423">
<ele>307.8</ele>
<time>2026-02-28T20:10:29Z</time>
</trkpt>
<trkpt lat="40.387306" lon="-82.25353">
<ele>307.5</ele>
<time>2026-02-28T20:10:30Z</time>
</trkpt>
<trkpt lat="40.387419" lon="-82.253655">
<ele>307.9</ele>
<time>2026-02-28T20:10:31Z</time>
</trkpt>
<trkpt lat="40.387516" lon="-82.253792">
<ele>308.4</ele>
<time>2026-02-28T20:10:32Z</time>
</trkpt>
<trkpt lat="40.387609" lon="-82.253939">
<ele>308.4</ele>
<time>2026-02-28T20:10:33Z</time>
</trkpt>
<trkpt lat="40.387755" lon="-82.254279">
<ele>307.7</ele>
<time>2026-02-28T20:10:35Z</time>
</trkpt>
<trkpt lat="40.387872" lon="-82.254674">
<ele>307</ele>
<time>2026-02-28T20:10:37Z</time>
</trkpt>
<trkpt lat="40.387999" lon="-82.255256">
<ele>304.2</ele>
<time>2026-02-28T20:10:40Z</time>
</trkpt>
<trkpt lat="40.388029" lon="-82.255448">
<ele>303.2</ele>
<time>2026-02-28T20:10:42Z</time>
</trkpt>
<trkpt lat="40.38805" lon="-82.255635">
<ele>302.3</ele>
<time>2026-02-28T20:10:43Z</time>
</trkpt>
<trkpt lat="40.388133" lon="-82.25662">
<ele>301.2</ele>
<time>2026-02-28T20:10:48Z</time>
</trkpt>
<trkpt lat="40.388242" lon="-82.257199">
<ele>298.9</ele>
<time>2026-02-28T20:10:51Z</time>
</trkpt>
<trkpt lat="40.388299" lon="-82.257387">
<ele>298.8</ele>
<time>2026-02-28T20:10:52Z</time>
</trkpt>
<trkpt lat="40.388355" lon="-82.257579">
<ele>298.5</ele>
<time>2026-02-28T20:10:53Z</time>
</trkpt>
<trkpt lat="40.388609" lon="-82.258417">
<ele>295.1</ele>
<time>2026-02-28T20:10:58Z</time>
</trkpt>
<trkpt lat="40.388772" lon="-82.258869">
<ele>294.2</ele>
<time>2026-02-28T20:11:02Z</time>
</trkpt>
<trkpt lat="40.388799" lon="-82.258936">
<ele>294.4</ele>
<time>2026-02-28T20:11:03Z</time>
</trkpt>
<trkpt lat="40.388844" lon="-82.259083">
<ele>291.6</ele>
<time>2026-02-28T20:11:07Z</time>
</trkpt>
<trkpt lat="40.38885" lon="-82.259185">
<ele>296.8</ele>
<time>2026-02-28T20:11:12Z</time>
</trkpt>
<trkpt lat="40.388885" lon="-82.259324">
<ele>297.3</ele>
<time>2026-02-28T20:11:14Z</time>
</trkpt>
<trkpt lat="40.388915" lon="-82.25942">
<ele>296.6</ele>
<time>2026-02-28T20:11:15Z</time>
</trkpt>
<trkpt lat="40.389056" lon="-82.259784">
<ele>297.3</ele>
<time>2026-02-28T20:11:18Z</time>
</trkpt>
<trkpt lat="40.389246" lon="-82.260218">
<ele>298.1</ele>
<time>2026-02-28T20:11:21Z</time>
</trkpt>
<trkpt lat="40.389445" lon="-82.260734">
<ele>295.7</ele>
<time>2026-02-28T20:11:24Z</time>
</trkpt>
<trkpt lat="40.389511" lon="-82.260919">
<ele>295.4</ele>
<time>2026-02-28T20:11:25Z</time>
</trkpt>
<trkpt lat="40.389901" lon="-82.262055">
<ele>294.5</ele>
<time>2026-02-28T20:11:31Z</time>
</trkpt>
<trkpt lat="40.390088" lon="-82.262655">
<ele>294.6</ele>
<time>2026-02-28T20:11:34Z</time>
</trkpt>
<trkpt lat="40.390152" lon="-82.262858">
<ele>294.3</ele>
<time>2026-02-28T20:11:35Z</time>
</trkpt>
<trkpt lat="40.390556" lon="-82.264118">
<ele>294.6</ele>
<time>2026-02-28T20:11:41Z</time>
</trkpt>
<trkpt lat="40.390742" lon="-82.264746">
<ele>294.6</ele>
<time>2026-02-28T20:11:44Z</time>
</trkpt>
<trkpt lat="40.390802" lon="-82.264952">
<ele>294.1</ele>
<time>2026-02-28T20:11:45Z</time>
</trkpt>
<trkpt lat="40.390958" lon="-82.265541">
<ele>290.1</ele>
<time>2026-02-28T20:11:48Z</time>
</trkpt>
<trkpt lat="40.391135" lon="-82.266388">
<ele>289.1</ele>
<time>2026-02-28T20:11:52Z</time>
</trkpt>
<trkpt lat="40.391189" lon="-82.266614">
<ele>288.2</ele>
<time>2026-02-28T20:11:53Z</time>
</trkpt>
<trkpt lat="40.391252" lon="-82.266821">
<ele>287.1</ele>
<time>2026-02-28T20:11:54Z</time>
</trkpt>
<trkpt lat="40.391316" lon="-82.267021">
<ele>286</ele>
<time>2026-02-28T20:11:55Z</time>
</trkpt>
<trkpt lat="40.391394" lon="-82.267234">
<ele>285.2</ele>
<time>2026-02-28T20:11:56Z</time>
</trkpt>
<trkpt lat="40.391497" lon="-82.267409">
<ele>284.5</ele>
<time>2026-02-28T20:11:57Z</time>
</trkpt>
<trkpt lat="40.39162" lon="-82.267567">
<ele>283.8</ele>
<time>2026-02-28T20:11:58Z</time>
</trkpt>
<trkpt lat="40.391911" lon="-82.267857">
<ele>283.8</ele>
<time>2026-02-28T20:12:00Z</time>
</trkpt>
<trkpt lat="40.392196" lon="-82.268122">
<ele>284.8</ele>
<time>2026-02-28T20:12:02Z</time>
</trkpt>
<trkpt lat="40.39259" lon="-82.268523">
<ele>287.8</ele>
<time>2026-02-28T20:12:05Z</time>
</trkpt>
<trkpt lat="40.392726" lon="-82.268661">
<ele>288.2</ele>
<time>2026-02-28T20:12:06Z</time>
</trkpt>
<trkpt lat="40.393085" lon="-82.269162">
<ele>289.2</ele>
<time>2026-02-28T20:12:09Z</time>
</trkpt>
<trkpt lat="40.393361" lon="-82.269427">
<ele>290.1</ele>
<time>2026-02-28T20:12:11Z</time>
</trkpt>
<trkpt lat="40.393503" lon="-82.269546">
<ele>289.4</ele>
<time>2026-02-28T20:12:12Z</time>
</trkpt>
<trkpt lat="40.393649" lon="-82.26965">
<ele>288.7</ele>
<time>2026-02-28T20:12:13Z</time>
</trkpt>
<trkpt lat="40.393809" lon="-82.269752">
<ele>288.6</ele>
<time>2026-02-28T20:12:14Z</time>
</trkpt>
<trkpt lat="40.393973" lon="-82.269831">
<ele>288.6</ele>
<time>2026-02-28T20:12:15Z</time>
</trkpt>
<trkpt lat="40.39415" lon="-82.26991">
<ele>289</ele>
<time>2026-02-28T20:12:16Z</time>
</trkpt>
<trkpt lat="40.394871" lon="-82.270207">
<ele>290.5</ele>
<time>2026-02-28T20:12:20Z</time>
</trkpt>
<trkpt lat="40.395244" lon="-82.270375">
<ele>293</ele>
<time>2026-02-28T20:12:22Z</time>
</trkpt>
<trkpt lat="40.395419" lon="-82.270475">
<ele>294.3</ele>
<time>2026-02-28T20:12:23Z</time>
</trkpt>
<trkpt lat="40.395579" lon="-82.270593">
<ele>295.3</ele>
<time>2026-02-28T20:12:24Z</time>
</trkpt>
<trkpt lat="40.395725" lon="-82.270742">
<ele>296.2</ele>
<time>2026-02-28T20:12:25Z</time>
</trkpt>
<trkpt lat="40.395858" lon="-82.270901">
<ele>296.3</ele>
<time>2026-02-28T20:12:26Z</time>
</trkpt>
<trkpt lat="40.395995" lon="-82.271061">
<ele>296.2</ele>
<time>2026-02-28T20:12:27Z</time>
</trkpt>
<trkpt lat="40.39627" lon="-82.271408">
<ele>297.1</ele>
<time>2026-02-28T20:12:29Z</time>
</trkpt>
<trkpt lat="40.39653" lon="-82.271793">
<ele>298.6</ele>
<time>2026-02-28T20:12:31Z</time>
</trkpt>
<trkpt lat="40.39701" lon="-82.272576">
<ele>299.5</ele>
<time>2026-02-28T20:12:35Z</time>
</trkpt>
<trkpt lat="40.39711" lon="-82.272791">
<ele>300</ele>
<time>2026-02-28T20:12:36Z</time>
</trkpt>
<trkpt lat="40.397203" lon="-82.273013">
<ele>300.2</ele>
<time>2026-02-28T20:12:37Z</time>
</trkpt>
<trkpt lat="40.397394" lon="-82.273477">
<ele>300.5</ele>
<time>2026-02-28T20:12:39Z</time>
</trkpt>
<trkpt lat="40.397903" lon="-82.274636">
<ele>299.8</ele>
<time>2026-02-28T20:12:44Z</time>
</trkpt>
<trkpt lat="40.398135" lon="-82.275069">
<ele>297</ele>
<time>2026-02-28T20:12:46Z</time>
</trkpt>
<trkpt lat="40.398255" lon="-82.275276">
<ele>295</ele>
<time>2026-02-28T20:12:47Z</time>
</trkpt>
<trkpt lat="40.39838" lon="-82.275476">
<ele>291.9</ele>
<time>2026-02-28T20:12:48Z</time>
</trkpt>
<trkpt lat="40.398854" lon="-82.276309">
<ele>282.8</ele>
<time>2026-02-28T20:12:52Z</time>
</trkpt>
<trkpt lat="40.399383" lon="-82.277395">
<ele>281.9</ele>
<time>2026-02-28T20:12:57Z</time>
</trkpt>
<trkpt lat="40.399478" lon="-82.277599">
<ele>281.8</ele>
<time>2026-02-28T20:12:58Z</time>
</trkpt>
<trkpt lat="40.399761" lon="-82.278184">
<ele>281.9</ele>
<time>2026-02-28T20:13:01Z</time>
</trkpt>
<trkpt lat="40.399959" lon="-82.278566">
<ele>279.7</ele>
<time>2026-02-28T20:13:03Z</time>
</trkpt>
<trkpt lat="40.40038" lon="-82.279338">
<ele>273.3</ele>
<time>2026-02-28T20:13:07Z</time>
</trkpt>
<trkpt lat="40.400487" lon="-82.279539">
<ele>272.9</ele>
<time>2026-02-28T20:13:08Z</time>
</trkpt>
<trkpt lat="40.400716" lon="-82.27995">
<ele>273.1</ele>
<time>2026-02-28T20:13:10Z</time>
</trkpt>
<trkpt lat="40.401469" lon="-82.281243">
<ele>279.7</ele>
<time>2026-02-28T20:13:17Z</time>
</trkpt>
<trkpt lat="40.40157" lon="-82.281447">
<ele>279.8</ele>
<time>2026-02-28T20:13:18Z</time>
</trkpt>
<trkpt lat="40.401665" lon="-82.281648">
<ele>279.5</ele>
<time>2026-02-28T20:13:19Z</time>
</trkpt>
<trkpt lat="40.401745" lon="-82.281851">
<ele>279.3</ele>
<time>2026-02-28T20:13:20Z</time>
</trkpt>
<trkpt lat="40.401809" lon="-82.282072">
<ele>279.5</ele>
<time>2026-02-28T20:13:21Z</time>
</trkpt>
<trkpt lat="40.401997" lon="-82.283125">
<ele>283.1</ele>
<time>2026-02-28T20:13:25Z</time>
</trkpt>
<trkpt lat="40.402079" lon="-82.283678">
<ele>284</ele>
<time>2026-02-28T20:13:27Z</time>
</trkpt>
<trkpt lat="40.402127" lon="-82.28395">
<ele>284.9</ele>
<time>2026-02-28T20:13:28Z</time>
</trkpt>
<trkpt lat="40.402238" lon="-82.284458">
<ele>285.9</ele>
<time>2026-02-28T20:13:30Z</time>
</trkpt>
<trkpt lat="40.402423" lon="-82.285206">
<ele>286</ele>
<time>2026-02-28T20:13:33Z</time>
</trkpt>
<trkpt lat="40.402692" lon="-82.286198">
<ele>285.5</ele>
<time>2026-02-28T20:13:37Z</time>
</trkpt>
<trkpt lat="40.402759" lon="-82.286441">
<ele>285.3</ele>
<time>2026-02-28T20:13:38Z</time>
</trkpt>
<trkpt lat="40.402829" lon="-82.28668">
<ele>285.2</ele>
<time>2026-02-28T20:13:39Z</time>
</trkpt>
<trkpt lat="40.402952" lon="-82.28717">
<ele>284.9</ele>
<time>2026-02-28T20:13:41Z</time>
</trkpt>
<trkpt lat="40.403009" lon="-82.287425">
<ele>284.6</ele>
<time>2026-02-28T20:13:42Z</time>
</trkpt>
<trkpt lat="40.403053" lon="-82.287678">
<ele>284.1</ele>
<time>2026-02-28T20:13:43Z</time>
</trkpt>
<trkpt lat="40.403093" lon="-82.287941">
<ele>284.2</ele>
<time>2026-02-28T20:13:44Z</time>
</trkpt>
<trkpt lat="40.403157" lon="-82.288755">
<ele>285</ele>
<time>2026-02-28T20:13:47Z</time>
</trkpt>
<trkpt lat="40.403174" lon="-82.289047">
<ele>285.7</ele>
<time>2026-02-28T20:13:48Z</time>
</trkpt>
<trkpt lat="40.403159" lon="-82.289578">
<ele>286.7</ele>
<time>2026-02-28T20:13:50Z</time>
</trkpt>
<trkpt lat="40.403124" lon="-82.290153">
<ele>288.1</ele>
<time>2026-02-28T20:13:52Z</time>
</trkpt>
<trkpt lat="40.403061" lon="-82.290418">
<ele>289.2</ele>
<time>2026-02-28T20:13:53Z</time>
</trkpt>
<trkpt lat="40.402916" lon="-82.291202">
<ele>291</ele>
<time>2026-02-28T20:13:56Z</time>
</trkpt>
<trkpt lat="40.402903" lon="-82.291459">
<ele>291</ele>
<time>2026-02-28T20:13:57Z</time>
</trkpt>
<trkpt lat="40.402888" lon="-82.291716">
<ele>290.3</ele>
<time>2026-02-28T20:13:58Z</time>
</trkpt>
<trkpt lat="40.402873" lon="-82.291966">
<ele>289.7</ele>
<time>2026-02-28T20:13:59Z</time>
</trkpt>
<trkpt lat="40.402861" lon="-82.292757">
<ele>287.5</ele>
<time>2026-02-28T20:14:02Z</time>
</trkpt>
<trkpt lat="40.402905" lon="-82.294117">
<ele>287.4</ele>
<time>2026-02-28T20:14:07Z</time>
</trkpt>
<trkpt lat="40.402915" lon="-82.294379">
<ele>287.3</ele>
<time>2026-02-28T20:14:08Z</time>
</trkpt>
<trkpt lat="40.40296" lon="-82.294904">
<ele>287.2</ele>
<time>2026-02-28T20:14:10Z</time>
</trkpt>
<trkpt lat="40.403017" lon="-82.29542">
<ele>286.2</ele>
<time>2026-02-28T20:14:12Z</time>
</trkpt>
<trkpt lat="40.403163" lon="-82.296566">
<ele>281.2</ele>
<time>2026-02-28T20:14:17Z</time>
</trkpt>
<trkpt lat="40.403187" lon="-82.296766">
<ele>280.4</ele>
<time>2026-02-28T20:14:18Z</time>
</trkpt>
<trkpt lat="40.403217" lon="-82.296959">
<ele>279.9</ele>
<time>2026-02-28T20:14:19Z</time>
</trkpt>
<trkpt lat="40.40335" lon="-82.297368">
<ele>275.3</ele>
<time>2026-02-28T20:14:21Z</time>
</trkpt>
<trkpt lat="40.40346" lon="-82.297542">
<ele>273.1</ele>
<time>2026-02-28T20:14:22Z</time>
</trkpt>
<trkpt lat="40.403596" lon="-82.297669">
<ele>270.4</ele>
<time>2026-02-28T20:14:23Z</time>
</trkpt>
<trkpt lat="40.403909" lon="-82.297915">
<ele>269.8</ele>
<time>2026-02-28T20:14:25Z</time>
</trkpt>
<trkpt lat="40.404248" lon="-82.298135">
<ele>270.4</ele>
<time>2026-02-28T20:14:27Z</time>
</trkpt>
<trkpt lat="40.404418" lon="-82.298237">
<ele>270.3</ele>
<time>2026-02-28T20:14:28Z</time>
</trkpt>
<trkpt lat="40.404571" lon="-82.298337">
<ele>272.6</ele>
<time>2026-02-28T20:14:29Z</time>
</trkpt>
<trkpt lat="40.404862" lon="-82.298501">
<ele>276.4</ele>
<time>2026-02-28T20:14:31Z</time>
</trkpt>
<trkpt lat="40.405633" lon="-82.298787">
<ele>277.7</ele>
<time>2026-02-28T20:14:36Z</time>
</trkpt>
<trkpt lat="40.405778" lon="-82.298849">
<ele>277.1</ele>
<time>2026-02-28T20:14:37Z</time>
</trkpt>
<trkpt lat="40.406079" lon="-82.299004">
<ele>275.3</ele>
<time>2026-02-28T20:14:39Z</time>
</trkpt>
<trkpt lat="40.406329" lon="-82.299218">
<ele>275.7</ele>
<time>2026-02-28T20:14:41Z</time>
</trkpt>
<trkpt lat="40.406494" lon="-82.299547">
<ele>275.3</ele>
<time>2026-02-28T20:14:43Z</time>
</trkpt>
<trkpt lat="40.406526" lon="-82.299777">
<ele>274.3</ele>
<time>2026-02-28T20:14:44Z</time>
</trkpt>
<trkpt lat="40.406543" lon="-82.300044">
<ele>274.1</ele>
<time>2026-02-28T20:14:45Z</time>
</trkpt>
<trkpt lat="40.406548" lon="-82.300307">
<ele>273.4</ele>
<time>2026-02-28T20:14:46Z</time>
</trkpt>
<trkpt lat="40.406341" lon="-82.302085">
<ele>276.2</ele>
<time>2026-02-28T20:14:52Z</time>
</trkpt>
<trkpt lat="40.40633" lon="-82.302636">
<ele>277.3</ele>
<time>2026-02-28T20:14:54Z</time>
</trkpt>
<trkpt lat="40.406341" lon="-82.30316">
<ele>279.5</ele>
<time>2026-02-28T20:14:56Z</time>
</trkpt>
<trkpt lat="40.406298" lon="-82.303902">
<ele>277.2</ele>
<time>2026-02-28T20:14:59Z</time>
</trkpt>
<trkpt lat="40.406255" lon="-82.304173">
<ele>276.8</ele>
<time>2026-02-28T20:15:00Z</time>
</trkpt>
<trkpt lat="40.406183" lon="-82.304427">
<ele>276</ele>
<time>2026-02-28T20:15:01Z</time>
</trkpt>
<trkpt lat="40.405907" lon="-82.305149">
<ele>277.5</ele>
<time>2026-02-28T20:15:04Z</time>
</trkpt>
<trkpt lat="40.405752" lon="-82.305651">
<ele>279.9</ele>
<time>2026-02-28T20:15:06Z</time>
</trkpt>
<trkpt lat="40.405692" lon="-82.30589">
<ele>281.3</ele>
<time>2026-02-28T20:15:07Z</time>
</trkpt>
<trkpt lat="40.405649" lon="-82.306119">
<ele>283.1</ele>
<time>2026-02-28T20:15:08Z</time>
</trkpt>
<trkpt lat="40.405637" lon="-82.306557">
<ele>286.4</ele>
<time>2026-02-28T20:15:10Z</time>
</trkpt>
<trkpt lat="40.405649" lon="-82.306795">
<ele>288.7</ele>
<time>2026-02-28T20:15:11Z</time>
</trkpt>
<trkpt lat="40.405727" lon="-82.307302">
<ele>291.5</ele>
<time>2026-02-28T20:15:13Z</time>
</trkpt>
<trkpt lat="40.406457" lon="-82.309638">
<ele>285.3</ele>
<time>2026-02-28T20:15:22Z</time>
</trkpt>
<trkpt lat="40.406455" lon="-82.309917">
<ele>282.6</ele>
<time>2026-02-28T20:15:23Z</time>
</trkpt>
<trkpt lat="40.406424" lon="-82.310185">
<ele>280.9</ele>
<time>2026-02-28T20:15:24Z</time>
</trkpt>
<trkpt lat="40.406333" lon="-82.310739">
<ele>280.4</ele>
<time>2026-02-28T20:15:26Z</time>
</trkpt>
<trkpt lat="40.406276" lon="-82.311241">
<ele>280.5</ele>
<time>2026-02-28T20:15:28Z</time>
</trkpt>
<trkpt lat="40.406265" lon="-82.311492">
<ele>280.1</ele>
<time>2026-02-28T20:15:29Z</time>
</trkpt>
<trkpt lat="40.406241" lon="-82.312006">
<ele>279.8</ele>
<time>2026-02-28T20:15:31Z</time>
</trkpt>
<trkpt lat="40.406314" lon="-82.312499">
<ele>279.8</ele>
<time>2026-02-28T20:15:33Z</time>
</trkpt>
<trkpt lat="40.40636" lon="-82.312739">
<ele>279.7</ele>
<time>2026-02-28T20:15:34Z</time>
</trkpt>
<trkpt lat="40.406457" lon="-82.313236">
<ele>280.2</ele>
<time>2026-02-28T20:15:36Z</time>
</trkpt>
<trkpt lat="40.406584" lon="-82.31378">
<ele>280.4</ele>
<time>2026-02-28T20:15:38Z</time>
</trkpt>
<trkpt lat="40.406639" lon="-82.314045">
<ele>280.8</ele>
<time>2026-02-28T20:15:39Z</time>
</trkpt>
<trkpt lat="40.406903" lon="-82.315353">
<ele>282.1</ele>
<time>2026-02-28T20:15:44Z</time>
</trkpt>
<trkpt lat="40.407001" lon="-82.315894">
<ele>282.7</ele>
<time>2026-02-28T20:15:46Z</time>
</trkpt>
<trkpt lat="40.407055" lon="-82.316437">
<ele>282.1</ele>
<time>2026-02-28T20:15:48Z</time>
</trkpt>
<trkpt lat="40.40707" lon="-82.316722">
<ele>282.2</ele>
<time>2026-02-28T20:15:49Z</time>
</trkpt>
<trkpt lat="40.407076" lon="-82.316989">
<ele>282.5</ele>
<time>2026-02-28T20:15:50Z</time>
</trkpt>
<trkpt lat="40.407061" lon="-82.317282">
<ele>282.5</ele>
<time>2026-02-28T20:15:51Z</time>
</trkpt>
<trkpt lat="40.406862" lon="-82.319422">
<ele>279.3</ele>
<time>2026-02-28T20:15:58Z</time>
</trkpt>
<trkpt lat="40.406828" lon="-82.319718">
<ele>278.7</ele>
<time>2026-02-28T20:15:59Z</time>
</trkpt>
<trkpt lat="40.406613" lon="-82.321711">
<ele>279.2</ele>
<time>2026-02-28T20:16:06Z</time>
</trkpt>
<trkpt lat="40.406548" lon="-82.322209">
<ele>279.6</ele>
<time>2026-02-28T20:16:08Z</time>
</trkpt>
<trkpt lat="40.406523" lon="-82.322433">
<ele>279.8</ele>
<time>2026-02-28T20:16:09Z</time>
</trkpt>
<trkpt lat="40.406504" lon="-82.322646">
<ele>280.1</ele>
<time>2026-02-28T20:16:10Z</time>
</trkpt>
<trkpt lat="40.406486" lon="-82.323038">
<ele>280.1</ele>
<time>2026-02-28T20:16:12Z</time>
</trkpt>
<trkpt lat="40.406526" lon="-82.323582">
<ele>280.5</ele>
<time>2026-02-28T20:16:15Z</time>
</trkpt>
<trkpt lat="40.406619" lon="-82.32417">
<ele>280.9</ele>
<time>2026-02-28T20:16:18Z</time>
</trkpt>
<trkpt lat="40.406658" lon="-82.324361">
<ele>281.3</ele>
<time>2026-02-28T20:16:19Z</time>
</trkpt>
<trkpt lat="40.406751" lon="-82.324726">
<ele>282.2</ele>
<time>2026-02-28T20:16:21Z</time>
</trkpt>
<trkpt lat="40.406822" lon="-82.324887">
<ele>282.9</ele>
<time>2026-02-28T20:16:22Z</time>
</trkpt>
<trkpt lat="40.407048" lon="-82.325374">
<ele>284.3</ele>
<time>2026-02-28T20:16:25Z</time>
</trkpt>
<trkpt lat="40.407298" lon="-82.325784">
<ele>285.4</ele>
<time>2026-02-28T20:16:28Z</time>
</trkpt>
<trkpt lat="40.40738" lon="-82.32591">
<ele>285.8</ele>
<time>2026-02-28T20:16:29Z</time>
</trkpt>
<trkpt lat="40.407793" lon="-82.326482">
<ele>288</ele>
<time>2026-02-28T20:16:35Z</time>
</trkpt>
<trkpt lat="40.407895" lon="-82.326711">
<ele>288.6</ele>
<time>2026-02-28T20:16:37Z</time>
</trkpt>
<trkpt lat="40.407938" lon="-82.326833">
<ele>288.2</ele>
<time>2026-02-28T20:16:38Z</time>
</trkpt>
<trkpt lat="40.407974" lon="-82.326951">
<ele>287.8</ele>
<time>2026-02-28T20:16:39Z</time>
</trkpt>
<trkpt lat="40.408061" lon="-82.327337">
<ele>286.8</ele>
<time>2026-02-28T20:16:42Z</time>
</trkpt>
<trkpt lat="40.408216" lon="-82.32815">
<ele>287.5</ele>
<time>2026-02-28T20:16:48Z</time>
</trkpt>
<trkpt lat="40.40824" lon="-82.328289">
<ele>287.4</ele>
<time>2026-02-28T20:16:49Z</time>
</trkpt>
<trkpt lat="40.408293" lon="-82.328579">
<ele>288</ele>
<time>2026-02-28T20:16:51Z</time>
</trkpt>
<trkpt lat="40.40836" lon="-82.329052">
<ele>288.1</ele>
<time>2026-02-28T20:16:54Z</time>
</trkpt>
<trkpt lat="40.408414" lon="-82.329711">
<ele>287.6</ele>
<time>2026-02-28T20:16:58Z</time>
</trkpt>
<trkpt lat="40.408425" lon="-82.329874">
<ele>287.4</ele>
<time>2026-02-28T20:16:59Z</time>
</trkpt>
<trkpt lat="40.408545" lon="-82.331379">
<ele>288.2</ele>
<time>2026-02-28T20:17:08Z</time>
</trkpt>
<trkpt lat="40.408559" lon="-82.331555">
<ele>288.3</ele>
<time>2026-02-28T20:17:09Z</time>
</trkpt>
<trkpt lat="40.408658" lon="-82.333214">
<ele>293.9</ele>
<time>2026-02-28T20:17:18Z</time>
</trkpt>
<trkpt lat="40.40867" lon="-82.333407">
<ele>294.9</ele>
<time>2026-02-28T20:17:19Z</time>
</trkpt>
<trkpt lat="40.408798" lon="-82.335259">
<ele>305.8</ele>
<time>2026-02-28T20:17:28Z</time>
</trkpt>
<trkpt lat="40.408814" lon="-82.33547">
<ele>306.9</ele>
<time>2026-02-28T20:17:29Z</time>
</trkpt>
<trkpt lat="40.408978" lon="-82.33752">
<ele>310.9</ele>
<time>2026-02-28T20:17:38Z</time>
</trkpt>
<trkpt lat="40.408998" lon="-82.337766">
<ele>311.6</ele>
<time>2026-02-28T20:17:39Z</time>
</trkpt>
<trkpt lat="40.409076" lon="-82.338772">
<ele>316.3</ele>
<time>2026-02-28T20:17:43Z</time>
</trkpt>
<trkpt lat="40.409153" lon="-82.339986">
<ele>320.4</ele>
<time>2026-02-28T20:17:48Z</time>
</trkpt>
<trkpt lat="40.409163" lon="-82.340216">
<ele>320.2</ele>
<time>2026-02-28T20:17:49Z</time>
</trkpt>
<trkpt lat="40.409112" lon="-82.340933">
<ele>319.8</ele>
<time>2026-02-28T20:17:52Z</time>
</trkpt>
<trkpt lat="40.40902" lon="-82.341681">
<ele>314.5</ele>
<time>2026-02-28T20:17:55Z</time>
</trkpt>
<trkpt lat="40.408999" lon="-82.341946">
<ele>312.3</ele>
<time>2026-02-28T20:17:56Z</time>
</trkpt>
<trkpt lat="40.408936" lon="-82.342488">
<ele>308.9</ele>
<time>2026-02-28T20:17:58Z</time>
</trkpt>
<trkpt lat="40.40891" lon="-82.342763">
<ele>307</ele>
<time>2026-02-28T20:17:59Z</time>
</trkpt>
<trkpt lat="40.408746" lon="-82.344139">
<ele>301.6</ele>
<time>2026-02-28T20:18:04Z</time>
</trkpt>
<trkpt lat="40.408676" lon="-82.345191">
<ele>302.5</ele>
<time>2026-02-28T20:18:08Z</time>
</trkpt>
<trkpt lat="40.408661" lon="-82.345454">
<ele>303.5</ele>
<time>2026-02-28T20:18:09Z</time>
</trkpt>
<trkpt lat="40.408655" lon="-82.345959">
<ele>305.1</ele>
<time>2026-02-28T20:18:11Z</time>
</trkpt>
<trkpt lat="40.408666" lon="-82.346205">
<ele>305.8</ele>
<time>2026-02-28T20:18:12Z</time>
</trkpt>
<trkpt lat="40.408666" lon="-82.346883">
<ele>307.3</ele>
<time>2026-02-28T20:18:15Z</time>
</trkpt>
<trkpt lat="40.408671" lon="-82.347078">
<ele>307.2</ele>
<time>2026-02-28T20:18:16Z</time>
</trkpt>
<trkpt lat="40.408689" lon="-82.347271">
<ele>307.3</ele>
<time>2026-02-28T20:18:17Z</time>
</trkpt>
<trkpt lat="40.408691" lon="-82.347457">
<ele>307.9</ele>
<time>2026-02-28T20:18:18Z</time>
</trkpt>
<trkpt lat="40.408692" lon="-82.347642">
<ele>308.3</ele>
<time>2026-02-28T20:18:19Z</time>
</trkpt>
<trkpt lat="40.408683" lon="-82.347817">
<ele>308.2</ele>
<time>2026-02-28T20:18:20Z</time>
</trkpt>
<trkpt lat="40.408701" lon="-82.348057">
<ele>309.5</ele>
<time>2026-02-28T20:18:22Z</time>
</trkpt>
<trkpt lat="40.408717" lon="-82.348769">
<ele>310</ele>
<time>2026-02-28T20:18:29Z</time>
</trkpt>
<trkpt lat="40.408716" lon="-82.348884">
<ele>310.1</ele>
<time>2026-02-28T20:18:30Z</time>
</trkpt>
<trkpt lat="40.408714" lon="-82.349268">
<ele>309.2</ele>
<time>2026-02-28T20:18:33Z</time>
</trkpt>
<trkpt lat="40.408728" lon="-82.350096">
<ele>309.3</ele>
<time>2026-02-28T20:18:39Z</time>
</trkpt>
<trkpt lat="40.408721" lon="-82.350226">
<ele>308.6</ele>
<time>2026-02-28T20:18:40Z</time>
</trkpt>
<trkpt lat="40.408735" lon="-82.350603">
<ele>308.6</ele>
<time>2026-02-28T20:18:43Z</time>
</trkpt>
<trkpt lat="40.408729" lon="-82.350858">
<ele>309.1</ele>
<time>2026-02-28T20:18:45Z</time>
</trkpt>
<trkpt lat="40.408737" lon="-82.351321">
<ele>308.8</ele>
<time>2026-02-28T20:18:49Z</time>
</trkpt>
<trkpt lat="40.408737" lon="-82.351445">
<ele>309</ele>
<time>2026-02-28T20:18:50Z</time>
</trkpt>
<trkpt lat="40.408748" lon="-82.35192">
<ele>308.8</ele>
<time>2026-02-28T20:18:54Z</time>
</trkpt>
<trkpt lat="40.408777" lon="-82.352539">
<ele>311.3</ele>
<time>2026-02-28T20:18:59Z</time>
</trkpt>
<trkpt lat="40.408782" lon="-82.352676">
<ele>311.5</ele>
<time>2026-02-28T20:19:00Z</time>
</trkpt>
<trkpt lat="40.408823" lon="-82.354068">
<ele>316.1</ele>
<time>2026-02-28T20:19:09Z</time>
</trkpt>
<trkpt lat="40.408827" lon="-82.354237">
<ele>316.8</ele>
<time>2026-02-28T20:19:10Z</time>
</trkpt>
<trkpt lat="40.408826" lon="-82.354903">
<ele>318.4</ele>
<time>2026-02-28T20:19:14Z</time>
</trkpt>
<trkpt lat="40.408792" lon="-82.355652">
<ele>318.9</ele>
<time>2026-02-28T20:19:19Z</time>
</trkpt>
<trkpt lat="40.408783" lon="-82.355802">
<ele>319.3</ele>
<time>2026-02-28T20:19:20Z</time>
</trkpt>
<trkpt lat="40.408703" lon="-82.357001">
<ele>322.1</ele>
<time>2026-02-28T20:19:29Z</time>
</trkpt>
<trkpt lat="40.408694" lon="-82.357131">
<ele>323.1</ele>
<time>2026-02-28T20:19:30Z</time>
</trkpt>
<trkpt lat="40.408624" lon="-82.358234">
<ele>325.5</ele>
<time>2026-02-28T20:19:39Z</time>
</trkpt>
<trkpt lat="40.408618" lon="-82.358368">
<ele>325.9</ele>
<time>2026-02-28T20:19:40Z</time>
</trkpt>
<trkpt lat="40.408546" lon="-82.359617">
<ele>328</ele>
<time>2026-02-28T20:19:49Z</time>
</trkpt>
<trkpt lat="40.408534" lon="-82.359743">
<ele>327.8</ele>
<time>2026-02-28T20:19:50Z</time>
</trkpt>
<trkpt lat="40.408455" lon="-82.360853">
<ele>327.3</ele>
<time>2026-02-28T20:19:59Z</time>
</trkpt>
<trkpt lat="40.408449" lon="-82.360999">
<ele>327.6</ele>
<time>2026-02-28T20:20:00Z</time>
</trkpt>
<trkpt lat="40.408426" lon="-82.361697">
<ele>327.9</ele>
<time>2026-02-28T20:20:05Z</time>
</trkpt>
<trkpt lat="40.408435" lon="-82.362112">
<ele>326</ele>
<time>2026-02-28T20:20:08Z</time>
</trkpt>
<trkpt lat="40.408447" lon="-82.362262">
<ele>325</ele>
<time>2026-02-28T20:20:09Z</time>
</trkpt>
<trkpt lat="40.408461" lon="-82.362425">
<ele>323.7</ele>
<time>2026-02-28T20:20:10Z</time>
</trkpt>
<trkpt lat="40.408517" lon="-82.363394">
<ele>317.5</ele>
<time>2026-02-28T20:20:16Z</time>
</trkpt>
<trkpt lat="40.408533" lon="-82.363558">
<ele>315.6</ele>
<time>2026-02-28T20:20:17Z</time>
</trkpt>
<trkpt lat="40.408596" lon="-82.363901">
<ele>314.3</ele>
<time>2026-02-28T20:20:19Z</time>
</trkpt>
<trkpt lat="40.408633" lon="-82.364058">
<ele>313.8</ele>
<time>2026-02-28T20:20:20Z</time>
</trkpt>
<trkpt lat="40.408843" lon="-82.36489">
<ele>308</ele>
<time>2026-02-28T20:20:26Z</time>
</trkpt>
<trkpt lat="40.40895" lon="-82.365271">
<ele>308</ele>
<time>2026-02-28T20:20:29Z</time>
</trkpt>
<trkpt lat="40.408976" lon="-82.365376">
<ele>307.6</ele>
<time>2026-02-28T20:20:30Z</time>
</trkpt>
<trkpt lat="40.409215" lon="-82.366263">
<ele>307.8</ele>
<time>2026-02-28T20:20:39Z</time>
</trkpt>
<trkpt lat="40.409244" lon="-82.366373">
<ele>308.1</ele>
<time>2026-02-28T20:20:40Z</time>
</trkpt>
<trkpt lat="40.409406" lon="-82.367013">
<ele>306.8</ele>
<time>2026-02-28T20:20:46Z</time>
</trkpt>
</trkseg>
</trk>
</gpx>
